asin,image_type,image_index,image_url
B0CTK9768L,high_resolution,0,https://m.media-amazon.com/images/I/61vmzvUauCL._AC_SL1500_.jpg
B0CTK9768L,high_resolution,1,https://m.media-amazon.com/images/I/61VLoocUNML._AC_SL1500_.jpg
B0CTK9768L,high_resolution,2,https://m.media-amazon.com/images/I/71V+n109MeL._AC_SL1500_.jpg
B0CTK9768L,high_resolution,3,https://m.media-amazon.com/images/I/71awqNIJgZL._AC_SL1500_.jpg
B0CTK9768L,high_resolution,4,https://m.media-amazon.com/images/I/61MhzSB6gPL._AC_SL1500_.jpg
B0CTK9768L,high_resolution,5,https://m.media-amazon.com/images/I/71kRZRTQ8kL._AC_SL1500_.jpg
B0CTK9768L,high_resolution,6,https://m.media-amazon.com/images/I/816Zmu8iNpL._AC_SL1500_.jpg
B0CTK9768L,high_resolution,7,https://m.media-amazon.com/images/I/61IgS2BUFyL._AC_SL1500_.jpg
B0CTK9768L,a_plus,0,"https://m.media-amazon.com/images/S/aplus-media-library-service-media/f7c93ac2-9fc1-4637-92c2-240e300c826e.__CR0,0,1464,600_PT0_SX1464_V1___.jpg"
B0CTK9768L,a_plus,1,"https://m.media-amazon.com/images/S/aplus-media-library-service-media/ac73e552-3423-45a2-ba66-5d621f5fa18d.__CR0,0,1464,600_PT0_SX1464_V1___.jpg"
B0CTK9768L,a_plus,2,"https://m.media-amazon.com/images/S/aplus-media-library-service-media/d2ab5830-7801-4b40-9208-5ba30940980a.__CR0,0,1464,600_PT0_SX1464_V1___.jpg"
B0CTK9768L,a_plus,3,"https://m.media-amazon.com/images/S/aplus-media-library-service-media/125bc05a-73d7-46bb-88ff-94d52d635e26.__CR0,0,800,600_PT0_SX800_V1___.jpg"
B0CTK9768L,a_plus,4,"https://m.media-amazon.com/images/S/aplus-media-library-service-media/342008da-3c6a-42ef-beaa-656fdc08ec8a.__CR0,0,1464,600_PT0_SX1464_V1___.jpg"
B0CTK9768L,a_plus,5,"https://m.media-amazon.com/images/S/aplus-media-library-service-media/d8c8a283-aa96-46da-ab7f-c60530fc311f.__CR0,0,1464,600_PT0_SX1464_V1___.jpg"
B0CTK9768L,a_plus,6,"https://m.media-amazon.com/images/S/aplus-media-library-service-media/baa7a4d6-f330-47c7-bac5-f7c8f661aeab.__CR0,0,1464,600_PT0_SX1464_V1___.jpg"
B0CTK9768L,a_plus,7,"https://m.media-amazon.com/images/S/aplus-media-library-service-media/15f51505-e757-417d-87fa-05c0bb9012f7.__CR0,0,1464,600_PT0_SX1464_V1___.jpg"
B0CTK9768L,a_plus,8,"https://m.media-amazon.com/images/S/aplus-media-library-service-media/7beffca3-cda5-456b-b1e1-138ac5355e6e.__CR0,0,1464,600_PT0_SX1464_V1___.jpg"
B0CTK9768L,a_plus,9,"https://m.media-amazon.com/images/S/aplus-media-library-service-media/b2448281-3aad-4a18-8339-1f21e4ccafb1.__CR242,0,1115,1600_PT0_SX488_V1___.jpg"
B0CTK9768L,a_plus,10,"https://m.media-amazon.com/images/S/aplus-media-library-service-media/409a49de-8374-444a-8cd8-8fb798fb7a8d.__CR0,0,488,700_PT0_SX488_V1___.jpg"
B0CTK9768L,a_plus,11,"https://m.media-amazon.com/images/S/aplus-media-library-service-media/21ca25ea-4ea6-4ae7-803f-ae6928f1cc16.__CR0,0,488,700_PT0_SX488_V1___.jpg"
B0CTK9768L,a_plus,12,"https://m.media-amazon.com/images/S/aplus-media-library-service-media/f7c93ac2-9fc1-4637-92c2-240e300c826e.__CR0,0,1464,600_PT0_SX1464_V1___.jpg"
B0CTK9768L,a_plus,13,"https://m.media-amazon.com/images/S/aplus-media-library-service-media/ac73e552-3423-45a2-ba66-5d621f5fa18d.__CR0,0,1464,600_PT0_SX1464_V1___.jpg"
B0CTK9768L,a_plus,14,"https://m.media-amazon.com/images/S/aplus-media-library-service-media/d2ab5830-7801-4b40-9208-5ba30940980a.__CR0,0,1464,600_PT0_SX1464_V1___.jpg"
B0CTK9768L,a_plus,15,"https://m.media-amazon.com/images/S/aplus-media-library-service-media/125bc05a-73d7-46bb-88ff-94d52d635e26.__CR0,0,800,600_PT0_SX800_V1___.jpg"
B0CTK9768L,a_plus,16,"https://m.media-amazon.com/images/S/aplus-media-library-service-media/342008da-3c6a-42ef-beaa-656fdc08ec8a.__CR0,0,1464,600_PT0_SX1464_V1___.jpg"
B0CTK9768L,a_plus,17,"https://m.media-amazon.com/images/S/aplus-media-library-service-media/d8c8a283-aa96-46da-ab7f-c60530fc311f.__CR0,0,1464,600_PT0_SX1464_V1___.jpg"
B0CTK9768L,a_plus,18,"https://m.media-amazon.com/images/S/aplus-media-library-service-media/baa7a4d6-f330-47c7-bac5-f7c8f661aeab.__CR0,0,1464,600_PT0_SX1464_V1___.jpg"
B0CTK9768L,a_plus,19,"https://m.media-amazon.com/images/S/aplus-media-library-service-media/15f51505-e757-417d-87fa-05c0bb9012f7.__CR0,0,1464,600_PT0_SX1464_V1___.jpg"
B0CTK9768L,a_plus,20,"https://m.media-amazon.com/images/S/aplus-media-library-service-media/7beffca3-cda5-456b-b1e1-138ac5355e6e.__CR0,0,1464,600_PT0_SX1464_V1___.jpg"
B0DM1FW59V,high_resolution,0,https://m.media-amazon.com/images/I/81LyrtUf8zL._AC_SL1500_.jpg
B0DM1FW59V,high_resolution,1,https://m.media-amazon.com/images/I/81fxJuuOGML._AC_SL1500_.jpg
B0DM1FW59V,high_resolution,2,https://m.media-amazon.com/images/I/71yQr6e18zL._AC_SL1500_.jpg
B0DM1FW59V,high_resolution,3,https://m.media-amazon.com/images/I/91iA1uLiHgL._AC_SL1500_.jpg
B0DM1FW59V,high_resolution,4,https://m.media-amazon.com/images/I/91xgTt408+L._AC_SL1500_.jpg
B0DM1FW59V,high_resolution,5,https://m.media-amazon.com/images/I/81Epos1VX8L._AC_SL1500_.jpg
B0DM1FW59V,high_resolution,6,https://m.media-amazon.com/images/I/91ODssKXp3L._AC_SL1500_.jpg
B0DM1FW59V,high_resolution,7,https://m.media-amazon.com/images/I/71-4N3SR8cL._AC_SL1500_.jpg
B0DM1FW59V,high_resolution,8,https://m.media-amazon.com/images/I/61Pj4bkJ2uL._AC_SL1500_.jpg
B0DM1FW59V,a_plus,0,"https://m.media-amazon.com/images/S/aplus-media-library-service-media/6485e30d-e8c0-4a49-a521-99d4d895542a.__CR0,0,3000,1230_PT0_SX1464_V1___.jpg"
B0DM1FW59V,a_plus,1,"https://m.media-amazon.com/images/S/aplus-media-library-service-media/70c39eae-2350-4203-b002-a4cd76c2bd7b.__CR0,0,3000,1230_PT0_SX1464_V1___.jpg"
B0DM1FW59V,a_plus,2,"https://m.media-amazon.com/images/S/aplus-media-library-service-media/11d7511f-986c-46b1-8389-9929418cbe6a.__CR0,0,3000,1230_PT0_SX1464_V1___.jpg"
B0DM1FW59V,a_plus,3,"https://m.media-amazon.com/images/S/aplus-media-library-service-media/968cd528-d3d3-4257-8f24-9d1f33ad1578.__CR0,0,3000,1230_PT0_SX1464_V1___.jpg"
B0DM1FW59V,a_plus,4,"https://m.media-amazon.com/images/S/aplus-media-library-service-media/ab68b567-5034-41a4-b1da-0000d2d15360.__CR0,0,3000,1230_PT0_SX1464_V1___.jpg"
B0DM1FW59V,a_plus,5,"https://m.media-amazon.com/images/S/aplus-media-library-service-media/6485e30d-e8c0-4a49-a521-99d4d895542a.__CR0,0,3000,1230_PT0_SX1464_V1___.jpg"
B0DM1FW59V,a_plus,6,"https://m.media-amazon.com/images/S/aplus-media-library-service-media/70c39eae-2350-4203-b002-a4cd76c2bd7b.__CR0,0,3000,1230_PT0_SX1464_V1___.jpg"
B0DM1FW59V,a_plus,7,"https://m.media-amazon.com/images/S/aplus-media-library-service-media/11d7511f-986c-46b1-8389-9929418cbe6a.__CR0,0,3000,1230_PT0_SX1464_V1___.jpg"
B0DM1FW59V,a_plus,8,"https://m.media-amazon.com/images/S/aplus-media-library-service-media/968cd528-d3d3-4257-8f24-9d1f33ad1578.__CR0,0,3000,1230_PT0_SX1464_V1___.jpg"
B0DM1FW59V,a_plus,9,"https://m.media-amazon.com/images/S/aplus-media-library-service-media/ab68b567-5034-41a4-b1da-0000d2d15360.__CR0,0,3000,1230_PT0_SX1464_V1___.jpg"
B01KO2I7XU,high_resolution,0,https://m.media-amazon.com/images/I/51Ba9yPCtnL._AC_SL1254_.jpg
B01KO2I7XU,high_resolution,1,https://m.media-amazon.com/images/I/712TWc9aiJL._AC_SL1500_.jpg
B01KO2I7XU,high_resolution,2,https://m.media-amazon.com/images/I/51nxw2BPbuL._AC_SL1254_.jpg
B01KO2I7XU,high_resolution,3,https://m.media-amazon.com/images/I/71k5g3rQK7L._AC_SL1254_.jpg
B01KO2I7XU,high_resolution,4,https://m.media-amazon.com/images/I/71P3prYfYQL._AC_SL1254_.jpg
B01KO2I7XU,high_resolution,5,https://m.media-amazon.com/images/I/61a77u1JkkL._AC_SL1254_.jpg
B01KO2I7XU,high_resolution,6,https://m.media-amazon.com/images/I/61xZSv5036L._AC_SL1254_.jpg
B01KO2I7XU,high_resolution,7,https://m.media-amazon.com/images/I/41mTQy7EMBL._AC_SL1500_.jpg
B01KO2I7XU,high_resolution,8,https://m.media-amazon.com/images/I/513hKbRuurL._AC_SL1500_.jpg
B01KO2I7XU,a_plus,0,"https://m.media-amazon.com/images/S/aplus-media-library-service-media/b10bec89-93d1-4957-800a-7aea8f994f0a.__CR0,0,1464,600_PT0_SX1464_V1___.jpg"
B01KO2I7XU,a_plus,1,"https://m.media-amazon.com/images/S/aplus-media-library-service-media/7e782a5c-4f23-4840-b714-5aaf34501b01.__CR89,0,1422,1600_PT0_SX200_V1___.jpg"
B01KO2I7XU,a_plus,2,"https://m.media-amazon.com/images/S/aplus-media-library-service-media/6a25cec5-17ef-4021-8bec-2702187b0f7f.__CR0,0,400,450_PT0_SX200_V1___.png"
B01KO2I7XU,a_plus,3,"https://m.media-amazon.com/images/S/aplus-media-library-service-media/504a6722-9bf7-40a7-9df3-9fc43a7021de.__CR88,0,1424,1602_PT0_SX200_V1___.png"
B01KO2I7XU,a_plus,4,"https://m.media-amazon.com/images/S/aplus-media-library-service-media/f146cf11-7ca5-4f3d-88f1-000c4828a2d8.__CR0,0,400,450_PT0_SX200_V1___.png"
B01KO2I7XU,a_plus,5,"https://m.media-amazon.com/images/S/aplus-media-library-service-media/886507c9-e3ee-45f8-9df9-67e8d7298c15.__CR89,0,1422,1600_PT0_SX200_V1___.jpg"
B01KO2I7XU,a_plus,6,"https://m.media-amazon.com/images/S/aplus-media-library-service-media/785e9428-fae4-4a67-97d8-17f794b2fd84.__CR83,0,1333,1500_PT0_SX200_V1___.png"
B01KO2I7XU,a_plus,7,"https://m.media-amazon.com/images/S/aplus-media-library-service-media/3cc1aa16-f68e-4c77-9579-c4127c9a9028.__CR89,0,1422,1600_PT0_SX200_V1___.jpg"
B01KO2I7XU,a_plus,8,"https://m.media-amazon.com/images/S/aplus-media-library-service-media/47b2f3dc-078f-48ce-ad4d-b73135a6e1bc.__CR0,644,1600,656_PT0_SX1464_V1___.jpg"
B01KO2I7XU,a_plus,9,"https://m.media-amazon.com/images/S/aplus-media-library-service-media/67bc7200-72c4-481a-9b78-909b94b9ca6a.__CR0,570,1600,656_PT0_SX1464_V1___.jpg"
B01KO2I7XU,a_plus,10,"https://m.media-amazon.com/images/S/aplus-media-library-service-media/94ef8d61-4210-494b-9848-a273bc82bffd.__CR0,211,1600,1200_PT0_SX300_V1___.jpg"
B01KO2I7XU,a_plus,11,"https://m.media-amazon.com/images/S/aplus-media-library-service-media/6ca54450-112e-4a54-91c9-8b7477e331c1.__CR0,238,1600,1200_PT0_SX300_V1___.jpg"
B01KO2I7XU,a_plus,12,"https://m.media-amazon.com/images/S/aplus-media-library-service-media/97219d8e-27c3-4e6f-98c7-1e3fd029cf8f.__CR0,260,1600,1200_PT0_SX300_V1___.jpg"
B01KO2I7XU,a_plus,13,"https://m.media-amazon.com/images/S/aplus-media-library-service-media/79e92272-fa90-4a40-91ec-b537d07587e9.__CR0,238,1600,1200_PT0_SX300_V1___.jpg"
B01KO2I7XU,a_plus,14,"https://m.media-amazon.com/images/S/aplus-media-library-service-media/c2bbe6c0-e0fe-4ba2-b49d-561fabccbe6e.__CR0,293,1920,787_PT0_SX1464_V1___.jpg"
B01KO2I7XU,a_plus,15,"https://m.media-amazon.com/images/S/aplus-media-library-service-media/8f244365-cf74-4eec-a117-a8b71ee163df.__CR0,404,1500,615_PT0_SX1464_V1___.png"
B01KO2I7XU,a_plus,16,"https://m.media-amazon.com/images/S/aplus-media-library-service-media/3cd76ac0-ce0a-4588-8856-4fda0c784bbb.__CR0,566,1600,656_PT0_SX1464_V1___.jpg"
B01KO2I7XU,a_plus,17,"https://m.media-amazon.com/images/S/aplus-media-library-service-media/70d49b5b-3fb7-48c7-92a4-918cfcaacd7d.__CR0,685,1600,656_PT0_SX1464_V1___.jpg"
B01KO2I7XU,a_plus,18,"https://m.media-amazon.com/images/S/aplus-media-library-service-media/004676a1-d3ce-4cf4-98b9-90933979795b.__CR0,585,1500,615_PT0_SX1464_V1___.jpg"
B01KO2I7XU,a_plus,19,"https://m.media-amazon.com/images/S/aplus-media-library-service-media/81528471-3571-4f8b-9c63-5b22795b1836.__CR0,161,1920,787_PT0_SX1464_V1___.jpg"
B01KO2I7XU,a_plus,20,"https://m.media-amazon.com/images/S/aplus-media-library-service-media/b10bec89-93d1-4957-800a-7aea8f994f0a.__CR0,0,1464,600_PT0_SX1464_V1___.jpg"
B01KO2I7XU,a_plus,21,"https://m.media-amazon.com/images/S/aplus-media-library-service-media/47b2f3dc-078f-48ce-ad4d-b73135a6e1bc.__CR0,644,1600,656_PT0_SX1464_V1___.jpg"
B01KO2I7XU,a_plus,22,"https://m.media-amazon.com/images/S/aplus-media-library-service-media/67bc7200-72c4-481a-9b78-909b94b9ca6a.__CR0,570,1600,656_PT0_SX1464_V1___.jpg"
B01KO2I7XU,a_plus,23,"https://m.media-amazon.com/images/S/aplus-media-library-service-media/94ef8d61-4210-494b-9848-a273bc82bffd.__CR0,211,1600,1200_PT0_SX300_V1___.jpg"
B01KO2I7XU,a_plus,24,"https://m.media-amazon.com/images/S/aplus-media-library-service-media/6ca54450-112e-4a54-91c9-8b7477e331c1.__CR0,238,1600,1200_PT0_SX300_V1___.jpg"
B01KO2I7XU,a_plus,25,"https://m.media-amazon.com/images/S/aplus-media-library-service-media/97219d8e-27c3-4e6f-98c7-1e3fd029cf8f.__CR0,260,1600,1200_PT0_SX300_V1___.jpg"
B01KO2I7XU,a_plus,26,"https://m.media-amazon.com/images/S/aplus-media-library-service-media/79e92272-fa90-4a40-91ec-b537d07587e9.__CR0,238,1600,1200_PT0_SX300_V1___.jpg"
B01KO2I7XU,a_plus,27,https://www.amazon.de/dp/B01KO2I7XU?ref=emc_p_m_13_b
B01KO2I7XU,a_plus,28,"https://m.media-amazon.com/images/S/aplus-media-library-service-media/c2bbe6c0-e0fe-4ba2-b49d-561fabccbe6e.__CR0,293,1920,787_PT0_SX1464_V1___.jpg"
B01KO2I7XU,a_plus,29,"https://m.media-amazon.com/images/S/aplus-media-library-service-media/8f244365-cf74-4eec-a117-a8b71ee163df.__CR0,404,1500,615_PT0_SX1464_V1___.png"
B01KO2I7XU,a_plus,30,https://www.amazon.de/dp/B0DLZTCVB6?ref=emc_p_m_13_b
B01KO2I7XU,a_plus,31,"https://m.media-amazon.com/images/S/aplus-media-library-service-media/3cd76ac0-ce0a-4588-8856-4fda0c784bbb.__CR0,566,1600,656_PT0_SX1464_V1___.jpg"
B01KO2I7XU,a_plus,32,"https://m.media-amazon.com/images/S/aplus-media-library-service-media/70d49b5b-3fb7-48c7-92a4-918cfcaacd7d.__CR0,685,1600,656_PT0_SX1464_V1___.jpg"
B01KO2I7XU,a_plus,33,"https://m.media-amazon.com/images/S/aplus-media-library-service-media/004676a1-d3ce-4cf4-98b9-90933979795b.__CR0,585,1500,615_PT0_SX1464_V1___.jpg"
B01KO2I7XU,a_plus,34,"https://m.media-amazon.com/images/S/aplus-media-library-service-media/81528471-3571-4f8b-9c63-5b22795b1836.__CR0,161,1920,787_PT0_SX1464_V1___.jpg"
B0F1Y4F3PS,high_resolution,0,https://m.media-amazon.com/images/I/61bkLLTzvML._AC_SL1500_.jpg
B0F1Y4F3PS,high_resolution,1,https://m.media-amazon.com/images/I/71wBGLCmNWL._AC_SL1500_.jpg
B0F1Y4F3PS,high_resolution,2,https://m.media-amazon.com/images/I/61BoWdy7FZL._AC_SL1500_.jpg
B0F1Y4F3PS,high_resolution,3,https://m.media-amazon.com/images/I/61a9kTf2frL._AC_SL1500_.jpg
B0F1Y4F3PS,high_resolution,4,https://m.media-amazon.com/images/I/71svT3-NusL._AC_SL1500_.jpg
B0F1Y4F3PS,high_resolution,5,https://m.media-amazon.com/images/I/61hgb8P7+gL._AC_SL1500_.jpg
B0F1Y4F3PS,high_resolution,6,https://m.media-amazon.com/images/I/71mcFWisHkL._AC_SL1500_.jpg
B0F1Y4F3PS,high_resolution,7,https://m.media-amazon.com/images/I/61ic5762pBL._AC_SL1500_.jpg
B0F1Y4F3PS,high_resolution,8,https://m.media-amazon.com/images/I/61f4bfHlAjL._AC_SL1500_.jpg
B0F1Y4F3PS,a_plus,0,"https://m.media-amazon.com/images/S/aplus-media-library-service-media/084c9466-e88d-4828-b817-a0d255c3f8c3.__CR0,0,2928,1200_PT0_SX1464_V1___.jpg"
B0F1Y4F3PS,a_plus,1,"https://m.media-amazon.com/images/S/aplus-media-library-service-media/76bec0e5-2d46-421c-9c15-3ecf9dc75d45.__CR0,0,2928,1200_PT0_SX1464_V1___.jpg"
B0F1Y4F3PS,a_plus,2,"https://m.media-amazon.com/images/S/aplus-media-library-service-media/519175ab-fb65-41ae-9439-a34e4448e699.__CR0,0,2928,1200_PT0_SX1464_V1___.jpg"
B0F1Y4F3PS,a_plus,3,"https://m.media-amazon.com/images/S/aplus-media-library-service-media/2b9738f2-5c92-452e-9223-5ead88821ddc.__CR0,0,2928,1200_PT0_SX1464_V1___.jpg"
B0F1Y4F3PS,a_plus,4,"https://m.media-amazon.com/images/S/aplus-media-library-service-media/084c9466-e88d-4828-b817-a0d255c3f8c3.__CR0,0,2928,1200_PT0_SX1464_V1___.jpg"
B0F1Y4F3PS,a_plus,5,"https://m.media-amazon.com/images/S/aplus-media-library-service-media/76bec0e5-2d46-421c-9c15-3ecf9dc75d45.__CR0,0,2928,1200_PT0_SX1464_V1___.jpg"
B0F1Y4F3PS,a_plus,6,"https://m.media-amazon.com/images/S/aplus-media-library-service-media/519175ab-fb65-41ae-9439-a34e4448e699.__CR0,0,2928,1200_PT0_SX1464_V1___.jpg"
B0F1Y4F3PS,a_plus,7,"https://m.media-amazon.com/images/S/aplus-media-library-service-media/2b9738f2-5c92-452e-9223-5ead88821ddc.__CR0,0,2928,1200_PT0_SX1464_V1___.jpg"
B0FVLQMK31,high_resolution,0,https://m.media-amazon.com/images/I/81ZikIE4FPL._AC_SL1500_.jpg
B0FVLQMK31,high_resolution,1,https://m.media-amazon.com/images/I/61VCUmIV4UL._AC_SL1500_.jpg
B0FVLQMK31,high_resolution,2,https://m.media-amazon.com/images/I/81PD53dWNrL._AC_SL1500_.jpg
B0FVLQMK31,high_resolution,3,https://m.media-amazon.com/images/I/71ESDlQMBdL._AC_SL1500_.jpg
B0FVLQMK31,high_resolution,4,https://m.media-amazon.com/images/I/71qeZ-ZRLrL._AC_SL1500_.jpg
B0FVLQMK31,high_resolution,5,https://m.media-amazon.com/images/I/719WdkehsRL._AC_SL1500_.jpg
B0FVLQMK31,high_resolution,6,https://m.media-amazon.com/images/I/813QZR2WsKL._AC_SL1500_.jpg
B0FVLQMK31,high_resolution,7,https://m.media-amazon.com/images/I/71FRGv5GwEL._AC_SL1500_.jpg
B0FVLQMK31,high_resolution,8,https://m.media-amazon.com/images/I/81Q+JUmxNpL._AC_SL1500_.jpg
B0FVLQMK31,high_resolution,9,https://m.media-amazon.com/images/I/61YmbCL7LtL._AC_SL1500_.jpg
B0FVLQMK31,high_resolution,10,https://m.media-amazon.com/images/I/71flCinQkKL._AC_SL1500_.jpg
B0FVLQMK31,a_plus,0,"https://m.media-amazon.com/images/S/aplus-media-library-service-media/8320449d-2c97-4592-9497-e37184fb3497.__CR0,0,1464,600_PT0_SX1464_V1___.jpg"
B0FVLQMK31,a_plus,1,"https://m.media-amazon.com/images/S/aplus-media-library-service-media/18bd8c40-938b-4b14-903b-7f88b3e5a3f5.__CR0,0,1464,600_PT0_SX1464_V1___.jpg"
B0FVLQMK31,a_plus,2,"https://m.media-amazon.com/images/S/aplus-media-library-service-media/89cd1e95-0231-4641-bac8-1d96c76817e3.__CR0,0,1464,600_PT0_SX1464_V1___.jpg"
B0FVLQMK31,a_plus,3,"https://m.media-amazon.com/images/S/aplus-media-library-service-media/dc30321f-2ffd-4550-befc-877ec1867420.__CR0,0,1464,600_PT0_SX1464_V1___.jpg"
B0FVLQMK31,a_plus,4,"https://m.media-amazon.com/images/S/aplus-media-library-service-media/a84dffe7-5f38-4eb6-b66f-e3956f816c83.__CR0,0,1464,600_PT0_SX1464_V1___.jpg"
B0FVLQMK31,a_plus,5,"https://m.media-amazon.com/images/S/aplus-media-library-service-media/617ceb3e-6283-48a3-9670-c853189bdd82.__CR0,0,1464,600_PT0_SX1464_V1___.jpg"
B0FVLQMK31,a_plus,6,"https://m.media-amazon.com/images/S/aplus-media-library-service-media/09725d55-4781-4f44-8f81-9ab74df8bd14.__CR0,0,1464,600_PT0_SX1464_V1___.jpg"
B0FVLQMK31,a_plus,7,"https://m.media-amazon.com/images/S/aplus-media-library-service-media/708c84bf-ae57-4812-9777-ba90fe2db696.__CR0,0,1464,600_PT0_SX1464_V1___.jpg"
B0FVLQMK31,a_plus,8,"https://m.media-amazon.com/images/S/aplus-media-library-service-media/efb6a3b8-4b5d-4b8d-80c3-30bc05521202.__CR0,0,1464,600_PT0_SX1464_V1___.jpg"
B0FVLQMK31,a_plus,9,"https://m.media-amazon.com/images/S/aplus-media-library-service-media/a511f291-fde2-4305-9a8e-56fa299c2066.__CR0,0,1464,600_PT0_SX1464_V1___.jpg"
B0FVLQMK31,a_plus,10,"https://m.media-amazon.com/images/S/aplus-media-library-service-media/021d8163-45d5-4b2c-b5c5-d752410c82a4.__CR0,0,1464,600_PT0_SX1464_V1___.jpg"
B0FVLQMK31,a_plus,11,"https://m.media-amazon.com/images/S/aplus-media-library-service-media/1bf7fafc-dc93-4cb9-8a4d-ace8ba1c78b6.__CR0,0,1464,600_PT0_SX1464_V1___.jpg"
B0FVLQMK31,a_plus,12,"https://m.media-amazon.com/images/S/aplus-media-library-service-media/2afc4150-30eb-440e-a38a-d5f68c548583.__AC_SR200,225___.jpg"
B0FVLQMK31,a_plus,13,"https://m.media-amazon.com/images/I/51m%2Bzrn8ouL.__AC_SR200,225___.jpg"
B0FVLQMK31,a_plus,14,"https://m.media-amazon.com/images/S/aplus-media-library-service-media/aa78d756-66f2-45db-bb79-a767174f0a5c.__AC_SR200,225___.jpg"
B0FVLQMK31,a_plus,15,"https://m.media-amazon.com/images/I/41vxy5lHbEL.__AC_SR200,225___.jpg"
B0FVLQMK31,a_plus,16,"https://m.media-amazon.com/images/S/aplus-media-library-service-media/d594ca40-63e1-493f-9f78-4aadb12669f4.__AC_SR200,225___.jpg"
B0FVLQMK31,a_plus,17,"https://m.media-amazon.com/images/I/51vHq20WZbL.__AC_SR200,225___.jpg"
B0FVLQMK31,a_plus,18,"https://m.media-amazon.com/images/I/31GJgwvkhEL.__AC_SR200,225___.jpg"
B0FVLQMK31,a_plus,19,https://m.media-amazon.com/images/S/vse-vms-transcoding-artifact-eu-west-1-prod/ced90479-00f8-4187-9910-3d2c6842ff4a/default.jobtemplate.hls.m3u8
B0FVLQMK31,a_plus,20,https://m.media-amazon.com/images/S/vse-vms-transcoding-artifact-eu-west-1-prod/3bd5bfea-7dfc-44f0-9e0a-b2b973a6bfdf/default.jobtemplate.hls.m3u8
B0FVLQMK31,a_plus,21,"https://m.media-amazon.com/images/S/aplus-media-library-service-media/8320449d-2c97-4592-9497-e37184fb3497.__CR0,0,1464,600_PT0_SX1464_V1___.jpg"
B0FVLQMK31,a_plus,22,"https://m.media-amazon.com/images/S/aplus-media-library-service-media/18bd8c40-938b-4b14-903b-7f88b3e5a3f5.__CR0,0,1464,600_PT0_SX1464_V1___.jpg"
B0FVLQMK31,a_plus,23,"https://m.media-amazon.com/images/S/aplus-media-library-service-media/89cd1e95-0231-4641-bac8-1d96c76817e3.__CR0,0,1464,600_PT0_SX1464_V1___.jpg"
B0FVLQMK31,a_plus,24,"https://m.media-amazon.com/images/S/aplus-media-library-service-media/dc30321f-2ffd-4550-befc-877ec1867420.__CR0,0,1464,600_PT0_SX1464_V1___.jpg"
B0FVLQMK31,a_plus,25,"https://m.media-amazon.com/images/S/aplus-media-library-service-media/a84dffe7-5f38-4eb6-b66f-e3956f816c83.__CR0,0,1464,600_PT0_SX1464_V1___.jpg"
B0FVLQMK31,a_plus,26,https://m.media-amazon.com/images/S/vse-vms-transcoding-artifact-eu-west-1-prod/ced90479-00f8-4187-9910-3d2c6842ff4a/default.jobtemplate.hls.m3u8
B0FVLQMK31,a_plus,27,"https://m.media-amazon.com/images/S/aplus-media-library-service-media/617ceb3e-6283-48a3-9670-c853189bdd82.__CR0,0,1464,600_PT0_SX1464_V1___.jpg"
B0FVLQMK31,a_plus,28,"https://m.media-amazon.com/images/S/aplus-media-library-service-media/09725d55-4781-4f44-8f81-9ab74df8bd14.__CR0,0,1464,600_PT0_SX1464_V1___.jpg"
B0FVLQMK31,a_plus,29,"https://m.media-amazon.com/images/S/aplus-media-library-service-media/708c84bf-ae57-4812-9777-ba90fe2db696.__CR0,0,1464,600_PT0_SX1464_V1___.jpg"
B0FVLQMK31,a_plus,30,"https://m.media-amazon.com/images/S/aplus-media-library-service-media/efb6a3b8-4b5d-4b8d-80c3-30bc05521202.__CR0,0,1464,600_PT0_SX1464_V1___.jpg"
B0FVLQMK31,a_plus,31,"https://m.media-amazon.com/images/S/aplus-media-library-service-media/a511f291-fde2-4305-9a8e-56fa299c2066.__CR0,0,1464,600_PT0_SX1464_V1___.jpg"
B0FVLQMK31,a_plus,32,"https://m.media-amazon.com/images/S/aplus-media-library-service-media/021d8163-45d5-4b2c-b5c5-d752410c82a4.__CR0,0,1464,600_PT0_SX1464_V1___.jpg"
B0FVLQMK31,a_plus,33,"https://m.media-amazon.com/images/S/aplus-media-library-service-media/1bf7fafc-dc93-4cb9-8a4d-ace8ba1c78b6.__CR0,0,1464,600_PT0_SX1464_V1___.jpg"
B0FVLQMK31,a_plus,34,https://m.media-amazon.com/images/S/vse-vms-transcoding-artifact-eu-west-1-prod/3bd5bfea-7dfc-44f0-9e0a-b2b973a6bfdf/default.jobtemplate.hls.m3u8
B07SF5LP9K,high_resolution,0,https://m.media-amazon.com/images/I/61fqWZsIRYL._AC_SL1500_.jpg
B07SF5LP9K,high_resolution,1,https://m.media-amazon.com/images/I/81PQ6JrEwIL._AC_SL1500_.jpg
B07SF5LP9K,high_resolution,2,https://m.media-amazon.com/images/I/61-h6VBQOKL._AC_SL1500_.jpg
B07SF5LP9K,high_resolution,3,https://m.media-amazon.com/images/I/51u56-vBgZL._AC_SL1230_.jpg
B07SF5LP9K,high_resolution,4,https://m.media-amazon.com/images/I/71+01yRcZHL._AC_SL1500_.jpg
B07SF5LP9K,high_resolution,5,https://m.media-amazon.com/images/I/71BZgoTg1gL._AC_SL1500_.jpg
B07SF5LP9K,high_resolution,6,https://m.media-amazon.com/images/I/61iVyGiBytL._AC_SL1500_.jpg
B07SF5LP9K,high_resolution,7,https://m.media-amazon.com/images/I/51foPKirIEL._AC_SL1500_.jpg
B07SF5LP9K,high_resolution,8,https://m.media-amazon.com/images/I/81ERStv-oiL._AC_SL1500_.jpg
B07SF5LP9K,high_resolution,9,https://m.media-amazon.com/images/I/71yAJYsLA+L._AC_SL1500_.jpg
B07SF5LP9K,a_plus,0,"https://m.media-amazon.com/images/S/aplus-media-library-service-media/432cf3ed-dde5-4375-b951-10b7a71c23db.__CR0,0,2928,1200_PT0_SX1464_V1___.jpg"
B07SF5LP9K,a_plus,1,"https://m.media-amazon.com/images/S/aplus-media-library-service-media/7c8667c6-46f3-40bd-97d1-9a08a2dd2059.__CR0,0,2928,1200_PT0_SX1464_V1___.jpg"
B07SF5LP9K,a_plus,2,"https://m.media-amazon.com/images/S/aplus-media-library-service-media/bd92db35-8eab-418f-9249-933850b80802.__CR0,0,2928,1200_PT0_SX1464_V1___.jpg"
B07SF5LP9K,a_plus,3,"https://m.media-amazon.com/images/S/aplus-media-library-service-media/83c290e1-e9d8-4ab1-9562-edf5ce77b432.__CR0,0,2928,1200_PT0_SX1464_V1___.jpg"
B07SF5LP9K,a_plus,4,"https://m.media-amazon.com/images/S/aplus-media-library-service-media/fc624a95-b7e4-405f-a4a6-48c27820603b.__CR0,0,1300,700_PT0_SX650_V1___.jpg"
B07SF5LP9K,a_plus,5,"https://m.media-amazon.com/images/S/aplus-media-library-service-media/9c98bbf8-7754-489c-890b-9b21a43c2f44.__CR0,0,1300,700_PT0_SX650_V1___.jpg"
B07SF5LP9K,a_plus,6,"https://m.media-amazon.com/images/S/aplus-media-library-service-media/394c1933-6508-4c8b-b550-6756da4ab2a6.__AC_SR200,225___.jpg"
B07SF5LP9K,a_plus,7,"https://m.media-amazon.com/images/I/31Cz%2BtoJIjL.__AC_SR200,225___.jpg"
B07SF5LP9K,a_plus,8,"https://m.media-amazon.com/images/I/3150hJrCGGL.__AC_SR200,225___.jpg"
B07SF5LP9K,a_plus,9,"https://m.media-amazon.com/images/I/41moLKspCfL.__AC_SR200,225___.jpg"
B07SF5LP9K,a_plus,10,"https://m.media-amazon.com/images/S/aplus-media-library-service-media/79e41c3a-3cfd-46c5-ab13-45fc1e820488.__AC_SR200,225___.jpg"
B07SF5LP9K,a_plus,11,"https://m.media-amazon.com/images/S/aplus-media-library-service-media/157f8826-2216-4cc6-ab14-f44efe213a3f.__AC_SR200,225___.jpg"
B07SF5LP9K,a_plus,12,"https://m.media-amazon.com/images/S/aplus-media-library-service-media/fed79c02-6159-4924-9782-f58d2b15b3ea.__AC_SR200,225___.jpg"
B07SF5LP9K,a_plus,13,"https://m.media-amazon.com/images/S/aplus-media-library-service-media/432cf3ed-dde5-4375-b951-10b7a71c23db.__CR0,0,2928,1200_PT0_SX1464_V1___.jpg"
B07SF5LP9K,a_plus,14,"https://m.media-amazon.com/images/S/aplus-media-library-service-media/7c8667c6-46f3-40bd-97d1-9a08a2dd2059.__CR0,0,2928,1200_PT0_SX1464_V1___.jpg"
B07SF5LP9K,a_plus,15,"https://m.media-amazon.com/images/S/aplus-media-library-service-media/bd92db35-8eab-418f-9249-933850b80802.__CR0,0,2928,1200_PT0_SX1464_V1___.jpg"
B07SF5LP9K,a_plus,16,"https://m.media-amazon.com/images/S/aplus-media-library-service-media/83c290e1-e9d8-4ab1-9562-edf5ce77b432.__CR0,0,2928,1200_PT0_SX1464_V1___.jpg"
B07SF5LP9K,a_plus,17,"https://m.media-amazon.com/images/S/aplus-media-library-service-media/fc624a95-b7e4-405f-a4a6-48c27820603b.__CR0,0,1300,700_PT0_SX650_V1___.jpg"
B07SF5LP9K,a_plus,18,"https://m.media-amazon.com/images/S/aplus-media-library-service-media/9c98bbf8-7754-489c-890b-9b21a43c2f44.__CR0,0,1300,700_PT0_SX650_V1___.jpg"
B0H4RB849Q,high_resolution,0,https://m.media-amazon.com/images/I/816r9oOmXhL._AC_SL1500_.jpg
B0H4RB849Q,high_resolution,1,https://m.media-amazon.com/images/I/81jnMrlz0EL._AC_SL1500_.jpg
B0H4RB849Q,high_resolution,2,https://m.media-amazon.com/images/I/71NQOeczxdL._AC_SL1500_.jpg
B0H4RB849Q,high_resolution,3,https://m.media-amazon.com/images/I/81fmMOj7mIL._AC_SL1500_.jpg
B0H4RB849Q,high_resolution,4,https://m.media-amazon.com/images/I/71rLKaMxCNL._AC_SL1500_.jpg
B0H4RB849Q,high_resolution,5,https://m.media-amazon.com/images/I/81GFRs16AfL._AC_SL1500_.jpg
B0H4RB849Q,high_resolution,6,https://m.media-amazon.com/images/I/819tkRne6IL._AC_SL1500_.jpg
B0H4RB849Q,high_resolution,7,https://m.media-amazon.com/images/I/81i5fdRU81L._AC_SL1500_.jpg
B0H4RB849Q,a_plus,0,"https://m.media-amazon.com/images/S/aplus-media-library-service-media/054ef619-5754-4fd7-af8e-63e3e768ce74.__CR0,0,1464,600_PT0_SX1464_V1___.jpg"
B0H4RB849Q,a_plus,1,"https://m.media-amazon.com/images/S/aplus-media-library-service-media/7e4405e1-5db7-464d-852e-7f215be409a4.__CR0,0,1464,600_PT0_SX1464_V1___.jpg"
B0H4RB849Q,a_plus,2,"https://m.media-amazon.com/images/S/aplus-media-library-service-media/9ff1594e-0715-44ee-aeb6-40709f99e58b.__CR0,0,1464,600_PT0_SX1464_V1___.jpg"
B0H4RB849Q,a_plus,3,"https://m.media-amazon.com/images/S/aplus-media-library-service-media/58c7baf5-c0a1-4ff8-8a50-7492fc36f82b.__CR0,0,1464,600_PT0_SX1464_V1___.jpg"
B0H4RB849Q,a_plus,4,"https://m.media-amazon.com/images/S/aplus-media-library-service-media/8a2ba8c7-d09c-4c31-bf35-47bfb6a2401f.__CR0,0,1464,600_PT0_SX1464_V1___.jpg"
B0H4RB849Q,a_plus,5,"https://m.media-amazon.com/images/S/aplus-media-library-service-media/03dc0251-9083-4242-990e-51d2155b4645.__CR0,0,1464,600_PT0_SX1464_V1___.jpg"
B0H4RB849Q,a_plus,6,"https://m.media-amazon.com/images/S/aplus-media-library-service-media/1885105e-e622-4851-85c4-998b5cb81bfc.__CR0,0,1464,600_PT0_SX1464_V1___.jpg"
B0H4RB849Q,a_plus,7,"https://m.media-amazon.com/images/S/aplus-media-library-service-media/1127a8da-b50d-4364-9856-fa75bf7de4e0.__CR0,0,1464,600_PT0_SX1464_V1___.jpg"
B0H4RB849Q,a_plus,8,"https://m.media-amazon.com/images/S/aplus-media-library-service-media/5fd8e3c8-fa47-4fc9-adc7-82aaa096cec0.__CR0,0,1464,600_PT0_SX1464_V1___.jpg"
B0H4RB849Q,a_plus,9,"https://m.media-amazon.com/images/S/aplus-media-library-service-media/05f4af79-f739-4f9d-b589-25623b2c4dc4.__CR0,0,1464,600_PT0_SX1464_V1___.jpg"
B0H4RB849Q,a_plus,10,"https://m.media-amazon.com/images/S/aplus-media-library-service-media/054ef619-5754-4fd7-af8e-63e3e768ce74.__CR0,0,1464,600_PT0_SX1464_V1___.jpg"
B0H4RB849Q,a_plus,11,"https://m.media-amazon.com/images/S/aplus-media-library-service-media/7e4405e1-5db7-464d-852e-7f215be409a4.__CR0,0,1464,600_PT0_SX1464_V1___.jpg"
B0H4RB849Q,a_plus,12,"https://m.media-amazon.com/images/S/aplus-media-library-service-media/9ff1594e-0715-44ee-aeb6-40709f99e58b.__CR0,0,1464,600_PT0_SX1464_V1___.jpg"
B0H4RB849Q,a_plus,13,"https://m.media-amazon.com/images/S/aplus-media-library-service-media/58c7baf5-c0a1-4ff8-8a50-7492fc36f82b.__CR0,0,1464,600_PT0_SX1464_V1___.jpg"
B0H4RB849Q,a_plus,14,"https://m.media-amazon.com/images/S/aplus-media-library-service-media/8a2ba8c7-d09c-4c31-bf35-47bfb6a2401f.__CR0,0,1464,600_PT0_SX1464_V1___.jpg"
B0H4RB849Q,a_plus,15,"https://m.media-amazon.com/images/S/aplus-media-library-service-media/03dc0251-9083-4242-990e-51d2155b4645.__CR0,0,1464,600_PT0_SX1464_V1___.jpg"
B0H4RB849Q,a_plus,16,"https://m.media-amazon.com/images/S/aplus-media-library-service-media/1885105e-e622-4851-85c4-998b5cb81bfc.__CR0,0,1464,600_PT0_SX1464_V1___.jpg"
B0H4RB849Q,a_plus,17,"https://m.media-amazon.com/images/S/aplus-media-library-service-media/1127a8da-b50d-4364-9856-fa75bf7de4e0.__CR0,0,1464,600_PT0_SX1464_V1___.jpg"
B0H4RB849Q,a_plus,18,"https://m.media-amazon.com/images/S/aplus-media-library-service-media/5fd8e3c8-fa47-4fc9-adc7-82aaa096cec0.__CR0,0,1464,600_PT0_SX1464_V1___.jpg"
B0H4RB849Q,a_plus,19,"https://m.media-amazon.com/images/S/aplus-media-library-service-media/05f4af79-f739-4f9d-b589-25623b2c4dc4.__CR0,0,1464,600_PT0_SX1464_V1___.jpg"
B0FT2JLPD8,high_resolution,0,https://m.media-amazon.com/images/I/71H-ajHdyhL._AC_SL1500_.jpg
B0FT2JLPD8,high_resolution,1,https://m.media-amazon.com/images/I/81RQodKVI+L._AC_SL1500_.jpg
B0FT2JLPD8,high_resolution,2,https://m.media-amazon.com/images/I/61yUtJU6rLL._AC_SL1500_.jpg
B0FT2JLPD8,high_resolution,3,https://m.media-amazon.com/images/I/81MM0a8ZxPL._AC_SL1500_.jpg
B0FT2JLPD8,high_resolution,4,https://m.media-amazon.com/images/I/717pNC097vL._AC_SL1500_.jpg
B0FT2JLPD8,high_resolution,5,https://m.media-amazon.com/images/I/71y+Tz1jNoL._AC_SL1500_.jpg
B0FT2JLPD8,high_resolution,6,https://m.media-amazon.com/images/I/61sImXXCM+L._AC_SL1500_.jpg
B0FT2JLPD8,a_plus,0,"https://m.media-amazon.com/images/S/aplus-media-library-service-media/da2d773d-88d0-4c1a-b8fe-1fb974a0a375.__CR0,0,1464,600_PT0_SX1464_V1___.jpg"
B0FT2JLPD8,a_plus,1,"https://m.media-amazon.com/images/S/aplus-media-library-service-media/4b72f9b5-fff3-40e2-82f3-9640d0577bf8.__CR0,0,1464,600_PT0_SX1464_V1___.jpg"
B0FT2JLPD8,a_plus,2,"https://m.media-amazon.com/images/S/aplus-media-library-service-media/44ef2168-6000-4868-8a56-e7d81022ec67.__CR0,0,1464,600_PT0_SX1464_V1___.jpg"
B0FT2JLPD8,a_plus,3,"https://m.media-amazon.com/images/S/aplus-media-library-service-media/6e68a9ea-7677-474c-9413-7386d379619c.__CR0,0,1464,600_PT0_SX1464_V1___.jpg"
B0FT2JLPD8,a_plus,4,"https://m.media-amazon.com/images/S/aplus-media-library-service-media/f60047f6-d8dd-4096-8d93-673014fbdb74.__CR0,0,650,350_PT0_SX650_V1___.jpg"
B0FT2JLPD8,a_plus,5,"https://m.media-amazon.com/images/S/aplus-media-library-service-media/83efcd51-cba1-4892-95f7-57accc8ff3d1.__CR0,0,650,350_PT0_SX650_V1___.jpg"
B0FT2JLPD8,a_plus,6,"https://m.media-amazon.com/images/S/aplus-media-library-service-media/f3ad70b5-dc87-4f0a-9739-78934a9d7c3a.__CR0,0,1464,600_PT0_SX1464_V1___.jpg"
B0FT2JLPD8,a_plus,7,"https://m.media-amazon.com/images/S/aplus-media-library-service-media/27258988-0567-47a1-9816-e5cabab5bd20.__AC_SR200,225___.jpg"
B0FT2JLPD8,a_plus,8,"https://m.media-amazon.com/images/I/41rua3rpDfL.__AC_SR200,225___.jpg"
B0FT2JLPD8,a_plus,9,"https://m.media-amazon.com/images/S/aplus-media-library-service-media/8b00a0f0-9afe-49d5-a1c0-0bb716b6850f.__AC_SR200,225___.jpg"
B0FT2JLPD8,a_plus,10,"https://m.media-amazon.com/images/I/41k83HJ3JDL.__AC_SR200,225___.jpg"
B0FT2JLPD8,a_plus,11,"https://m.media-amazon.com/images/I/41XW5oVCJML.__AC_SR200,225___.jpg"
B0FT2JLPD8,a_plus,12,"https://m.media-amazon.com/images/I/41u7%2BWyT%2B9L.__AC_SR200,225___.jpg"
B0FT2JLPD8,a_plus,13,"https://m.media-amazon.com/images/I/411yWl%2BoHUL.__AC_SR200,225___.jpg"
B0FT2JLPD8,a_plus,14,"https://m.media-amazon.com/images/S/aplus-media-library-service-media/da2d773d-88d0-4c1a-b8fe-1fb974a0a375.__CR0,0,1464,600_PT0_SX1464_V1___.jpg"
B0FT2JLPD8,a_plus,15,"https://m.media-amazon.com/images/S/aplus-media-library-service-media/4b72f9b5-fff3-40e2-82f3-9640d0577bf8.__CR0,0,1464,600_PT0_SX1464_V1___.jpg"
B0FT2JLPD8,a_plus,16,"https://m.media-amazon.com/images/S/aplus-media-library-service-media/44ef2168-6000-4868-8a56-e7d81022ec67.__CR0,0,1464,600_PT0_SX1464_V1___.jpg"
B0FT2JLPD8,a_plus,17,"https://m.media-amazon.com/images/S/aplus-media-library-service-media/6e68a9ea-7677-474c-9413-7386d379619c.__CR0,0,1464,600_PT0_SX1464_V1___.jpg"
B0FT2JLPD8,a_plus,18,"https://m.media-amazon.com/images/S/aplus-media-library-service-media/f60047f6-d8dd-4096-8d93-673014fbdb74.__CR0,0,650,350_PT0_SX650_V1___.jpg"
B0FT2JLPD8,a_plus,19,"https://m.media-amazon.com/images/S/aplus-media-library-service-media/83efcd51-cba1-4892-95f7-57accc8ff3d1.__CR0,0,650,350_PT0_SX650_V1___.jpg"
B0FT2JLPD8,a_plus,20,"https://m.media-amazon.com/images/S/aplus-media-library-service-media/f3ad70b5-dc87-4f0a-9739-78934a9d7c3a.__CR0,0,1464,600_PT0_SX1464_V1___.jpg"
B07DGSCJPF,high_resolution,0,https://m.media-amazon.com/images/I/81cMKUITgnL._AC_SL1500_.jpg
B07DGSCJPF,high_resolution,1,https://m.media-amazon.com/images/I/81jZqAQK7XL._AC_SL1500_.jpg
B07DGSCJPF,high_resolution,2,https://m.media-amazon.com/images/I/71n4YsDGImL._AC_SL1500_.jpg
B07DGSCJPF,high_resolution,3,https://m.media-amazon.com/images/I/71EaBE9YHBL._AC_SL1500_.jpg
B07DGSCJPF,high_resolution,4,https://m.media-amazon.com/images/I/71RjrlVMIJL._AC_SL1500_.jpg
B07DGSCJPF,high_resolution,5,https://m.media-amazon.com/images/I/711ni3o8jWL._AC_SL1500_.jpg
B07DGSCJPF,high_resolution,6,https://m.media-amazon.com/images/I/91NqE+HTdtL._AC_SL1500_.jpg
B07DGSCJPF,high_resolution,7,https://m.media-amazon.com/images/I/61FkWYW1NeL._AC_SL1500_.jpg
B07DGSCJPF,high_resolution,8,https://m.media-amazon.com/images/I/61yt67UpbRL._AC_SL1500_.jpg
B07DGSCJPF,a_plus,0,"https://m.media-amazon.com/images/S/aplus-media-library-service-media/5d7bcdac-4cbb-4de1-92f5-010e895c0812.__CR0,0,970,300_PT0_SX970_V1___.jpg"
B07DGSCJPF,a_plus,1,"https://m.media-amazon.com/images/S/aplus-media-library-service-media/2b713e77-ed58-49f1-a373-5640db63c901.__CR0,0,970,600_PT0_SX970_V1___.jpg"
B07DGSCJPF,a_plus,2,"https://m.media-amazon.com/images/S/aplus-media-library-service-media/90cc5dc0-3e38-4adc-8b62-b8fd583f338a.__CR0,0,970,600_PT0_SX970_V1___.jpg"
B07DGSCJPF,a_plus,3,"https://m.media-amazon.com/images/S/aplus-media-library-service-media/9f2864b0-0f7c-46ed-9126-2826559f6962.__CR0,0,970,600_PT0_SX970_V1___.jpg"
B07DGSCJPF,a_plus,4,"https://m.media-amazon.com/images/S/aplus-media-library-service-media/70544ade-0b61-46b6-bede-98a2d65ee6ad.__CR0,0,970,300_PT0_SX970_V1___.jpg"
B07DGSCJPF,a_plus,5,"https://m.media-amazon.com/images/S/aplus-media-library-service-media/ca176a16-806a-47eb-b83a-ffad592ef268.__AC_SR150,300___.jpg"
B07DGSCJPF,a_plus,6,"https://m.media-amazon.com/images/S/aplus-media-library-service-media/688ae88c-ac56-4cba-a843-a64975d0463d.__AC_SR150,300___.jpg"
B07DGSCJPF,a_plus,7,"https://m.media-amazon.com/images/S/aplus-media-library-service-media/ad397b48-4165-41d4-be1e-bc8014b20b38.__AC_SR150,300___.jpg"
B07DGSCJPF,a_plus,8,"https://m.media-amazon.com/images/S/aplus-media-library-service-media/9bda471d-9551-4de7-9556-8b591e5f4401.__AC_SR150,300___.jpg"
B07DGSCJPF,a_plus,9,"https://m.media-amazon.com/images/S/aplus-media-library-service-media/607a7957-9596-4cf3-8d8f-9e71e9e2b7ea.__AC_SR150,300___.jpg"
B07DGSCJPF,a_plus,10,"https://m.media-amazon.com/images/S/aplus-media-library-service-media/9f5cc6de-aff8-46a7-9a97-a2546b1acee2.__AC_SR150,300___.jpg"
B07DGSCJPF,a_plus,11,"https://m.media-amazon.com/images/S/aplus-media-library-service-media/5d7bcdac-4cbb-4de1-92f5-010e895c0812.__CR0,0,970,300_PT0_SX970_V1___.jpg"
B07DGSCJPF,a_plus,12,"https://m.media-amazon.com/images/S/aplus-media-library-service-media/2b713e77-ed58-49f1-a373-5640db63c901.__CR0,0,970,600_PT0_SX970_V1___.jpg"
B07DGSCJPF,a_plus,13,"https://m.media-amazon.com/images/S/aplus-media-library-service-media/90cc5dc0-3e38-4adc-8b62-b8fd583f338a.__CR0,0,970,600_PT0_SX970_V1___.jpg"
B07DGSCJPF,a_plus,14,"https://m.media-amazon.com/images/S/aplus-media-library-service-media/9f2864b0-0f7c-46ed-9126-2826559f6962.__CR0,0,970,600_PT0_SX970_V1___.jpg"
B07DGSCJPF,a_plus,15,"https://m.media-amazon.com/images/S/aplus-media-library-service-media/70544ade-0b61-46b6-bede-98a2d65ee6ad.__CR0,0,970,300_PT0_SX970_V1___.jpg"
B07DGSCJPF,a_plus,16,"https://m.media-amazon.com/images/S/aplus-media-library-service-media/ca176a16-806a-47eb-b83a-ffad592ef268.__AC_SR150,300___.jpg"
B07DGSCJPF,a_plus,17,https://www.amazon.de/dp/B0CNQR56ZL?ref=emc_s_m_5_i_atc
B07DGSCJPF,a_plus,18,"https://m.media-amazon.com/images/S/aplus-media-library-service-media/688ae88c-ac56-4cba-a843-a64975d0463d.__AC_SR150,300___.jpg"
B07DGSCJPF,a_plus,19,https://www.amazon.de/dp/B094CCD82B?ref=emc_s_m_5_i_atc
B07DGSCJPF,a_plus,20,"https://m.media-amazon.com/images/S/aplus-media-library-service-media/ad397b48-4165-41d4-be1e-bc8014b20b38.__AC_SR150,300___.jpg"
B07DGSCJPF,a_plus,21,https://www.amazon.de/dp/B0C5HJWG15?ref=emc_s_m_5_i_atc
B07DGSCJPF,a_plus,22,"https://m.media-amazon.com/images/S/aplus-media-library-service-media/9bda471d-9551-4de7-9556-8b591e5f4401.__AC_SR150,300___.jpg"
B07DGSCJPF,a_plus,23,https://www.amazon.de/dp/B0CNVB98DP?ref=emc_s_m_5_i_atc
B07DGSCJPF,a_plus,24,"https://m.media-amazon.com/images/S/aplus-media-library-service-media/607a7957-9596-4cf3-8d8f-9e71e9e2b7ea.__AC_SR150,300___.jpg"
B07DGSCJPF,a_plus,25,https://www.amazon.de/dp/B08CZMSSXP?ref=emc_s_m_5_i_atc
B07DGSCJPF,a_plus,26,"https://m.media-amazon.com/images/S/aplus-media-library-service-media/9f5cc6de-aff8-46a7-9a97-a2546b1acee2.__AC_SR150,300___.jpg"
B07DGSCJPF,a_plus,27,https://www.amazon.de/dp/B0C4NMMPN7?ref=emc_s_m_5_i_atc
B0DK94BK76,high_resolution,0,https://m.media-amazon.com/images/I/81f-pcDlPfL._AC_SL1500_.jpg
B0DK94BK76,high_resolution,1,https://m.media-amazon.com/images/I/91wcdb-MIIL._AC_SL1500_.jpg
B0DK94BK76,high_resolution,2,https://m.media-amazon.com/images/I/71HOFBs9gUL._AC_SL1500_.jpg
B0DK94BK76,high_resolution,3,https://m.media-amazon.com/images/I/81E-OwDohBL._AC_SL1500_.jpg
B0DK94BK76,high_resolution,4,https://m.media-amazon.com/images/I/81Eu4LKRTvL._AC_SL1500_.jpg
B0DK94BK76,high_resolution,5,https://m.media-amazon.com/images/I/71O2Q7JyLfL._AC_SL1500_.jpg
B0DK94BK76,high_resolution,6,https://m.media-amazon.com/images/I/81N2du7xKGL._AC_SL1500_.jpg
B0DK94BK76,a_plus,0,"https://m.media-amazon.com/images/S/aplus-media-library-service-media/f6edeab0-e319-47c7-997d-551121ab7cd5.__CR1,0,2999,1229_PT0_SX1464_V1___.jpg"
B0DK94BK76,a_plus,1,"https://m.media-amazon.com/images/S/aplus-media-library-service-media/a6fa62f5-469d-4203-8d41-540c5ebfb034.__CR0,0,1464,600_PT0_SX1464_V1___.png"
B0DK94BK76,a_plus,2,"https://m.media-amazon.com/images/S/aplus-media-library-service-media/b7f45581-2aec-4e14-9f1a-a647e110e2ff.__CR1,0,2999,1229_PT0_SX1464_V1___.jpg"
B0DK94BK76,a_plus,3,https://m.media-amazon.com/images/S/vse-vms-transcoding-artifact-eu-west-1-prod/19bcf42e-1598-4e61-ad0f-8bf7c8e5f9f6/default.jobtemplate.hls.m3u8
B0DK94BK76,a_plus,4,"https://m.media-amazon.com/images/S/aplus-media-library-service-media/f6edeab0-e319-47c7-997d-551121ab7cd5.__CR1,0,2999,1229_PT0_SX1464_V1___.jpg"
B0DK94BK76,a_plus,5,https://m.media-amazon.com/images/S/vse-vms-transcoding-artifact-eu-west-1-prod/19bcf42e-1598-4e61-ad0f-8bf7c8e5f9f6/default.jobtemplate.hls.m3u8
B0DK94BK76,a_plus,6,"https://m.media-amazon.com/images/S/aplus-media-library-service-media/a6fa62f5-469d-4203-8d41-540c5ebfb034.__CR0,0,1464,600_PT0_SX1464_V1___.png"
B0DK94BK76,a_plus,7,"https://m.media-amazon.com/images/S/aplus-media-library-service-media/b7f45581-2aec-4e14-9f1a-a647e110e2ff.__CR1,0,2999,1229_PT0_SX1464_V1___.jpg"
B0F3CPWB32,high_resolution,0,https://m.media-amazon.com/images/I/71C8gPl4VwL._AC_SL1500_.jpg
B0F3CPWB32,high_resolution,1,https://m.media-amazon.com/images/I/81kQGjfHfRL._AC_SL1500_.jpg
B0F3CPWB32,high_resolution,2,https://m.media-amazon.com/images/I/616zaqm7GDL._AC_SL1500_.jpg
B0F3CPWB32,high_resolution,3,https://m.media-amazon.com/images/I/71P2AmwDFYL._AC_SL1500_.jpg
B0F3CPWB32,high_resolution,4,https://m.media-amazon.com/images/I/81s9Kg2szPL._AC_SL1500_.jpg
B0F3CPWB32,high_resolution,5,https://m.media-amazon.com/images/I/71tQG2EOl3L._AC_SL1500_.jpg
B0F3CPWB32,high_resolution,6,https://m.media-amazon.com/images/I/91SNYAfE0xL._AC_SL1500_.jpg
B0F3CPWB32,a_plus,0,"https://m.media-amazon.com/images/S/aplus-media-library-service-media/f7c63042-3002-4311-94ed-908867660521.__CR0,0,5000,2049_PT0_SX1464_V1___.jpg"
B0F3CPWB32,a_plus,1,"https://m.media-amazon.com/images/S/aplus-media-library-service-media/a708cd58-936d-4e4b-89ed-41794363be5b.__CR0,0,1464,600_PT0_SX1464_V1___.png"
B0F3CPWB32,a_plus,2,"https://m.media-amazon.com/images/S/aplus-media-library-service-media/35a3bc99-2a35-4392-8af5-7f7db03eb85a.__CR0,0,3000,2250_PT0_SX800_V1___.jpg"
B0F3CPWB32,a_plus,3,"https://m.media-amazon.com/images/S/aplus-media-library-service-media/da646cf2-404e-4456-bd78-f5183d3a48f3.__CR0,0,1800,1350_PT0_SX300_V1___.jpg"
B0F3CPWB32,a_plus,4,"https://m.media-amazon.com/images/S/aplus-media-library-service-media/65a7eda0-02c5-4e4a-b8a6-43fb695064b8.__CR0,0,1800,1350_PT0_SX300_V1___.jpg"
B0F3CPWB32,a_plus,5,"https://m.media-amazon.com/images/S/aplus-media-library-service-media/55bfa110-bba7-42d7-9064-58ef9d2136fd.__CR1,0,4095,3071_PT0_SX300_V1___.jpg"
B0F3CPWB32,a_plus,6,"https://m.media-amazon.com/images/S/aplus-media-library-service-media/faaa779a-f979-4445-a3fe-5f0fc6478c29.__CR0,0,300,225_PT0_SX300_V1___.png"
B0F3CPWB32,a_plus,7,"https://m.media-amazon.com/images/S/aplus-media-library-service-media/aefd4bea-8d3d-44f4-ac48-d71854cab27b.__CR0,0,5000,2049_PT0_SX1464_V1___.jpg"
B0F3CPWB32,a_plus,8,"https://m.media-amazon.com/images/S/aplus-media-library-service-media/d0e478dc-b889-4ffd-9f3d-71433bbc5fb9.__CR0,0,5000,2049_PT0_SX1464_V1___.jpg"
B0F3CPWB32,a_plus,9,"https://m.media-amazon.com/images/S/aplus-media-library-service-media/a9acc987-da63-4abd-92ed-a911baeaf52f.__CR0,0,5000,2049_PT0_SX1464_V1___.jpg"
B0F3CPWB32,a_plus,10,"https://m.media-amazon.com/images/S/aplus-media-library-service-media/9c72aa49-71d8-4ce6-b46c-be9b6dac31a1.__CR0,0,5000,2049_PT0_SX1464_V1___.jpg"
B0F3CPWB32,a_plus,11,"https://m.media-amazon.com/images/S/aplus-media-library-service-media/bd1700c2-aee6-40b8-a11c-84dc7539db37.__CR0,0,5000,2049_PT0_SX1464_V1___.jpg"
B0F3CPWB32,a_plus,12,"https://m.media-amazon.com/images/S/aplus-media-library-service-media/ea125caa-7fa3-4b5b-9593-1ea1bb1ee3a6.__CR0,0,5000,2049_PT0_SX1464_V1___.jpg"
B0F3CPWB32,a_plus,13,"https://m.media-amazon.com/images/S/aplus-media-library-service-media/72d28573-d521-4caa-8b54-5d4a8d314e39.__CR0,0,5000,2049_PT0_SX1464_V1___.jpg"
B0F3CPWB32,a_plus,14,"https://m.media-amazon.com/images/S/aplus-media-library-service-media/f7c63042-3002-4311-94ed-908867660521.__CR0,0,5000,2049_PT0_SX1464_V1___.jpg"
B0F3CPWB32,a_plus,15,"https://m.media-amazon.com/images/S/aplus-media-library-service-media/a708cd58-936d-4e4b-89ed-41794363be5b.__CR0,0,1464,600_PT0_SX1464_V1___.png"
B0F3CPWB32,a_plus,16,"https://m.media-amazon.com/images/S/aplus-media-library-service-media/35a3bc99-2a35-4392-8af5-7f7db03eb85a.__CR0,0,3000,2250_PT0_SX800_V1___.jpg"
B0F3CPWB32,a_plus,17,"https://m.media-amazon.com/images/S/aplus-media-library-service-media/da646cf2-404e-4456-bd78-f5183d3a48f3.__CR0,0,1800,1350_PT0_SX300_V1___.jpg"
B0F3CPWB32,a_plus,18,"https://m.media-amazon.com/images/S/aplus-media-library-service-media/65a7eda0-02c5-4e4a-b8a6-43fb695064b8.__CR0,0,1800,1350_PT0_SX300_V1___.jpg"
B0F3CPWB32,a_plus,19,"https://m.media-amazon.com/images/S/aplus-media-library-service-media/55bfa110-bba7-42d7-9064-58ef9d2136fd.__CR1,0,4095,3071_PT0_SX300_V1___.jpg"
B0F3CPWB32,a_plus,20,"https://m.media-amazon.com/images/S/aplus-media-library-service-media/faaa779a-f979-4445-a3fe-5f0fc6478c29.__CR0,0,300,225_PT0_SX300_V1___.png"
B0F3CPWB32,a_plus,21,"https://m.media-amazon.com/images/S/aplus-media-library-service-media/aefd4bea-8d3d-44f4-ac48-d71854cab27b.__CR0,0,5000,2049_PT0_SX1464_V1___.jpg"
B0F3CPWB32,a_plus,22,"https://m.media-amazon.com/images/S/aplus-media-library-service-media/d0e478dc-b889-4ffd-9f3d-71433bbc5fb9.__CR0,0,5000,2049_PT0_SX1464_V1___.jpg"
B0F3CPWB32,a_plus,23,"https://m.media-amazon.com/images/S/aplus-media-library-service-media/a9acc987-da63-4abd-92ed-a911baeaf52f.__CR0,0,5000,2049_PT0_SX1464_V1___.jpg"
B0F3CPWB32,a_plus,24,"https://m.media-amazon.com/images/S/aplus-media-library-service-media/9c72aa49-71d8-4ce6-b46c-be9b6dac31a1.__CR0,0,5000,2049_PT0_SX1464_V1___.jpg"
B0F3CPWB32,a_plus,25,"https://m.media-amazon.com/images/S/aplus-media-library-service-media/bd1700c2-aee6-40b8-a11c-84dc7539db37.__CR0,0,5000,2049_PT0_SX1464_V1___.jpg"
B0F3CPWB32,a_plus,26,"https://m.media-amazon.com/images/S/aplus-media-library-service-media/ea125caa-7fa3-4b5b-9593-1ea1bb1ee3a6.__CR0,0,5000,2049_PT0_SX1464_V1___.jpg"
B0F3CPWB32,a_plus,27,"https://m.media-amazon.com/images/S/aplus-media-library-service-media/72d28573-d521-4caa-8b54-5d4a8d314e39.__CR0,0,5000,2049_PT0_SX1464_V1___.jpg"
B0D45LGL6T,high_resolution,0,https://m.media-amazon.com/images/I/71K1E3k+rNL._AC_SL1500_.jpg
B0D45LGL6T,high_resolution,1,https://m.media-amazon.com/images/I/61kseLOuFgL._AC_SL1500_.jpg
B0D45LGL6T,high_resolution,2,https://m.media-amazon.com/images/I/71blVlynTgL._AC_SL1500_.jpg
B0D45LGL6T,high_resolution,3,https://m.media-amazon.com/images/I/61H9GUu9snL._AC_SL1500_.jpg
B0D45LGL6T,high_resolution,4,https://m.media-amazon.com/images/I/71nctJAQ-nL._AC_SL1500_.jpg
B0D45LGL6T,high_resolution,5,https://m.media-amazon.com/images/I/6136w1gqXfL._AC_SL1500_.jpg
B0D45LGL6T,high_resolution,6,https://m.media-amazon.com/images/I/811MYouLvIL._AC_SL1500_.jpg
B0D45LGL6T,high_resolution,7,https://m.media-amazon.com/images/I/61mnwJ+cPIL._AC_SL1500_.jpg
B0D45LGL6T,a_plus,0,"https://m.media-amazon.com/images/S/aplus-media-library-service-media/3db5dd57-94d1-44be-9aef-a65358dd7071.__CR0,0,1464,600_PT0_SX1464_V1___.jpg"
B0D45LGL6T,a_plus,1,"https://m.media-amazon.com/images/S/aplus-media-library-service-media/d109ce2a-0f78-4dc9-89bf-083d64a693ef.__CR0,0,1464,600_PT0_SX1464_V1___.jpg"
B0D45LGL6T,a_plus,2,"https://m.media-amazon.com/images/S/aplus-media-library-service-media/330d690b-baa2-4dd3-ac8d-ccff95673fc7.__CR0,0,1464,600_PT0_SX1464_V1___.jpg"
B0D45LGL6T,a_plus,3,"https://m.media-amazon.com/images/S/aplus-media-library-service-media/35104ca3-1fbe-4400-9cb8-89a708ed40aa.__CR0,0,1464,600_PT0_SX1464_V1___.jpg"
B0D45LGL6T,a_plus,4,"https://m.media-amazon.com/images/S/aplus-media-library-service-media/3db5dd57-94d1-44be-9aef-a65358dd7071.__CR0,0,1464,600_PT0_SX1464_V1___.jpg"
B0D45LGL6T,a_plus,5,"https://m.media-amazon.com/images/S/aplus-media-library-service-media/d109ce2a-0f78-4dc9-89bf-083d64a693ef.__CR0,0,1464,600_PT0_SX1464_V1___.jpg"
B0D45LGL6T,a_plus,6,"https://m.media-amazon.com/images/S/aplus-media-library-service-media/330d690b-baa2-4dd3-ac8d-ccff95673fc7.__CR0,0,1464,600_PT0_SX1464_V1___.jpg"
B0D45LGL6T,a_plus,7,"https://m.media-amazon.com/images/S/aplus-media-library-service-media/35104ca3-1fbe-4400-9cb8-89a708ed40aa.__CR0,0,1464,600_PT0_SX1464_V1___.jpg"
B09JW54WNY,high_resolution,0,https://m.media-amazon.com/images/I/71+QK6P5xyL._AC_SL1500_.jpg
B09JW54WNY,high_resolution,1,https://m.media-amazon.com/images/I/81EU455+DZL._AC_SL1500_.jpg
B09JW54WNY,high_resolution,2,https://m.media-amazon.com/images/I/71gTxJb6XmL._AC_SL1500_.jpg
B09JW54WNY,high_resolution,3,https://m.media-amazon.com/images/I/51wxwbG4gZL._AC_SL1230_.jpg
B09JW54WNY,high_resolution,4,https://m.media-amazon.com/images/I/91Q-CTEyXgL._AC_SL1500_.jpg
B09JW54WNY,high_resolution,5,https://m.media-amazon.com/images/I/81qnijnQx9L._AC_SL1500_.jpg
B09JW54WNY,high_resolution,6,https://m.media-amazon.com/images/I/91fLf-xATkS._AC_SL1500_.jpg
B09JW54WNY,high_resolution,7,https://m.media-amazon.com/images/I/81gCJk4SjpS._AC_SL1500_.jpg
B09JW54WNY,high_resolution,8,https://m.media-amazon.com/images/I/91ap9WqbbzS._AC_SL1500_.jpg
B09JW54WNY,high_resolution,9,https://m.media-amazon.com/images/I/91xZc7dFeuL._AC_SL1500_.jpg
B09JW54WNY,a_plus,0,"https://m.media-amazon.com/images/S/aplus-media-library-service-media/946387da-923c-4cf3-ac76-98ea6f22348c.__CR0,0,1464,600_PT0_SX1464_V1___.jpg"
B09JW54WNY,a_plus,1,"https://m.media-amazon.com/images/S/aplus-media-library-service-media/335bbc2f-1153-4481-9467-9005b1ca7099.__CR0,0,1464,600_PT0_SX1464_V1___.jpg"
B09JW54WNY,a_plus,2,"https://m.media-amazon.com/images/S/aplus-media-library-service-media/fb2f7a5c-ee00-4c0e-8bc9-50474d9f9bf9.__CR0,0,1464,600_PT0_SX1464_V1___.jpg"
B09JW54WNY,a_plus,3,"https://m.media-amazon.com/images/S/aplus-media-library-service-media/c29436fd-4a91-4989-a610-7ffe92cb980b.__CR0,0,200,225_PT0_SX200_V1___.jpg"
B09JW54WNY,a_plus,4,"https://m.media-amazon.com/images/S/aplus-media-library-service-media/afc2da0a-878c-4c7f-9d56-87aff9d66e5a.__CR0,0,200,225_PT0_SX200_V1___.jpg"
B09JW54WNY,a_plus,5,"https://m.media-amazon.com/images/S/aplus-media-library-service-media/85d6aa17-5b1e-485a-ac79-600b4854319e.__CR0,0,200,225_PT0_SX200_V1___.jpg"
B09JW54WNY,a_plus,6,"https://m.media-amazon.com/images/S/aplus-media-library-service-media/27d8538a-cd8c-4126-a207-f26e65d40015.__CR0,0,200,225_PT0_SX200_V1___.jpg"
B09JW54WNY,a_plus,7,"https://m.media-amazon.com/images/S/aplus-media-library-service-media/a8c66a8a-8193-4ec0-b3ca-718167bc788b.__CR0,0,200,225_PT0_SX200_V1___.jpg"
B09JW54WNY,a_plus,8,"https://m.media-amazon.com/images/S/aplus-media-library-service-media/82fac275-39e4-434d-876f-b8a7efb308d7.__AC_SR200,225___.jpg"
B09JW54WNY,a_plus,9,"https://m.media-amazon.com/images/S/aplus-media-library-service-media/d6c5bb94-0b94-4821-bd91-615f90a9adb1.__CR0,0,200,225_PT0_SX200_V1___.jpg"
B09JW54WNY,a_plus,10,"https://m.media-amazon.com/images/S/aplus-media-library-service-media/946387da-923c-4cf3-ac76-98ea6f22348c.__CR0,0,1464,600_PT0_SX1464_V1___.jpg"
B09JW54WNY,a_plus,11,"https://m.media-amazon.com/images/S/aplus-media-library-service-media/335bbc2f-1153-4481-9467-9005b1ca7099.__CR0,0,1464,600_PT0_SX1464_V1___.jpg"
B09JW54WNY,a_plus,12,"https://m.media-amazon.com/images/S/aplus-media-library-service-media/fb2f7a5c-ee00-4c0e-8bc9-50474d9f9bf9.__CR0,0,1464,600_PT0_SX1464_V1___.jpg"
B0G127C2LX,high_resolution,0,https://m.media-amazon.com/images/I/61eciB5cPvL._AC_SL1500_.jpg
B0G127C2LX,high_resolution,1,https://m.media-amazon.com/images/I/81JdhKeMqLL._AC_SL1500_.jpg
B0G127C2LX,high_resolution,2,https://m.media-amazon.com/images/I/61VCUmIV4UL._AC_SL1500_.jpg
B0G127C2LX,high_resolution,3,https://m.media-amazon.com/images/I/71qeZ-ZRLrL._AC_SL1500_.jpg
B0G127C2LX,high_resolution,4,https://m.media-amazon.com/images/I/719WdkehsRL._AC_SL1500_.jpg
B0G127C2LX,high_resolution,5,https://m.media-amazon.com/images/I/813QZR2WsKL._AC_SL1500_.jpg
B0G127C2LX,high_resolution,6,https://m.media-amazon.com/images/I/71FRGv5GwEL._AC_SL1500_.jpg
B0G127C2LX,high_resolution,7,https://m.media-amazon.com/images/I/71ESDlQMBdL._AC_SL1500_.jpg
B0G127C2LX,high_resolution,8,https://m.media-amazon.com/images/I/81Q+JUmxNpL._AC_SL1500_.jpg
B0G127C2LX,high_resolution,9,https://m.media-amazon.com/images/I/61YmbCL7LtL._AC_SL1500_.jpg
B0G127C2LX,high_resolution,10,https://m.media-amazon.com/images/I/71flCinQkKL._AC_SL1500_.jpg
B0G127C2LX,a_plus,0,"https://m.media-amazon.com/images/S/aplus-media-library-service-media/8320449d-2c97-4592-9497-e37184fb3497.__CR0,0,1464,600_PT0_SX1464_V1___.jpg"
B0G127C2LX,a_plus,1,"https://m.media-amazon.com/images/S/aplus-media-library-service-media/18bd8c40-938b-4b14-903b-7f88b3e5a3f5.__CR0,0,1464,600_PT0_SX1464_V1___.jpg"
B0G127C2LX,a_plus,2,"https://m.media-amazon.com/images/S/aplus-media-library-service-media/89cd1e95-0231-4641-bac8-1d96c76817e3.__CR0,0,1464,600_PT0_SX1464_V1___.jpg"
B0G127C2LX,a_plus,3,"https://m.media-amazon.com/images/S/aplus-media-library-service-media/dc30321f-2ffd-4550-befc-877ec1867420.__CR0,0,1464,600_PT0_SX1464_V1___.jpg"
B0G127C2LX,a_plus,4,"https://m.media-amazon.com/images/S/aplus-media-library-service-media/a84dffe7-5f38-4eb6-b66f-e3956f816c83.__CR0,0,1464,600_PT0_SX1464_V1___.jpg"
B0G127C2LX,a_plus,5,"https://m.media-amazon.com/images/S/aplus-media-library-service-media/617ceb3e-6283-48a3-9670-c853189bdd82.__CR0,0,1464,600_PT0_SX1464_V1___.jpg"
B0G127C2LX,a_plus,6,"https://m.media-amazon.com/images/S/aplus-media-library-service-media/09725d55-4781-4f44-8f81-9ab74df8bd14.__CR0,0,1464,600_PT0_SX1464_V1___.jpg"
B0G127C2LX,a_plus,7,"https://m.media-amazon.com/images/S/aplus-media-library-service-media/708c84bf-ae57-4812-9777-ba90fe2db696.__CR0,0,1464,600_PT0_SX1464_V1___.jpg"
B0G127C2LX,a_plus,8,"https://m.media-amazon.com/images/S/aplus-media-library-service-media/efb6a3b8-4b5d-4b8d-80c3-30bc05521202.__CR0,0,1464,600_PT0_SX1464_V1___.jpg"
B0G127C2LX,a_plus,9,"https://m.media-amazon.com/images/S/aplus-media-library-service-media/a511f291-fde2-4305-9a8e-56fa299c2066.__CR0,0,1464,600_PT0_SX1464_V1___.jpg"
B0G127C2LX,a_plus,10,"https://m.media-amazon.com/images/S/aplus-media-library-service-media/021d8163-45d5-4b2c-b5c5-d752410c82a4.__CR0,0,1464,600_PT0_SX1464_V1___.jpg"
B0G127C2LX,a_plus,11,"https://m.media-amazon.com/images/S/aplus-media-library-service-media/1bf7fafc-dc93-4cb9-8a4d-ace8ba1c78b6.__CR0,0,1464,600_PT0_SX1464_V1___.jpg"
B0G127C2LX,a_plus,12,"https://m.media-amazon.com/images/S/aplus-media-library-service-media/2afc4150-30eb-440e-a38a-d5f68c548583.__AC_SR200,225___.jpg"
B0G127C2LX,a_plus,13,"https://m.media-amazon.com/images/I/51m%2Bzrn8ouL.__AC_SR200,225___.jpg"
B0G127C2LX,a_plus,14,"https://m.media-amazon.com/images/S/aplus-media-library-service-media/aa78d756-66f2-45db-bb79-a767174f0a5c.__AC_SR200,225___.jpg"
B0G127C2LX,a_plus,15,"https://m.media-amazon.com/images/I/41vxy5lHbEL.__AC_SR200,225___.jpg"
B0G127C2LX,a_plus,16,"https://m.media-amazon.com/images/S/aplus-media-library-service-media/d594ca40-63e1-493f-9f78-4aadb12669f4.__AC_SR200,225___.jpg"
B0G127C2LX,a_plus,17,"https://m.media-amazon.com/images/I/51vHq20WZbL.__AC_SR200,225___.jpg"
B0G127C2LX,a_plus,18,"https://m.media-amazon.com/images/I/31GJgwvkhEL.__AC_SR200,225___.jpg"
B0G127C2LX,a_plus,19,https://m.media-amazon.com/images/S/vse-vms-transcoding-artifact-eu-west-1-prod/ced90479-00f8-4187-9910-3d2c6842ff4a/default.jobtemplate.hls.m3u8
B0G127C2LX,a_plus,20,https://m.media-amazon.com/images/S/vse-vms-transcoding-artifact-eu-west-1-prod/3bd5bfea-7dfc-44f0-9e0a-b2b973a6bfdf/default.jobtemplate.hls.m3u8
B0G127C2LX,a_plus,21,"https://m.media-amazon.com/images/S/aplus-media-library-service-media/8320449d-2c97-4592-9497-e37184fb3497.__CR0,0,1464,600_PT0_SX1464_V1___.jpg"
B0G127C2LX,a_plus,22,"https://m.media-amazon.com/images/S/aplus-media-library-service-media/18bd8c40-938b-4b14-903b-7f88b3e5a3f5.__CR0,0,1464,600_PT0_SX1464_V1___.jpg"
B0G127C2LX,a_plus,23,"https://m.media-amazon.com/images/S/aplus-media-library-service-media/89cd1e95-0231-4641-bac8-1d96c76817e3.__CR0,0,1464,600_PT0_SX1464_V1___.jpg"
B0G127C2LX,a_plus,24,"https://m.media-amazon.com/images/S/aplus-media-library-service-media/dc30321f-2ffd-4550-befc-877ec1867420.__CR0,0,1464,600_PT0_SX1464_V1___.jpg"
B0G127C2LX,a_plus,25,"https://m.media-amazon.com/images/S/aplus-media-library-service-media/a84dffe7-5f38-4eb6-b66f-e3956f816c83.__CR0,0,1464,600_PT0_SX1464_V1___.jpg"
B0G127C2LX,a_plus,26,https://m.media-amazon.com/images/S/vse-vms-transcoding-artifact-eu-west-1-prod/ced90479-00f8-4187-9910-3d2c6842ff4a/default.jobtemplate.hls.m3u8
B0G127C2LX,a_plus,27,"https://m.media-amazon.com/images/S/aplus-media-library-service-media/617ceb3e-6283-48a3-9670-c853189bdd82.__CR0,0,1464,600_PT0_SX1464_V1___.jpg"
B0G127C2LX,a_plus,28,"https://m.media-amazon.com/images/S/aplus-media-library-service-media/09725d55-4781-4f44-8f81-9ab74df8bd14.__CR0,0,1464,600_PT0_SX1464_V1___.jpg"
B0G127C2LX,a_plus,29,"https://m.media-amazon.com/images/S/aplus-media-library-service-media/708c84bf-ae57-4812-9777-ba90fe2db696.__CR0,0,1464,600_PT0_SX1464_V1___.jpg"
B0G127C2LX,a_plus,30,"https://m.media-amazon.com/images/S/aplus-media-library-service-media/efb6a3b8-4b5d-4b8d-80c3-30bc05521202.__CR0,0,1464,600_PT0_SX1464_V1___.jpg"
B0G127C2LX,a_plus,31,"https://m.media-amazon.com/images/S/aplus-media-library-service-media/a511f291-fde2-4305-9a8e-56fa299c2066.__CR0,0,1464,600_PT0_SX1464_V1___.jpg"
B0G127C2LX,a_plus,32,"https://m.media-amazon.com/images/S/aplus-media-library-service-media/021d8163-45d5-4b2c-b5c5-d752410c82a4.__CR0,0,1464,600_PT0_SX1464_V1___.jpg"
B0G127C2LX,a_plus,33,"https://m.media-amazon.com/images/S/aplus-media-library-service-media/1bf7fafc-dc93-4cb9-8a4d-ace8ba1c78b6.__CR0,0,1464,600_PT0_SX1464_V1___.jpg"
B0G127C2LX,a_plus,34,https://m.media-amazon.com/images/S/vse-vms-transcoding-artifact-eu-west-1-prod/3bd5bfea-7dfc-44f0-9e0a-b2b973a6bfdf/default.jobtemplate.hls.m3u8
B0FVLR1DZR,high_resolution,0,https://m.media-amazon.com/images/I/71n7EgsbhuL._AC_SL1500_.jpg
B0FVLR1DZR,high_resolution,1,https://m.media-amazon.com/images/I/61ieR8C0rBL._AC_SL1500_.jpg
B0FVLR1DZR,high_resolution,2,https://m.media-amazon.com/images/I/717ZWDAy99L._AC_SL1500_.jpg
B0FVLR1DZR,high_resolution,3,https://m.media-amazon.com/images/I/71ESDlQMBdL._AC_SL1500_.jpg
B0FVLR1DZR,high_resolution,4,https://m.media-amazon.com/images/I/71qeZ-ZRLrL._AC_SL1500_.jpg
B0FVLR1DZR,high_resolution,5,https://m.media-amazon.com/images/I/719WdkehsRL._AC_SL1500_.jpg
B0FVLR1DZR,high_resolution,6,https://m.media-amazon.com/images/I/813QZR2WsKL._AC_SL1500_.jpg
B0FVLR1DZR,high_resolution,7,https://m.media-amazon.com/images/I/71FRGv5GwEL._AC_SL1500_.jpg
B0FVLR1DZR,high_resolution,8,https://m.media-amazon.com/images/I/81Q+JUmxNpL._AC_SL1500_.jpg
B0FVLR1DZR,high_resolution,9,https://m.media-amazon.com/images/I/61YmbCL7LtL._AC_SL1500_.jpg
B0FVLR1DZR,high_resolution,10,https://m.media-amazon.com/images/I/71flCinQkKL._AC_SL1500_.jpg
B0FVLR1DZR,a_plus,0,"https://m.media-amazon.com/images/S/aplus-media-library-service-media/8320449d-2c97-4592-9497-e37184fb3497.__CR0,0,1464,600_PT0_SX1464_V1___.jpg"
B0FVLR1DZR,a_plus,1,"https://m.media-amazon.com/images/S/aplus-media-library-service-media/18bd8c40-938b-4b14-903b-7f88b3e5a3f5.__CR0,0,1464,600_PT0_SX1464_V1___.jpg"
B0FVLR1DZR,a_plus,2,"https://m.media-amazon.com/images/S/aplus-media-library-service-media/89cd1e95-0231-4641-bac8-1d96c76817e3.__CR0,0,1464,600_PT0_SX1464_V1___.jpg"
B0FVLR1DZR,a_plus,3,"https://m.media-amazon.com/images/S/aplus-media-library-service-media/dc30321f-2ffd-4550-befc-877ec1867420.__CR0,0,1464,600_PT0_SX1464_V1___.jpg"
B0FVLR1DZR,a_plus,4,"https://m.media-amazon.com/images/S/aplus-media-library-service-media/a84dffe7-5f38-4eb6-b66f-e3956f816c83.__CR0,0,1464,600_PT0_SX1464_V1___.jpg"
B0FVLR1DZR,a_plus,5,"https://m.media-amazon.com/images/S/aplus-media-library-service-media/617ceb3e-6283-48a3-9670-c853189bdd82.__CR0,0,1464,600_PT0_SX1464_V1___.jpg"
B0FVLR1DZR,a_plus,6,"https://m.media-amazon.com/images/S/aplus-media-library-service-media/09725d55-4781-4f44-8f81-9ab74df8bd14.__CR0,0,1464,600_PT0_SX1464_V1___.jpg"
B0FVLR1DZR,a_plus,7,"https://m.media-amazon.com/images/S/aplus-media-library-service-media/708c84bf-ae57-4812-9777-ba90fe2db696.__CR0,0,1464,600_PT0_SX1464_V1___.jpg"
B0FVLR1DZR,a_plus,8,"https://m.media-amazon.com/images/S/aplus-media-library-service-media/efb6a3b8-4b5d-4b8d-80c3-30bc05521202.__CR0,0,1464,600_PT0_SX1464_V1___.jpg"
B0FVLR1DZR,a_plus,9,"https://m.media-amazon.com/images/S/aplus-media-library-service-media/a511f291-fde2-4305-9a8e-56fa299c2066.__CR0,0,1464,600_PT0_SX1464_V1___.jpg"
B0FVLR1DZR,a_plus,10,"https://m.media-amazon.com/images/S/aplus-media-library-service-media/2a50020a-e2c6-47c1-9be5-5b8cb3bac963.__CR0,0,1464,600_PT0_SX1464_V1___.jpg"
B0FVLR1DZR,a_plus,11,"https://m.media-amazon.com/images/S/aplus-media-library-service-media/1bf7fafc-dc93-4cb9-8a4d-ace8ba1c78b6.__CR0,0,1464,600_PT0_SX1464_V1___.jpg"
B0FVLR1DZR,a_plus,12,"https://m.media-amazon.com/images/S/aplus-media-library-service-media/2afc4150-30eb-440e-a38a-d5f68c548583.__AC_SR200,225___.jpg"
B0FVLR1DZR,a_plus,13,"https://m.media-amazon.com/images/I/51m%2Bzrn8ouL.__AC_SR200,225___.jpg"
B0FVLR1DZR,a_plus,14,"https://m.media-amazon.com/images/S/aplus-media-library-service-media/aa78d756-66f2-45db-bb79-a767174f0a5c.__AC_SR200,225___.jpg"
B0FVLR1DZR,a_plus,15,"https://m.media-amazon.com/images/I/41vxy5lHbEL.__AC_SR200,225___.jpg"
B0FVLR1DZR,a_plus,16,"https://m.media-amazon.com/images/S/aplus-media-library-service-media/d594ca40-63e1-493f-9f78-4aadb12669f4.__AC_SR200,225___.jpg"
B0FVLR1DZR,a_plus,17,"https://m.media-amazon.com/images/I/51vHq20WZbL.__AC_SR200,225___.jpg"
B0FVLR1DZR,a_plus,18,"https://m.media-amazon.com/images/I/31GJgwvkhEL.__AC_SR200,225___.jpg"
B0FVLR1DZR,a_plus,19,https://m.media-amazon.com/images/S/vse-vms-transcoding-artifact-eu-west-1-prod/ced90479-00f8-4187-9910-3d2c6842ff4a/default.jobtemplate.hls.m3u8
B0FVLR1DZR,a_plus,20,https://m.media-amazon.com/images/S/vse-vms-transcoding-artifact-eu-west-1-prod/3bd5bfea-7dfc-44f0-9e0a-b2b973a6bfdf/default.jobtemplate.hls.m3u8
B0FVLR1DZR,a_plus,21,"https://m.media-amazon.com/images/S/aplus-media-library-service-media/8320449d-2c97-4592-9497-e37184fb3497.__CR0,0,1464,600_PT0_SX1464_V1___.jpg"
B0FVLR1DZR,a_plus,22,"https://m.media-amazon.com/images/S/aplus-media-library-service-media/18bd8c40-938b-4b14-903b-7f88b3e5a3f5.__CR0,0,1464,600_PT0_SX1464_V1___.jpg"
B0FVLR1DZR,a_plus,23,"https://m.media-amazon.com/images/S/aplus-media-library-service-media/89cd1e95-0231-4641-bac8-1d96c76817e3.__CR0,0,1464,600_PT0_SX1464_V1___.jpg"
B0FVLR1DZR,a_plus,24,"https://m.media-amazon.com/images/S/aplus-media-library-service-media/dc30321f-2ffd-4550-befc-877ec1867420.__CR0,0,1464,600_PT0_SX1464_V1___.jpg"
B0FVLR1DZR,a_plus,25,"https://m.media-amazon.com/images/S/aplus-media-library-service-media/a84dffe7-5f38-4eb6-b66f-e3956f816c83.__CR0,0,1464,600_PT0_SX1464_V1___.jpg"
B0FVLR1DZR,a_plus,26,https://m.media-amazon.com/images/S/vse-vms-transcoding-artifact-eu-west-1-prod/ced90479-00f8-4187-9910-3d2c6842ff4a/default.jobtemplate.hls.m3u8
B0FVLR1DZR,a_plus,27,"https://m.media-amazon.com/images/S/aplus-media-library-service-media/617ceb3e-6283-48a3-9670-c853189bdd82.__CR0,0,1464,600_PT0_SX1464_V1___.jpg"
B0FVLR1DZR,a_plus,28,"https://m.media-amazon.com/images/S/aplus-media-library-service-media/09725d55-4781-4f44-8f81-9ab74df8bd14.__CR0,0,1464,600_PT0_SX1464_V1___.jpg"
B0FVLR1DZR,a_plus,29,"https://m.media-amazon.com/images/S/aplus-media-library-service-media/708c84bf-ae57-4812-9777-ba90fe2db696.__CR0,0,1464,600_PT0_SX1464_V1___.jpg"
B0FVLR1DZR,a_plus,30,"https://m.media-amazon.com/images/S/aplus-media-library-service-media/efb6a3b8-4b5d-4b8d-80c3-30bc05521202.__CR0,0,1464,600_PT0_SX1464_V1___.jpg"
B0FVLR1DZR,a_plus,31,"https://m.media-amazon.com/images/S/aplus-media-library-service-media/a511f291-fde2-4305-9a8e-56fa299c2066.__CR0,0,1464,600_PT0_SX1464_V1___.jpg"
B0FVLR1DZR,a_plus,32,"https://m.media-amazon.com/images/S/aplus-media-library-service-media/2a50020a-e2c6-47c1-9be5-5b8cb3bac963.__CR0,0,1464,600_PT0_SX1464_V1___.jpg"
B0FVLR1DZR,a_plus,33,"https://m.media-amazon.com/images/S/aplus-media-library-service-media/1bf7fafc-dc93-4cb9-8a4d-ace8ba1c78b6.__CR0,0,1464,600_PT0_SX1464_V1___.jpg"
B0FVLR1DZR,a_plus,34,https://m.media-amazon.com/images/S/vse-vms-transcoding-artifact-eu-west-1-prod/3bd5bfea-7dfc-44f0-9e0a-b2b973a6bfdf/default.jobtemplate.hls.m3u8
B089K32SDQ,high_resolution,0,https://m.media-amazon.com/images/I/71nEIFzuGTL._AC_SL1500_.jpg
B089K32SDQ,high_resolution,1,https://m.media-amazon.com/images/I/81+Y7atU0EL._AC_SL1500_.jpg
B089K32SDQ,high_resolution,2,https://m.media-amazon.com/images/I/71Oeofi628L._AC_SL1500_.jpg
B089K32SDQ,high_resolution,3,https://m.media-amazon.com/images/I/81R7Ld-gryL._AC_SL1500_.jpg
B089K32SDQ,high_resolution,4,https://m.media-amazon.com/images/I/718KH36yWKL._AC_SL1500_.jpg
B089K32SDQ,high_resolution,5,https://m.media-amazon.com/images/I/71NcjyEXntL._AC_SL1500_.jpg
B089K32SDQ,high_resolution,6,https://m.media-amazon.com/images/I/81OS9J+iWKL._AC_SL1500_.jpg
B089K32SDQ,high_resolution,7,https://m.media-amazon.com/images/I/71Baga4P9NL._AC_SL1500_.jpg
B089K32SDQ,a_plus,0,"https://m.media-amazon.com/images/S/aplus-media-library-service-media/436ab729-3897-4fee-93cf-641831a2d4cb.__CR0,0,1464,600_PT0_SX1464_V1___.jpg"
B089K32SDQ,a_plus,1,"https://m.media-amazon.com/images/S/aplus-media-library-service-media/bad44fd8-de84-4f2d-abc0-2490d8d2e539.__CR0,0,650,350_PT0_SX650_V1___.jpg"
B089K32SDQ,a_plus,2,"https://m.media-amazon.com/images/S/aplus-media-library-service-media/0ab7e640-7e0b-41e6-86cf-08670102655e.__CR0,0,650,350_PT0_SX650_V1___.jpg"
B089K32SDQ,a_plus,3,"https://m.media-amazon.com/images/S/aplus-media-library-service-media/2c3eb85f-71dc-4c57-b8ba-cb2d58863be2.__CR0,0,1464,600_PT0_SX1464_V1___.jpg"
B089K32SDQ,a_plus,4,"https://m.media-amazon.com/images/S/aplus-media-library-service-media/893a8386-8856-4cdb-bc77-a780e6d97455.__CR0,0,200,225_PT0_SX200_V1___.jpg"
B089K32SDQ,a_plus,5,"https://m.media-amazon.com/images/S/aplus-media-library-service-media/61fe9981-b656-4f74-8a5a-16c334d28eea.__CR0,0,200,225_PT0_SX200_V1___.jpg"
B089K32SDQ,a_plus,6,"https://m.media-amazon.com/images/S/aplus-media-library-service-media/18ac831c-6742-49fc-b642-82bfe8e43a94.__CR0,0,200,225_PT0_SX200_V1___.jpg"
B089K32SDQ,a_plus,7,"https://m.media-amazon.com/images/S/aplus-media-library-service-media/5205371a-6b7a-4909-a4d9-da5b2ef9577e.__CR0,0,200,225_PT0_SX200_V1___.jpg"
B089K32SDQ,a_plus,8,"https://m.media-amazon.com/images/S/aplus-media-library-service-media/3d660d60-4bd4-46d5-80ac-bb5e9a22aa1d.__CR0,0,200,225_PT0_SX200_V1___.jpg"
B089K32SDQ,a_plus,9,"https://m.media-amazon.com/images/S/aplus-media-library-service-media/e099a23f-55db-4ec0-8d86-f2758a391d30.__CR0,0,200,225_PT0_SX200_V1___.jpg"
B089K32SDQ,a_plus,10,"https://m.media-amazon.com/images/S/aplus-media-library-service-media/e810257f-7c5c-4fbc-b895-61ab20e6df64.__CR0,0,200,225_PT0_SX200_V1___.jpg"
B089K32SDQ,a_plus,11,"https://m.media-amazon.com/images/S/aplus-media-library-service-media/436ab729-3897-4fee-93cf-641831a2d4cb.__CR0,0,1464,600_PT0_SX1464_V1___.jpg"
B089K32SDQ,a_plus,12,"https://m.media-amazon.com/images/S/aplus-media-library-service-media/bad44fd8-de84-4f2d-abc0-2490d8d2e539.__CR0,0,650,350_PT0_SX650_V1___.jpg"
B089K32SDQ,a_plus,13,"https://m.media-amazon.com/images/S/aplus-media-library-service-media/0ab7e640-7e0b-41e6-86cf-08670102655e.__CR0,0,650,350_PT0_SX650_V1___.jpg"
B089K32SDQ,a_plus,14,"https://m.media-amazon.com/images/S/aplus-media-library-service-media/2c3eb85f-71dc-4c57-b8ba-cb2d58863be2.__CR0,0,1464,600_PT0_SX1464_V1___.jpg"
B0F3CMPQFS,high_resolution,0,https://m.media-amazon.com/images/I/71hLQ9lcAnL._AC_SL1500_.jpg
B0F3CMPQFS,high_resolution,1,https://m.media-amazon.com/images/I/81YV+mKXncL._AC_SL1500_.jpg
B0F3CMPQFS,high_resolution,2,https://m.media-amazon.com/images/I/61olLcdpr2L._AC_SL1500_.jpg
B0F3CMPQFS,high_resolution,3,https://m.media-amazon.com/images/I/71V+P7pXcDL._AC_SL1500_.jpg
B0F3CMPQFS,high_resolution,4,https://m.media-amazon.com/images/I/811f956Vt4L._AC_SL1500_.jpg
B0F3CMPQFS,high_resolution,5,https://m.media-amazon.com/images/I/91RF+t7NSyL._AC_SL1500_.jpg
B0F3CMPQFS,high_resolution,6,https://m.media-amazon.com/images/I/71rLBW4C9SL._AC_SL1500_.jpg
B0F3CMPQFS,high_resolution,7,https://m.media-amazon.com/images/I/81qEQ7q7y8L._AC_SL1500_.jpg
B0F3CMPQFS,high_resolution,8,https://m.media-amazon.com/images/I/61F3-jE48tL._AC_SL1500_.jpg
B0F3CMPQFS,a_plus,0,"https://m.media-amazon.com/images/S/aplus-media-library-service-media/48b09435-96ae-4a62-8804-74072d22f355.__CR0,0,5000,2049_PT0_SX1464_V1___.jpg"
B0F3CMPQFS,a_plus,1,"https://m.media-amazon.com/images/S/aplus-media-library-service-media/7f74c99b-819f-4c59-a9d7-ebe10fbd3e33.__CR0,0,1464,600_PT0_SX1464_V1___.png"
B0F3CMPQFS,a_plus,2,"https://m.media-amazon.com/images/S/aplus-media-library-service-media/e83a5528-0291-4acc-95ca-f05b0e9ea6ab.__CR0,0,3000,2250_PT0_SX800_V1___.jpg"
B0F3CMPQFS,a_plus,3,"https://m.media-amazon.com/images/S/aplus-media-library-service-media/eb0b72a2-1a36-46ae-8d51-3028c28ffd04.__CR0,0,1800,1350_PT0_SX300_V1___.jpg"
B0F3CMPQFS,a_plus,4,"https://m.media-amazon.com/images/S/aplus-media-library-service-media/8c34e96d-dc8c-4349-9e6b-e4f038244db8.__CR0,0,1800,1350_PT0_SX300_V1___.jpg"
B0F3CMPQFS,a_plus,5,"https://m.media-amazon.com/images/S/aplus-media-library-service-media/55bfa110-bba7-42d7-9064-58ef9d2136fd.__CR1,0,4095,3071_PT0_SX300_V1___.jpg"
B0F3CMPQFS,a_plus,6,"https://m.media-amazon.com/images/S/aplus-media-library-service-media/05b8fb6f-59fc-4256-9203-c2473c3ff9bc.__CR0,0,300,225_PT0_SX300_V1___.png"
B0F3CMPQFS,a_plus,7,"https://m.media-amazon.com/images/S/aplus-media-library-service-media/aefd4bea-8d3d-44f4-ac48-d71854cab27b.__CR0,0,5000,2049_PT0_SX1464_V1___.jpg"
B0F3CMPQFS,a_plus,8,"https://m.media-amazon.com/images/S/aplus-media-library-service-media/ea125caa-7fa3-4b5b-9593-1ea1bb1ee3a6.__CR0,0,5000,2049_PT0_SX1464_V1___.jpg"
B0F3CMPQFS,a_plus,9,"https://m.media-amazon.com/images/S/aplus-media-library-service-media/a9acc987-da63-4abd-92ed-a911baeaf52f.__CR0,0,5000,2049_PT0_SX1464_V1___.jpg"
B0F3CMPQFS,a_plus,10,"https://m.media-amazon.com/images/S/aplus-media-library-service-media/9c72aa49-71d8-4ce6-b46c-be9b6dac31a1.__CR0,0,5000,2049_PT0_SX1464_V1___.jpg"
B0F3CMPQFS,a_plus,11,"https://m.media-amazon.com/images/S/aplus-media-library-service-media/d0e478dc-b889-4ffd-9f3d-71433bbc5fb9.__CR0,0,5000,2049_PT0_SX1464_V1___.jpg"
B0F3CMPQFS,a_plus,12,"https://m.media-amazon.com/images/S/aplus-media-library-service-media/bd1700c2-aee6-40b8-a11c-84dc7539db37.__CR0,0,5000,2049_PT0_SX1464_V1___.jpg"
B0F3CMPQFS,a_plus,13,"https://m.media-amazon.com/images/S/aplus-media-library-service-media/e0366e9d-8ce9-4acb-8d74-14768e0304c8.__CR0,0,5000,2049_PT0_SX1464_V1___.jpg"
B0F3CMPQFS,a_plus,14,"https://m.media-amazon.com/images/S/aplus-media-library-service-media/48b09435-96ae-4a62-8804-74072d22f355.__CR0,0,5000,2049_PT0_SX1464_V1___.jpg"
B0F3CMPQFS,a_plus,15,"https://m.media-amazon.com/images/S/aplus-media-library-service-media/7f74c99b-819f-4c59-a9d7-ebe10fbd3e33.__CR0,0,1464,600_PT0_SX1464_V1___.png"
B0F3CMPQFS,a_plus,16,"https://m.media-amazon.com/images/S/aplus-media-library-service-media/e83a5528-0291-4acc-95ca-f05b0e9ea6ab.__CR0,0,3000,2250_PT0_SX800_V1___.jpg"
B0F3CMPQFS,a_plus,17,"https://m.media-amazon.com/images/S/aplus-media-library-service-media/eb0b72a2-1a36-46ae-8d51-3028c28ffd04.__CR0,0,1800,1350_PT0_SX300_V1___.jpg"
B0F3CMPQFS,a_plus,18,"https://m.media-amazon.com/images/S/aplus-media-library-service-media/8c34e96d-dc8c-4349-9e6b-e4f038244db8.__CR0,0,1800,1350_PT0_SX300_V1___.jpg"
B0F3CMPQFS,a_plus,19,"https://m.media-amazon.com/images/S/aplus-media-library-service-media/55bfa110-bba7-42d7-9064-58ef9d2136fd.__CR1,0,4095,3071_PT0_SX300_V1___.jpg"
B0F3CMPQFS,a_plus,20,"https://m.media-amazon.com/images/S/aplus-media-library-service-media/05b8fb6f-59fc-4256-9203-c2473c3ff9bc.__CR0,0,300,225_PT0_SX300_V1___.png"
B0F3CMPQFS,a_plus,21,"https://m.media-amazon.com/images/S/aplus-media-library-service-media/aefd4bea-8d3d-44f4-ac48-d71854cab27b.__CR0,0,5000,2049_PT0_SX1464_V1___.jpg"
B0F3CMPQFS,a_plus,22,"https://m.media-amazon.com/images/S/aplus-media-library-service-media/ea125caa-7fa3-4b5b-9593-1ea1bb1ee3a6.__CR0,0,5000,2049_PT0_SX1464_V1___.jpg"
B0F3CMPQFS,a_plus,23,"https://m.media-amazon.com/images/S/aplus-media-library-service-media/a9acc987-da63-4abd-92ed-a911baeaf52f.__CR0,0,5000,2049_PT0_SX1464_V1___.jpg"
B0F3CMPQFS,a_plus,24,"https://m.media-amazon.com/images/S/aplus-media-library-service-media/9c72aa49-71d8-4ce6-b46c-be9b6dac31a1.__CR0,0,5000,2049_PT0_SX1464_V1___.jpg"
B0F3CMPQFS,a_plus,25,"https://m.media-amazon.com/images/S/aplus-media-library-service-media/d0e478dc-b889-4ffd-9f3d-71433bbc5fb9.__CR0,0,5000,2049_PT0_SX1464_V1___.jpg"
B0F3CMPQFS,a_plus,26,"https://m.media-amazon.com/images/S/aplus-media-library-service-media/bd1700c2-aee6-40b8-a11c-84dc7539db37.__CR0,0,5000,2049_PT0_SX1464_V1___.jpg"
B0F3CMPQFS,a_plus,27,"https://m.media-amazon.com/images/S/aplus-media-library-service-media/e0366e9d-8ce9-4acb-8d74-14768e0304c8.__CR0,0,5000,2049_PT0_SX1464_V1___.jpg"
B0GTLRJPGT,high_resolution,0,https://m.media-amazon.com/images/I/81Qj1ipc0YL._AC_SL1500_.jpg
B0GTLRJPGT,high_resolution,1,https://m.media-amazon.com/images/I/71CUM3veAWL._AC_SL1500_.jpg
B0GTLRJPGT,high_resolution,2,https://m.media-amazon.com/images/I/71S4wOyFiLL._AC_SL1500_.jpg
B0GTLRJPGT,high_resolution,3,https://m.media-amazon.com/images/I/81CjfpP2hVL._AC_SL1500_.jpg
B0GTLRJPGT,high_resolution,4,https://m.media-amazon.com/images/I/81uO5uZCCyL._AC_SL1500_.jpg
B0GTLRJPGT,high_resolution,5,https://m.media-amazon.com/images/I/81+m5xF9qwL._AC_SL1500_.jpg
B0GTLRJPGT,high_resolution,6,https://m.media-amazon.com/images/I/81rwNQZypbL._AC_SL1500_.jpg
B0GTLRJPGT,high_resolution,7,https://m.media-amazon.com/images/I/81vvzZQ0VkL._AC_SL1500_.jpg
B0GTLRJPGT,a_plus,0,"https://m.media-amazon.com/images/S/aplus-media-library-service-media/b1af14a6-4b54-4509-8df7-3517f2a6d177.__CR0,0,970,600_PT0_SX970_V1___.jpg"
B0GTLRJPGT,a_plus,1,"https://m.media-amazon.com/images/S/aplus-media-library-service-media/c2217850-b559-4f07-8566-b75450c92dfc.__CR0,0,970,600_PT0_SX970_V1___.jpg"
B0GTLRJPGT,a_plus,2,"https://m.media-amazon.com/images/S/aplus-media-library-service-media/a0a40343-2ef9-47f4-93a7-4873cf0f413c.__CR0,0,970,600_PT0_SX970_V1___.jpg"
B0GTLRJPGT,a_plus,3,"https://m.media-amazon.com/images/S/aplus-media-library-service-media/3364ddbb-d3aa-4e21-943d-316cca47cadd.__CR0,0,970,600_PT0_SX970_V1___.jpg"
B0GTLRJPGT,a_plus,4,"https://m.media-amazon.com/images/S/aplus-media-library-service-media/8ca8d6e0-afe9-467f-bee0-c371a3670ac7.__CR0,0,970,600_PT0_SX970_V1___.jpg"
B0GTLRJPGT,a_plus,5,"https://m.media-amazon.com/images/S/aplus-media-library-service-media/b1af14a6-4b54-4509-8df7-3517f2a6d177.__CR0,0,970,600_PT0_SX970_V1___.jpg"
B0GTLRJPGT,a_plus,6,"https://m.media-amazon.com/images/S/aplus-media-library-service-media/c2217850-b559-4f07-8566-b75450c92dfc.__CR0,0,970,600_PT0_SX970_V1___.jpg"
B0GTLRJPGT,a_plus,7,"https://m.media-amazon.com/images/S/aplus-media-library-service-media/a0a40343-2ef9-47f4-93a7-4873cf0f413c.__CR0,0,970,600_PT0_SX970_V1___.jpg"
B0GTLRJPGT,a_plus,8,"https://m.media-amazon.com/images/S/aplus-media-library-service-media/3364ddbb-d3aa-4e21-943d-316cca47cadd.__CR0,0,970,600_PT0_SX970_V1___.jpg"
B0GTLRJPGT,a_plus,9,"https://m.media-amazon.com/images/S/aplus-media-library-service-media/8ca8d6e0-afe9-467f-bee0-c371a3670ac7.__CR0,0,970,600_PT0_SX970_V1___.jpg"
B07MDJDK23,high_resolution,0,https://m.media-amazon.com/images/I/71COwWj9enL._AC_SL1500_.jpg
B07MDJDK23,high_resolution,1,https://m.media-amazon.com/images/I/71nFFxjOX8L._AC_SL1500_.jpg
B07MDJDK23,high_resolution,2,https://m.media-amazon.com/images/I/61uYuDi3luL._AC_SL1500_.jpg
B07MDJDK23,high_resolution,3,https://m.media-amazon.com/images/I/71jaOAnlFcL._AC_SL1500_.jpg
B07MDJDK23,high_resolution,4,https://m.media-amazon.com/images/I/71Q3031stSL._AC_SL1500_.jpg
B07MDJDK23,high_resolution,5,https://m.media-amazon.com/images/I/710YvjTGxlL._AC_SL1500_.jpg
B07MDJDK23,high_resolution,6,https://m.media-amazon.com/images/I/71O35D1RcsL._AC_SL1500_.jpg
B07MDJDK23,high_resolution,7,https://m.media-amazon.com/images/I/716yB6vn4iL._AC_SL1500_.jpg
B07MDJDK23,high_resolution,8,https://m.media-amazon.com/images/I/811GsxmLVML._AC_SL1500_.jpg
B07MDJDK23,a_plus,0,"https://m.media-amazon.com/images/S/aplus-media-library-service-media/11bafb11-5114-41b6-acdf-3e0fc6f89cd3.__CR0,0,2928,1200_PT0_SX1464_V1___.jpg"
B07MDJDK23,a_plus,1,"https://m.media-amazon.com/images/S/aplus-media-library-service-media/865b7176-1e2d-4c16-a918-259dc16eb7f0.__CR0,0,2928,1200_PT0_SX1464_V1___.jpg"
B07MDJDK23,a_plus,2,"https://m.media-amazon.com/images/S/aplus-media-library-service-media/b89cef4e-a081-4b99-a12b-0065a3d88944.__CR1,0,2928,1200_PT0_SX1464_V1___.jpg"
B07MDJDK23,a_plus,3,"https://m.media-amazon.com/images/S/aplus-media-library-service-media/718f6248-f6d7-4a6b-b82d-eab12a886063.__CR0,0,2928,1200_PT0_SX1464_V1___.jpg"
B07MDJDK23,a_plus,4,"https://m.media-amazon.com/images/S/aplus-media-library-service-media/0e0750c2-420c-4f5a-9296-c15198120651.__CR0,0,2928,1200_PT0_SX1464_V1___.jpg"
B07MDJDK23,a_plus,5,"https://m.media-amazon.com/images/S/aplus-media-library-service-media/3c9e95bb-7c53-409e-8aa6-0d789607eeda.__CR0,0,2928,1200_PT0_SX1464_V1___.jpg"
B07MDJDK23,a_plus,6,"https://m.media-amazon.com/images/S/aplus-media-library-service-media/d9a9d5cb-d86c-48b7-a8a7-142cd7a6dfde.__CR0,0,1800,1350_PT0_SX800_V1___.jpg"
B07MDJDK23,a_plus,7,"https://m.media-amazon.com/images/S/aplus-media-library-service-media/e695ba36-9b95-4171-9400-cda91bab4b96.__CR0,0,1800,1350_PT0_SX300_V1___.jpg"
B07MDJDK23,a_plus,8,"https://m.media-amazon.com/images/S/aplus-media-library-service-media/37e62bc8-4d82-4ece-a081-d6af52e9b12c.__CR0,0,1800,1350_PT0_SX300_V1___.jpg"
B07MDJDK23,a_plus,9,"https://m.media-amazon.com/images/S/aplus-media-library-service-media/7c0932b6-0e35-4f5f-b65e-288c5e3ea3e6.__CR0,0,1800,1350_PT0_SX300_V1___.jpg"
B07MDJDK23,a_plus,10,"https://m.media-amazon.com/images/S/aplus-media-library-service-media/0fd83e20-d98a-4c1a-a562-9e14bd0aeb7a.__CR0,0,1800,1350_PT0_SX300_V1___.jpg"
B07MDJDK23,a_plus,11,"https://m.media-amazon.com/images/I/31K5hF0%2BZCL.__AC_SR200,225___.jpg"
B07MDJDK23,a_plus,12,"https://m.media-amazon.com/images/S/aplus-media-library-service-media/49d6d2c5-f9b8-44b4-bd15-8b8d6163acca.__AC_SR200,225___.jpg"
B07MDJDK23,a_plus,13,"https://m.media-amazon.com/images/S/aplus-media-library-service-media/248c5c89-81ed-44a8-949c-5eac6e75da21.__AC_SR200,225___.jpg"
B07MDJDK23,a_plus,14,"https://m.media-amazon.com/images/I/41WZgX%2BumzL.__AC_SR200,225___.jpg"
B07MDJDK23,a_plus,15,"https://m.media-amazon.com/images/I/31NFISpUJPL.__AC_SR200,225___.jpg"
B07MDJDK23,a_plus,16,"https://m.media-amazon.com/images/I/31RJvh1NdrL.__AC_SR200,225___.jpg"
B07MDJDK23,a_plus,17,"https://m.media-amazon.com/images/I/41t1BTDn%2BtL.__AC_SR200,225___.jpg"
B07MDJDK23,a_plus,18,"https://m.media-amazon.com/images/S/aplus-media-library-service-media/11bafb11-5114-41b6-acdf-3e0fc6f89cd3.__CR0,0,2928,1200_PT0_SX1464_V1___.jpg"
B07MDJDK23,a_plus,19,https://www.amazon.de/dp/B07MR66ZGK?ref=emc_p_m_13_i
B07MDJDK23,a_plus,20,"https://m.media-amazon.com/images/S/aplus-media-library-service-media/865b7176-1e2d-4c16-a918-259dc16eb7f0.__CR0,0,2928,1200_PT0_SX1464_V1___.jpg"
B07MDJDK23,a_plus,21,https://www.amazon.de/dp/B083Q19X9L?ref=emc_p_m_13_i
B07MDJDK23,a_plus,22,"https://m.media-amazon.com/images/S/aplus-media-library-service-media/b89cef4e-a081-4b99-a12b-0065a3d88944.__CR1,0,2928,1200_PT0_SX1464_V1___.jpg"
B07MDJDK23,a_plus,23,https://www.amazon.de/dp/B07W8ZP1CK?ref=emc_p_m_13_i
B07MDJDK23,a_plus,24,"https://m.media-amazon.com/images/S/aplus-media-library-service-media/718f6248-f6d7-4a6b-b82d-eab12a886063.__CR0,0,2928,1200_PT0_SX1464_V1___.jpg"
B07MDJDK23,a_plus,25,https://www.amazon.de/dp/B07M9XH7CQ?ref=emc_p_m_13_i
B07MDJDK23,a_plus,26,"https://m.media-amazon.com/images/S/aplus-media-library-service-media/0e0750c2-420c-4f5a-9296-c15198120651.__CR0,0,2928,1200_PT0_SX1464_V1___.jpg"
B07MDJDK23,a_plus,27,https://www.amazon.de/dp/B084P77B7B?ref=emc_p_m_13_i
B07MDJDK23,a_plus,28,"https://m.media-amazon.com/images/S/aplus-media-library-service-media/3c9e95bb-7c53-409e-8aa6-0d789607eeda.__CR0,0,2928,1200_PT0_SX1464_V1___.jpg"
B07MDJDK23,a_plus,29,"https://m.media-amazon.com/images/S/aplus-media-library-service-media/d9a9d5cb-d86c-48b7-a8a7-142cd7a6dfde.__CR0,0,1800,1350_PT0_SX800_V1___.jpg"
B07MDJDK23,a_plus,30,"https://m.media-amazon.com/images/S/aplus-media-library-service-media/e695ba36-9b95-4171-9400-cda91bab4b96.__CR0,0,1800,1350_PT0_SX300_V1___.jpg"
B07MDJDK23,a_plus,31,"https://m.media-amazon.com/images/S/aplus-media-library-service-media/37e62bc8-4d82-4ece-a081-d6af52e9b12c.__CR0,0,1800,1350_PT0_SX300_V1___.jpg"
B07MDJDK23,a_plus,32,"https://m.media-amazon.com/images/S/aplus-media-library-service-media/7c0932b6-0e35-4f5f-b65e-288c5e3ea3e6.__CR0,0,1800,1350_PT0_SX300_V1___.jpg"
B07MDJDK23,a_plus,33,"https://m.media-amazon.com/images/S/aplus-media-library-service-media/0fd83e20-d98a-4c1a-a562-9e14bd0aeb7a.__CR0,0,1800,1350_PT0_SX300_V1___.jpg"
B0CP5DZ4CY,high_resolution,0,https://m.media-amazon.com/images/I/61X0JTL45bL._AC_SL1500_.jpg
B0CP5DZ4CY,high_resolution,1,https://m.media-amazon.com/images/I/61x+8XTolyL._AC_SL1478_.jpg
B0CP5DZ4CY,high_resolution,2,https://m.media-amazon.com/images/I/61aAtXu+8kL._AC_SL1418_.jpg
B0CP5DZ4CY,high_resolution,3,https://m.media-amazon.com/images/I/7161VJ77fsL._AC_SL1500_.jpg
B0CP5DZ4CY,high_resolution,4,https://m.media-amazon.com/images/I/81yYj5vPgpL._AC_SL1500_.jpg
B0CP5DZ4CY,high_resolution,5,https://m.media-amazon.com/images/I/71T+be7niML._AC_SL1500_.jpg
B0CP5DZ4CY,a_plus,0,"https://m.media-amazon.com/images/S/aplus-media-library-service-media/000cb33a-c2ab-4911-8ee7-f885e18ce28c.__CR0,0,970,300_PT0_SX970_V1___.png"
B0CP5DZ4CY,a_plus,1,"https://m.media-amazon.com/images/S/aplus-media-library-service-media/83052e5e-c2ea-422c-97a7-53af0f78ad1d.__CR0,0,2048,2048_PT0_SX300_V1___.jpg"
B0CP5DZ4CY,a_plus,2,"https://m.media-amazon.com/images/S/aplus-media-library-service-media/608fdd08-60bf-4fb6-989a-40f419240723.__CR0,0,1594,986_PT0_SX970_V1___.png"
B0CP5DZ4CY,a_plus,3,"https://m.media-amazon.com/images/S/aplus-media-library-service-media/37301fdc-d694-4e06-95d7-89d540845836.__CR0,0,970,600_PT0_SX970_V1___.png"
B0CP5DZ4CY,a_plus,4,"https://m.media-amazon.com/images/S/aplus-media-library-service-media/000cb33a-c2ab-4911-8ee7-f885e18ce28c.__CR0,0,970,300_PT0_SX970_V1___.png"
B0CP5DZ4CY,a_plus,5,"https://m.media-amazon.com/images/S/aplus-media-library-service-media/83052e5e-c2ea-422c-97a7-53af0f78ad1d.__CR0,0,2048,2048_PT0_SX300_V1___.jpg"
B0CP5DZ4CY,a_plus,6,"https://m.media-amazon.com/images/S/aplus-media-library-service-media/608fdd08-60bf-4fb6-989a-40f419240723.__CR0,0,1594,986_PT0_SX970_V1___.png"
B0CP5DZ4CY,a_plus,7,"https://m.media-amazon.com/images/S/aplus-media-library-service-media/37301fdc-d694-4e06-95d7-89d540845836.__CR0,0,970,600_PT0_SX970_V1___.png"
B0FXWZGZZK,high_resolution,0,https://m.media-amazon.com/images/I/71OhRvZ3ssL._AC_SL1500_.jpg
B0FXWZGZZK,high_resolution,1,https://m.media-amazon.com/images/I/61Ae3SK093L._AC_SL1500_.jpg
B0FXWZGZZK,high_resolution,2,https://m.media-amazon.com/images/I/71Sy3WuMk3L._AC_SL1500_.jpg
B0FXWZGZZK,high_resolution,3,https://m.media-amazon.com/images/I/81z6M2iXuyL._AC_SL1500_.jpg
B0FXWZGZZK,high_resolution,4,https://m.media-amazon.com/images/I/813OzwkKgtL._AC_SL1500_.jpg
B0FXWZGZZK,high_resolution,5,https://m.media-amazon.com/images/I/81tsO7yCAvL._AC_SL1500_.jpg
B0FXWZGZZK,high_resolution,6,https://m.media-amazon.com/images/I/81FC+z40sdL._AC_SL1500_.jpg
B0FXWZGZZK,high_resolution,7,https://m.media-amazon.com/images/I/61zA9zlBCpL._AC_SL1500_.jpg
B0FXWZGZZK,a_plus,0,"https://m.media-amazon.com/images/S/aplus-media-library-service-media/cc07b0b5-9b49-4e78-97a2-9ec2b88bb76b.__CR0,0,1464,600_PT0_SX1464_V1___.jpg"
B0FXWZGZZK,a_plus,1,"https://m.media-amazon.com/images/S/aplus-media-library-service-media/d3d949a0-9dbd-4426-85c7-05183377e98c.__CR0,0,1464,600_PT0_SX1464_V1___.jpg"
B0FXWZGZZK,a_plus,2,"https://m.media-amazon.com/images/S/aplus-media-library-service-media/a63be7b4-6584-4d9d-af73-275817d19080.__CR0,0,1464,600_PT0_SX1464_V1___.jpg"
B0FXWZGZZK,a_plus,3,"https://m.media-amazon.com/images/S/aplus-media-library-service-media/e63c22ed-1ca3-460c-9d52-39f77d0855ff.__CR0,0,1464,600_PT0_SX1464_V1___.jpg"
B0FXWZGZZK,a_plus,4,"https://m.media-amazon.com/images/S/aplus-media-library-service-media/f2bea9df-9802-4848-a0e2-814c480be7b3.__CR0,0,1464,600_PT0_SX1464_V1___.jpg"
B0FXWZGZZK,a_plus,5,"https://m.media-amazon.com/images/S/aplus-media-library-service-media/5984e90a-29ed-438e-9da3-736ac4d3f37f.__CR0,0,1464,600_PT0_SX1464_V1___.jpg"
B0FXWZGZZK,a_plus,6,https://m.media-amazon.com/images/S/vse-vms-transcoding-artifact-eu-west-1-prod/e2af446d-b755-4db9-9b60-e6febd268c2f/default.jobtemplate.hls.m3u8
B0FXWZGZZK,a_plus,7,https://m.media-amazon.com/images/S/vse-vms-transcoding-artifact-eu-west-1-prod/e2af446d-b755-4db9-9b60-e6febd268c2f/default.jobtemplate.hls.m3u8
B0FXWZGZZK,a_plus,8,"https://m.media-amazon.com/images/S/aplus-media-library-service-media/cc07b0b5-9b49-4e78-97a2-9ec2b88bb76b.__CR0,0,1464,600_PT0_SX1464_V1___.jpg"
B0FXWZGZZK,a_plus,9,"https://m.media-amazon.com/images/S/aplus-media-library-service-media/d3d949a0-9dbd-4426-85c7-05183377e98c.__CR0,0,1464,600_PT0_SX1464_V1___.jpg"
B0FXWZGZZK,a_plus,10,"https://m.media-amazon.com/images/S/aplus-media-library-service-media/a63be7b4-6584-4d9d-af73-275817d19080.__CR0,0,1464,600_PT0_SX1464_V1___.jpg"
B0FXWZGZZK,a_plus,11,"https://m.media-amazon.com/images/S/aplus-media-library-service-media/e63c22ed-1ca3-460c-9d52-39f77d0855ff.__CR0,0,1464,600_PT0_SX1464_V1___.jpg"
B0FXWZGZZK,a_plus,12,"https://m.media-amazon.com/images/S/aplus-media-library-service-media/f2bea9df-9802-4848-a0e2-814c480be7b3.__CR0,0,1464,600_PT0_SX1464_V1___.jpg"
B0FXWZGZZK,a_plus,13,"https://m.media-amazon.com/images/S/aplus-media-library-service-media/5984e90a-29ed-438e-9da3-736ac4d3f37f.__CR0,0,1464,600_PT0_SX1464_V1___.jpg"
B0F9F7BW9W,high_resolution,0,https://m.media-amazon.com/images/I/81aafpid17L._AC_SL1500_.jpg
B0F9F7BW9W,high_resolution,1,https://m.media-amazon.com/images/I/71-Tx+oB+JL._AC_SL1500_.jpg
B0F9F7BW9W,high_resolution,2,https://m.media-amazon.com/images/I/81t-nwklPvL._AC_SL1500_.jpg
B0F9F7BW9W,high_resolution,3,https://m.media-amazon.com/images/I/81bBH+MHDbL._AC_SL1500_.jpg
B0F9F7BW9W,high_resolution,4,https://m.media-amazon.com/images/I/81geCQzRn1L._AC_SL1500_.jpg
B0F9F7BW9W,high_resolution,5,https://m.media-amazon.com/images/I/71liBVzo-LL._AC_SL1500_.jpg
B0F9F7BW9W,high_resolution,6,https://m.media-amazon.com/images/I/71CURPZeCiL._AC_SL1500_.jpg
B0F9F7BW9W,high_resolution,7,https://m.media-amazon.com/images/I/81QIazGCjDL._AC_SL1500_.jpg
B0F9F7BW9W,high_resolution,8,https://m.media-amazon.com/images/I/8103aJM7qxL._AC_SL1500_.jpg
B0F9F7BW9W,a_plus,0,"https://m.media-amazon.com/images/S/aplus-media-library-service-media/018e9492-8508-401a-968b-23335d2ddef3.__CR0,0,970,600_PT0_SX970_V1___.jpg"
B0F9F7BW9W,a_plus,1,"https://m.media-amazon.com/images/S/aplus-media-library-service-media/62f6a4ac-9f6e-4b49-a66b-805097f65dd7.__CR0,0,970,600_PT0_SX970_V1___.jpg"
B0F9F7BW9W,a_plus,2,"https://m.media-amazon.com/images/S/aplus-media-library-service-media/40203ba8-c2a6-4be5-ac68-198a01c87522.__CR0,0,970,600_PT0_SX970_V1___.jpg"
B0F9F7BW9W,a_plus,3,"https://m.media-amazon.com/images/S/aplus-media-library-service-media/07c6d67c-b725-47ec-aeac-4db254e81d98.__CR0,0,970,600_PT0_SX970_V1___.jpg"
B0F9F7BW9W,a_plus,4,"https://m.media-amazon.com/images/S/aplus-media-library-service-media/4b7cb023-b51c-4f90-b65e-30d5839d2373.__CR0,0,970,600_PT0_SX970_V1___.jpg"
B0F9F7BW9W,a_plus,5,"https://m.media-amazon.com/images/S/aplus-media-library-service-media/ade03908-cdcf-43e9-add3-6787fb54e56d.__CR0,0,970,600_PT0_SX970_V1___.jpg"
B0F9F7BW9W,a_plus,6,"https://m.media-amazon.com/images/S/aplus-media-library-service-media/5b9efe25-a987-4e5b-93d8-6a6c973fd70c.__CR0,0,970,600_PT0_SX970_V1___.jpg"
B0F9F7BW9W,a_plus,7,"https://m.media-amazon.com/images/S/aplus-media-library-service-media/018e9492-8508-401a-968b-23335d2ddef3.__CR0,0,970,600_PT0_SX970_V1___.jpg"
B0F9F7BW9W,a_plus,8,"https://m.media-amazon.com/images/S/aplus-media-library-service-media/62f6a4ac-9f6e-4b49-a66b-805097f65dd7.__CR0,0,970,600_PT0_SX970_V1___.jpg"
B0F9F7BW9W,a_plus,9,"https://m.media-amazon.com/images/S/aplus-media-library-service-media/40203ba8-c2a6-4be5-ac68-198a01c87522.__CR0,0,970,600_PT0_SX970_V1___.jpg"
B0F9F7BW9W,a_plus,10,"https://m.media-amazon.com/images/S/aplus-media-library-service-media/07c6d67c-b725-47ec-aeac-4db254e81d98.__CR0,0,970,600_PT0_SX970_V1___.jpg"
B0F9F7BW9W,a_plus,11,"https://m.media-amazon.com/images/S/aplus-media-library-service-media/4b7cb023-b51c-4f90-b65e-30d5839d2373.__CR0,0,970,600_PT0_SX970_V1___.jpg"
B0F9F7BW9W,a_plus,12,"https://m.media-amazon.com/images/S/aplus-media-library-service-media/ade03908-cdcf-43e9-add3-6787fb54e56d.__CR0,0,970,600_PT0_SX970_V1___.jpg"
B0F9F7BW9W,a_plus,13,"https://m.media-amazon.com/images/S/aplus-media-library-service-media/5b9efe25-a987-4e5b-93d8-6a6c973fd70c.__CR0,0,970,600_PT0_SX970_V1___.jpg"
B0F1Y484RH,high_resolution,0,https://m.media-amazon.com/images/I/61i6b0anPDL._AC_SL1500_.jpg
B0F1Y484RH,high_resolution,1,https://m.media-amazon.com/images/I/71fgSTjcOaL._AC_SL1500_.jpg
B0F1Y484RH,high_resolution,2,https://m.media-amazon.com/images/I/51oYnjZKjtL._AC_SL1500_.jpg
B0F1Y484RH,high_resolution,3,https://m.media-amazon.com/images/I/61u2E5nX0aL._AC_SL1500_.jpg
B0F1Y484RH,high_resolution,4,https://m.media-amazon.com/images/I/61GfBWCtGEL._AC_SL1500_.jpg
B0F1Y484RH,high_resolution,5,https://m.media-amazon.com/images/I/61MIZ4mYa+L._AC_SL1500_.jpg
B0F1Y484RH,high_resolution,6,https://m.media-amazon.com/images/I/61A-TwYoxxL._AC_SL1500_.jpg
B0F1Y484RH,high_resolution,7,https://m.media-amazon.com/images/I/614cEcQkNBL._AC_SL1500_.jpg
B0F1Y484RH,high_resolution,8,https://m.media-amazon.com/images/I/61MYImkbqfL._AC_SL1500_.jpg
B0F1Y484RH,a_plus,0,"https://m.media-amazon.com/images/S/aplus-media-library-service-media/b77c0428-0844-4afe-a651-2c294e9c9f0a.__CR0,0,2928,1200_PT0_SX1464_V1___.jpg"
B0F1Y484RH,a_plus,1,"https://m.media-amazon.com/images/S/aplus-media-library-service-media/4ab0fe77-0d8e-4970-ae0a-ccc611971527.__CR0,0,2928,1200_PT0_SX1464_V1___.jpg"
B0F1Y484RH,a_plus,2,"https://m.media-amazon.com/images/S/aplus-media-library-service-media/df65c589-0b78-47d9-8001-42dc68c90fcd.__CR0,0,2928,1200_PT0_SX1464_V1___.jpg"
B0F1Y484RH,a_plus,3,"https://m.media-amazon.com/images/S/aplus-media-library-service-media/501bef77-9d29-4ec7-bbfe-918f98e05ed3.__CR0,0,2928,1200_PT0_SX1464_V1___.jpg"
B0F1Y484RH,a_plus,4,"https://m.media-amazon.com/images/S/aplus-media-library-service-media/b77c0428-0844-4afe-a651-2c294e9c9f0a.__CR0,0,2928,1200_PT0_SX1464_V1___.jpg"
B0F1Y484RH,a_plus,5,"https://m.media-amazon.com/images/S/aplus-media-library-service-media/4ab0fe77-0d8e-4970-ae0a-ccc611971527.__CR0,0,2928,1200_PT0_SX1464_V1___.jpg"
B0F1Y484RH,a_plus,6,"https://m.media-amazon.com/images/S/aplus-media-library-service-media/df65c589-0b78-47d9-8001-42dc68c90fcd.__CR0,0,2928,1200_PT0_SX1464_V1___.jpg"
B0F1Y484RH,a_plus,7,"https://m.media-amazon.com/images/S/aplus-media-library-service-media/501bef77-9d29-4ec7-bbfe-918f98e05ed3.__CR0,0,2928,1200_PT0_SX1464_V1___.jpg"
B0GX5HS9WF,high_resolution,0,https://m.media-amazon.com/images/I/81KorpR-LML._AC_SL1500_.jpg
B0GX5HS9WF,high_resolution,1,https://m.media-amazon.com/images/I/71tZkz5DXSL._AC_SL1500_.jpg
B0GX5HS9WF,high_resolution,2,https://m.media-amazon.com/images/I/71TTqPzP+yL._AC_SL1500_.jpg
B0GX5HS9WF,high_resolution,3,https://m.media-amazon.com/images/I/91VSnnqw23L._AC_SL1500_.jpg
B0GX5HS9WF,high_resolution,4,https://m.media-amazon.com/images/I/81crTnZ2MEL._AC_SL1500_.jpg
B0GX5HS9WF,high_resolution,5,https://m.media-amazon.com/images/I/814oK-oAhWL._AC_SL1500_.jpg
B0GX5HS9WF,high_resolution,6,https://m.media-amazon.com/images/I/81WmSdhY1bL._AC_SL1500_.jpg
B0GX5HS9WF,high_resolution,7,https://m.media-amazon.com/images/I/71FEb2zE8BL._AC_SL1500_.jpg
B0GX5HS9WF,a_plus,0,"https://m.media-amazon.com/images/S/aplus-media-library-service-media/48a080fd-2b0e-4da0-8bd9-b9fc422a68d4.__CR0,0,1464,600_PT0_SX1464_V1___.jpg"
B0GX5HS9WF,a_plus,1,"https://m.media-amazon.com/images/S/aplus-media-library-service-media/b94c7075-a604-43fb-8e0f-3b7d3f967708.__CR0,0,1464,600_PT0_SX1464_V1___.jpg"
B0GX5HS9WF,a_plus,2,"https://m.media-amazon.com/images/S/aplus-media-library-service-media/5e75f406-b3cf-4b2a-99ac-feb6dbaf802c.__CR0,0,1464,600_PT0_SX1464_V1___.jpg"
B0GX5HS9WF,a_plus,3,"https://m.media-amazon.com/images/S/aplus-media-library-service-media/94f1caf5-dbbb-4d17-a3f9-8adf635022ae.__CR0,0,1464,600_PT0_SX1464_V1___.jpg"
B0GX5HS9WF,a_plus,4,"https://m.media-amazon.com/images/S/aplus-media-library-service-media/c8502c9a-7fa0-4b0c-b3fe-82ecbd916f00.__CR0,0,1464,600_PT0_SX1464_V1___.jpg"
B0GX5HS9WF,a_plus,5,"https://m.media-amazon.com/images/S/aplus-media-library-service-media/48a080fd-2b0e-4da0-8bd9-b9fc422a68d4.__CR0,0,1464,600_PT0_SX1464_V1___.jpg"
B0GX5HS9WF,a_plus,6,"https://m.media-amazon.com/images/S/aplus-media-library-service-media/b94c7075-a604-43fb-8e0f-3b7d3f967708.__CR0,0,1464,600_PT0_SX1464_V1___.jpg"
B0GX5HS9WF,a_plus,7,"https://m.media-amazon.com/images/S/aplus-media-library-service-media/5e75f406-b3cf-4b2a-99ac-feb6dbaf802c.__CR0,0,1464,600_PT0_SX1464_V1___.jpg"
B0GX5HS9WF,a_plus,8,"https://m.media-amazon.com/images/S/aplus-media-library-service-media/94f1caf5-dbbb-4d17-a3f9-8adf635022ae.__CR0,0,1464,600_PT0_SX1464_V1___.jpg"
B0GX5HS9WF,a_plus,9,"https://m.media-amazon.com/images/S/aplus-media-library-service-media/c8502c9a-7fa0-4b0c-b3fe-82ecbd916f00.__CR0,0,1464,600_PT0_SX1464_V1___.jpg"
B0FK57MTS3,high_resolution,0,https://m.media-amazon.com/images/I/61JHac3M6iL._AC_SL1500_.jpg
B0FK57MTS3,high_resolution,1,https://m.media-amazon.com/images/I/81iwMjZVTPL._AC_SL1500_.jpg
B0FK57MTS3,high_resolution,2,https://m.media-amazon.com/images/I/81sBBkeciQL._AC_SL1500_.jpg
B0FK57MTS3,high_resolution,3,https://m.media-amazon.com/images/I/81y9TlYK2dL._AC_SL1500_.jpg
B0FK57MTS3,high_resolution,4,https://m.media-amazon.com/images/I/81tHJ0ELjbL._AC_SL1500_.jpg
B0FK57MTS3,high_resolution,5,https://m.media-amazon.com/images/I/61RfnJjR-+L._AC_SL1500_.jpg
B0FK57MTS3,high_resolution,6,https://m.media-amazon.com/images/I/71wBf-lnl2L._AC_SL1500_.jpg
B0FK57MTS3,high_resolution,7,https://m.media-amazon.com/images/I/71DGmunUmzL._AC_SL1500_.jpg
B0FK57MTS3,high_resolution,8,https://m.media-amazon.com/images/I/81-6colZ4+L._AC_SL1500_.jpg
B0FK57MTS3,a_plus,0,"https://m.media-amazon.com/images/S/aplus-media-library-service-media/9ad7336e-1914-47e4-ab55-a7215b1c1b5c.__CR0,0,1940,1200_PT0_SX970_V1___.jpg"
B0FK57MTS3,a_plus,1,"https://m.media-amazon.com/images/S/aplus-media-library-service-media/2fe54077-ee90-48e8-bfc8-339588f6cac5.__CR0,0,300,400_PT0_SX300_V1___.jpg"
B0FK57MTS3,a_plus,2,"https://m.media-amazon.com/images/S/aplus-media-library-service-media/a95b6358-934f-454a-bb40-625470c33454.__CR0,0,350,175_PT0_SX350_V1___.jpg"
B0FK57MTS3,a_plus,3,"https://m.media-amazon.com/images/S/aplus-media-library-service-media/9ad7336e-1914-47e4-ab55-a7215b1c1b5c.__CR0,0,1940,1200_PT0_SX970_V1___.jpg"
B0FK57MTS3,a_plus,4,"https://m.media-amazon.com/images/S/aplus-media-library-service-media/2fe54077-ee90-48e8-bfc8-339588f6cac5.__CR0,0,300,400_PT0_SX300_V1___.jpg"
B0FK57MTS3,a_plus,5,"https://m.media-amazon.com/images/S/aplus-media-library-service-media/a95b6358-934f-454a-bb40-625470c33454.__CR0,0,350,175_PT0_SX350_V1___.jpg"
B0DK92XF9Q,high_resolution,0,https://m.media-amazon.com/images/I/612pXfT7iAL._AC_SL1500_.jpg
B0DK92XF9Q,high_resolution,1,https://m.media-amazon.com/images/I/91kiq7nu1NL._AC_SL1500_.jpg
B0DK92XF9Q,high_resolution,2,https://m.media-amazon.com/images/I/61kOuEVSlSL._AC_SL1500_.jpg
B0DK92XF9Q,high_resolution,3,https://m.media-amazon.com/images/I/81BsUnbIT+L._AC_SL1500_.jpg
B0DK92XF9Q,high_resolution,4,https://m.media-amazon.com/images/I/71afhGzguCL._AC_SL1500_.jpg
B0DK92XF9Q,high_resolution,5,https://m.media-amazon.com/images/I/71Z7H4TV3ML._AC_SL1500_.jpg
B0DK92XF9Q,high_resolution,6,https://m.media-amazon.com/images/I/91TkNARkgBL._AC_SL1500_.jpg
B0DK92XF9Q,a_plus,0,"https://m.media-amazon.com/images/S/aplus-media-library-service-media/fd9cd241-d6f8-4d89-8711-28bd58038c49.__CR1,0,2999,1229_PT0_SX1464_V1___.jpg"
B0DK92XF9Q,a_plus,1,"https://m.media-amazon.com/images/S/aplus-media-library-service-media/9f8163df-9055-4fcb-94a2-731878608c83.__CR1,0,2999,1229_PT0_SX1464_V1___.jpg"
B0DK92XF9Q,a_plus,2,"https://m.media-amazon.com/images/S/aplus-media-library-service-media/ad397d93-582f-403b-9711-6a9f8f0616ae.__CR0,0,1464,600_PT0_SX1464_V1___.png"
B0DK92XF9Q,a_plus,3,"https://m.media-amazon.com/images/S/aplus-media-library-service-media/b7f45581-2aec-4e14-9f1a-a647e110e2ff.__CR1,0,2999,1229_PT0_SX1464_V1___.jpg"
B0DK92XF9Q,a_plus,4,"https://m.media-amazon.com/images/S/aplus-media-library-service-media/fd9cd241-d6f8-4d89-8711-28bd58038c49.__CR1,0,2999,1229_PT0_SX1464_V1___.jpg"
B0DK92XF9Q,a_plus,5,"https://m.media-amazon.com/images/S/aplus-media-library-service-media/9f8163df-9055-4fcb-94a2-731878608c83.__CR1,0,2999,1229_PT0_SX1464_V1___.jpg"
B0DK92XF9Q,a_plus,6,"https://m.media-amazon.com/images/S/aplus-media-library-service-media/ad397d93-582f-403b-9711-6a9f8f0616ae.__CR0,0,1464,600_PT0_SX1464_V1___.png"
B0DK92XF9Q,a_plus,7,"https://m.media-amazon.com/images/S/aplus-media-library-service-media/b7f45581-2aec-4e14-9f1a-a647e110e2ff.__CR1,0,2999,1229_PT0_SX1464_V1___.jpg"
B0GY872VLJ,high_resolution,0,https://m.media-amazon.com/images/I/81rDQcvTCfL._AC_SL1500_.jpg
B0GY872VLJ,high_resolution,1,https://m.media-amazon.com/images/I/71STxefALNL._AC_SL1500_.jpg
B0GY872VLJ,high_resolution,2,https://m.media-amazon.com/images/I/81F5WedOrjL._AC_SL1500_.jpg
B0GY872VLJ,high_resolution,3,https://m.media-amazon.com/images/I/81uUoul0FpL._AC_SL1500_.jpg
B0GY872VLJ,high_resolution,4,https://m.media-amazon.com/images/I/81JqSld589L._AC_SL1500_.jpg
B0GY872VLJ,high_resolution,5,https://m.media-amazon.com/images/I/81zVGtTaQGL._AC_SL1500_.jpg
B0GY872VLJ,high_resolution,6,https://m.media-amazon.com/images/I/81ELifYoxgL._AC_SL1500_.jpg
B0GY872VLJ,high_resolution,7,https://m.media-amazon.com/images/I/81WO+L7YnwL._AC_SL1500_.jpg
B0GY872VLJ,high_resolution,8,https://m.media-amazon.com/images/I/81IkTMt5IAL._AC_SL1500_.jpg
B0GY872VLJ,high_resolution,9,https://m.media-amazon.com/images/I/81MpLQjVSoL._AC_SL1500_.jpg
B0GY872VLJ,a_plus,0,"https://m.media-amazon.com/images/S/aplus-media-library-service-media/f094d618-58d6-4280-bcf9-8e74fa1cd771.__CR0,0,970,600_PT0_SX970_V1___.jpg"
B0GY872VLJ,a_plus,1,"https://m.media-amazon.com/images/S/aplus-media-library-service-media/6c1e2e44-701b-48e1-a61b-83a5c162060c.__CR0,0,970,600_PT0_SX970_V1___.jpg"
B0GY872VLJ,a_plus,2,"https://m.media-amazon.com/images/S/aplus-media-library-service-media/95f0897e-f65a-4e3f-94ce-7aa1714f4d1b.__CR0,0,970,600_PT0_SX970_V1___.jpg"
B0GY872VLJ,a_plus,3,"https://m.media-amazon.com/images/S/aplus-media-library-service-media/f92e36cc-70ce-4776-842a-17899f9eaa41.__CR0,0,300,300_PT0_SX300_V1___.jpg"
B0GY872VLJ,a_plus,4,"https://m.media-amazon.com/images/S/aplus-media-library-service-media/ed3a45b9-e842-4373-8448-66f345c43686.__CR0,0,300,300_PT0_SX300_V1___.jpg"
B0GY872VLJ,a_plus,5,"https://m.media-amazon.com/images/S/aplus-media-library-service-media/80b541d2-6c46-4be7-b4a5-31c8aa136b3c.__CR0,0,300,300_PT0_SX300_V1___.jpg"
B0GY872VLJ,a_plus,6,"https://m.media-amazon.com/images/S/aplus-media-library-service-media/168dd591-3db6-4b33-a7eb-ef572928240d.__CR0,0,300,300_PT0_SX300_V1___.jpg"
B0GY872VLJ,a_plus,7,"https://m.media-amazon.com/images/S/aplus-media-library-service-media/24a0cc2c-5971-446e-b575-582dcee1c94b.__CR0,0,300,300_PT0_SX300_V1___.jpg"
B0GY872VLJ,a_plus,8,"https://m.media-amazon.com/images/S/aplus-media-library-service-media/cdd89cb4-3921-4b3b-ae9a-2bd82ae60d80.__CR0,0,300,300_PT0_SX300_V1___.jpg"
B0GY872VLJ,a_plus,9,"https://m.media-amazon.com/images/S/aplus-media-library-service-media/f094d618-58d6-4280-bcf9-8e74fa1cd771.__CR0,0,970,600_PT0_SX970_V1___.jpg"
B0GY872VLJ,a_plus,10,"https://m.media-amazon.com/images/S/aplus-media-library-service-media/6c1e2e44-701b-48e1-a61b-83a5c162060c.__CR0,0,970,600_PT0_SX970_V1___.jpg"
B0GY872VLJ,a_plus,11,"https://m.media-amazon.com/images/S/aplus-media-library-service-media/95f0897e-f65a-4e3f-94ce-7aa1714f4d1b.__CR0,0,970,600_PT0_SX970_V1___.jpg"
B0GY872VLJ,a_plus,12,"https://m.media-amazon.com/images/S/aplus-media-library-service-media/f92e36cc-70ce-4776-842a-17899f9eaa41.__CR0,0,300,300_PT0_SX300_V1___.jpg"
B0GY872VLJ,a_plus,13,"https://m.media-amazon.com/images/S/aplus-media-library-service-media/ed3a45b9-e842-4373-8448-66f345c43686.__CR0,0,300,300_PT0_SX300_V1___.jpg"
B0GY872VLJ,a_plus,14,"https://m.media-amazon.com/images/S/aplus-media-library-service-media/80b541d2-6c46-4be7-b4a5-31c8aa136b3c.__CR0,0,300,300_PT0_SX300_V1___.jpg"
B0GY872VLJ,a_plus,15,"https://m.media-amazon.com/images/S/aplus-media-library-service-media/168dd591-3db6-4b33-a7eb-ef572928240d.__CR0,0,300,300_PT0_SX300_V1___.jpg"
B0GY872VLJ,a_plus,16,"https://m.media-amazon.com/images/S/aplus-media-library-service-media/24a0cc2c-5971-446e-b575-582dcee1c94b.__CR0,0,300,300_PT0_SX300_V1___.jpg"
B0GY872VLJ,a_plus,17,"https://m.media-amazon.com/images/S/aplus-media-library-service-media/cdd89cb4-3921-4b3b-ae9a-2bd82ae60d80.__CR0,0,300,300_PT0_SX300_V1___.jpg"
B0FFT3FCZC,high_resolution,0,https://m.media-amazon.com/images/I/71dR7hPymFL._AC_SL1500_.jpg
B0FFT3FCZC,high_resolution,1,https://m.media-amazon.com/images/I/819dXg0+TFL._AC_SL1500_.jpg
B0FFT3FCZC,high_resolution,2,https://m.media-amazon.com/images/I/61Kptlo2tcL._AC_SL1500_.jpg
B0FFT3FCZC,high_resolution,3,https://m.media-amazon.com/images/I/818QZyfZ+oL._AC_SL1500_.jpg
B0FFT3FCZC,high_resolution,4,https://m.media-amazon.com/images/I/818M4c8ynRL._AC_SL1500_.jpg
B0FFT3FCZC,high_resolution,5,https://m.media-amazon.com/images/I/71v34Gi2EkL._AC_SL1500_.jpg
B0FFT3FCZC,high_resolution,6,https://m.media-amazon.com/images/I/81as9dCdz6L._AC_SL1500_.jpg
B0FFT3FCZC,high_resolution,7,https://m.media-amazon.com/images/I/81toeP7F48L._AC_SL1500_.jpg
B0FFT3FCZC,a_plus,0,"https://m.media-amazon.com/images/S/aplus-media-library-service-media/b038b59a-fbae-4fb2-9494-e457b02cbb8e.__CR0,0,1464,600_PT0_SX1464_V1___.jpg"
B0FFT3FCZC,a_plus,1,"https://m.media-amazon.com/images/S/aplus-media-library-service-media/360a12be-c73f-4b8f-ab9b-401b5a60dd1a.__CR0,0,300,225_PT0_SX300_V1___.jpg"
B0FFT3FCZC,a_plus,2,"https://m.media-amazon.com/images/S/aplus-media-library-service-media/e3ab9267-9a70-4de9-9daa-132fc8edd58a.__CR0,0,300,225_PT0_SX300_V1___.jpg"
B0FFT3FCZC,a_plus,3,"https://m.media-amazon.com/images/S/aplus-media-library-service-media/302dd064-ceca-44de-9f1f-9a2d0c45dd3d.__CR0,0,300,225_PT0_SX300_V1___.jpg"
B0FFT3FCZC,a_plus,4,"https://m.media-amazon.com/images/S/aplus-media-library-service-media/68932eaa-692a-4559-af6c-718fdaeee861.__CR0,0,300,225_PT0_SX300_V1___.jpg"
B0FFT3FCZC,a_plus,5,"https://m.media-amazon.com/images/S/aplus-media-library-service-media/215f81e5-ea6f-4832-b17d-6e63a506fbc5.__CR0,0,650,350_PT0_SX650_V1___.jpg"
B0FFT3FCZC,a_plus,6,"https://m.media-amazon.com/images/S/aplus-media-library-service-media/97d86f41-e3f5-4385-a63d-387307c06abb.__CR0,0,650,350_PT0_SX650_V1___.jpg"
B0FFT3FCZC,a_plus,7,"https://m.media-amazon.com/images/S/aplus-media-library-service-media/6097b5bc-136e-4faf-aba4-4c5a12f5e793.__CR0,0,1464,600_PT0_SX1464_V1___.jpg"
B0FFT3FCZC,a_plus,8,"https://m.media-amazon.com/images/S/aplus-media-library-service-media/0c11add2-0b98-4735-a513-3778a3c660e7.__CR0,0,1464,600_PT0_SX1464_V1___.jpg"
B0FFT3FCZC,a_plus,9,"https://m.media-amazon.com/images/S/aplus-media-library-service-media/61fa709d-17fa-4261-b9d6-7a1d0f4d1798.__CR0,0,1464,600_PT0_SX1464_V1___.jpg"
B0FFT3FCZC,a_plus,10,"https://m.media-amazon.com/images/S/aplus-media-library-service-media/b4f49c4e-9016-4760-aaf5-22aeaf67de8c.__CR0,0,1464,600_PT0_SX1464_V1___.jpg"
B0FFT3FCZC,a_plus,11,"https://m.media-amazon.com/images/S/aplus-media-library-service-media/0c11add2-0b98-4735-a513-3778a3c660e7.__CR0,0,1464,600_PT0_SX1464_V1___.jpg"
B0FFT3FCZC,a_plus,12,"https://m.media-amazon.com/images/S/aplus-media-library-service-media/cd15567b-870b-4ac2-a69f-b8ffb05fbe21.__CR0,0,1464,600_PT0_SX1464_V1___.jpg"
B0FFT3FCZC,a_plus,13,"https://m.media-amazon.com/images/S/aplus-media-library-service-media/16f995bf-a76c-4348-9915-3b66288b0538.__CR0,0,1464,600_PT0_SX1464_V1___.jpg"
B0FFT3FCZC,a_plus,14,"https://m.media-amazon.com/images/S/aplus-media-library-service-media/649c2eb1-935c-411d-a7c3-5e485dd744e9.__CR0,0,1464,600_PT0_SX1464_V1___.jpg"
B0FFT3FCZC,a_plus,15,"https://m.media-amazon.com/images/S/aplus-media-library-service-media/b6fd48f7-0f0f-4b7b-b0d7-c781b2b6f1ef.__CR0,0,1464,600_PT0_SX1464_V1___.jpg"
B0FFT3FCZC,a_plus,16,"https://m.media-amazon.com/images/S/aplus-media-library-service-media/61fa709d-17fa-4261-b9d6-7a1d0f4d1798.__CR0,0,1464,600_PT0_SX1464_V1___.jpg"
B0FFT3FCZC,a_plus,17,"https://m.media-amazon.com/images/S/aplus-media-library-service-media/ced2fb10-fd49-40ff-8163-39a7f8663f51.__CR0,0,1464,600_PT0_SX1464_V1___.jpg"
B0FFT3FCZC,a_plus,18,"https://m.media-amazon.com/images/S/aplus-media-library-service-media/4f58bb4e-da44-4648-bb26-b23637ea423a.__CR0,0,1464,600_PT0_SX1464_V1___.jpg"
B0FFT3FCZC,a_plus,19,"https://m.media-amazon.com/images/S/aplus-media-library-service-media/e4e0ed69-7cc6-4c82-96bc-ce4c436476b5.__CR0,0,1464,600_PT0_SX1464_V1___.jpg"
B0FFT3FCZC,a_plus,20,"https://m.media-amazon.com/images/S/aplus-media-library-service-media/4ee54ee1-3ea5-458f-ad63-fe3c66b1c6de.__CR0,0,1464,600_PT0_SX1464_V1___.jpg"
B0FFT3FCZC,a_plus,21,"https://m.media-amazon.com/images/S/aplus-media-library-service-media/b4f49c4e-9016-4760-aaf5-22aeaf67de8c.__CR0,0,1464,600_PT0_SX1464_V1___.jpg"
B0FFT3FCZC,a_plus,22,"https://m.media-amazon.com/images/S/aplus-media-library-service-media/02758d37-a18c-4d60-be4b-7ff2705efcc7.__CR0,0,1464,600_PT0_SX1464_V1___.jpg"
B0FFT3FCZC,a_plus,23,"https://m.media-amazon.com/images/S/aplus-media-library-service-media/bd0263cd-98cb-4c30-8df5-9dcdf8bc30b6.__CR0,0,1464,600_PT0_SX1464_V1___.jpg"
B0FFT3FCZC,a_plus,24,"https://m.media-amazon.com/images/S/aplus-media-library-service-media/9e46ad88-e049-4f2f-8328-c004aaa508da.__CR0,0,1464,600_PT0_SX1464_V1___.jpg"
B0FFT3FCZC,a_plus,25,"https://m.media-amazon.com/images/S/aplus-media-library-service-media/502e15e0-7774-4768-92af-f91627eca096.__CR0,0,1464,600_PT0_SX1464_V1___.jpg"
B0FFT3FCZC,a_plus,26,"https://m.media-amazon.com/images/S/aplus-media-library-service-media/b038b59a-fbae-4fb2-9494-e457b02cbb8e.__CR0,0,1464,600_PT0_SX1464_V1___.jpg"
B0FFT3FCZC,a_plus,27,"https://m.media-amazon.com/images/S/aplus-media-library-service-media/360a12be-c73f-4b8f-ab9b-401b5a60dd1a.__CR0,0,300,225_PT0_SX300_V1___.jpg"
B0FFT3FCZC,a_plus,28,"https://m.media-amazon.com/images/S/aplus-media-library-service-media/e3ab9267-9a70-4de9-9daa-132fc8edd58a.__CR0,0,300,225_PT0_SX300_V1___.jpg"
B0FFT3FCZC,a_plus,29,"https://m.media-amazon.com/images/S/aplus-media-library-service-media/302dd064-ceca-44de-9f1f-9a2d0c45dd3d.__CR0,0,300,225_PT0_SX300_V1___.jpg"
B0FFT3FCZC,a_plus,30,"https://m.media-amazon.com/images/S/aplus-media-library-service-media/68932eaa-692a-4559-af6c-718fdaeee861.__CR0,0,300,225_PT0_SX300_V1___.jpg"
B0FFT3FCZC,a_plus,31,"https://m.media-amazon.com/images/S/aplus-media-library-service-media/215f81e5-ea6f-4832-b17d-6e63a506fbc5.__CR0,0,650,350_PT0_SX650_V1___.jpg"
B0FFT3FCZC,a_plus,32,"https://m.media-amazon.com/images/S/aplus-media-library-service-media/97d86f41-e3f5-4385-a63d-387307c06abb.__CR0,0,650,350_PT0_SX650_V1___.jpg"
B0FFT3FCZC,a_plus,33,"https://m.media-amazon.com/images/S/aplus-media-library-service-media/6097b5bc-136e-4faf-aba4-4c5a12f5e793.__CR0,0,1464,600_PT0_SX1464_V1___.jpg"
B0FFT3FCZC,a_plus,34,"https://m.media-amazon.com/images/S/aplus-media-library-service-media/0c11add2-0b98-4735-a513-3778a3c660e7.__CR0,0,1464,600_PT0_SX1464_V1___.jpg"
B0FFT3FCZC,a_plus,35,"https://m.media-amazon.com/images/S/aplus-media-library-service-media/61fa709d-17fa-4261-b9d6-7a1d0f4d1798.__CR0,0,1464,600_PT0_SX1464_V1___.jpg"
B0FFT3FCZC,a_plus,36,"https://m.media-amazon.com/images/S/aplus-media-library-service-media/b4f49c4e-9016-4760-aaf5-22aeaf67de8c.__CR0,0,1464,600_PT0_SX1464_V1___.jpg"
B0FFT3FCZC,a_plus,37,https://www.amazon.de/dp/B0FFT238HX?ref=emc_p_m_13_i
B0FFT3FCZC,a_plus,38,"https://m.media-amazon.com/images/S/aplus-media-library-service-media/0c11add2-0b98-4735-a513-3778a3c660e7.__CR0,0,1464,600_PT0_SX1464_V1___.jpg"
B0FFT3FCZC,a_plus,39,https://www.amazon.de/dp/B0FFSZCCCG?ref=emc_p_m_13_i
B0FFT3FCZC,a_plus,40,"https://m.media-amazon.com/images/S/aplus-media-library-service-media/cd15567b-870b-4ac2-a69f-b8ffb05fbe21.__CR0,0,1464,600_PT0_SX1464_V1___.jpg"
B0FFT3FCZC,a_plus,41,https://www.amazon.de/dp/B0FFT3BV4L?ref=emc_p_m_13_i
B0FFT3FCZC,a_plus,42,"https://m.media-amazon.com/images/S/aplus-media-library-service-media/16f995bf-a76c-4348-9915-3b66288b0538.__CR0,0,1464,600_PT0_SX1464_V1___.jpg"
B0FFT3FCZC,a_plus,43,https://www.amazon.de/dp/B0FFSYWDKR?ref=emc_p_m_13_i
B0FFT3FCZC,a_plus,44,"https://m.media-amazon.com/images/S/aplus-media-library-service-media/649c2eb1-935c-411d-a7c3-5e485dd744e9.__CR0,0,1464,600_PT0_SX1464_V1___.jpg"
B0FFT3FCZC,a_plus,45,https://www.amazon.de/dp/B0FFT238HX?ref=emc_p_m_13_i
B0FFT3FCZC,a_plus,46,"https://m.media-amazon.com/images/S/aplus-media-library-service-media/b6fd48f7-0f0f-4b7b-b0d7-c781b2b6f1ef.__CR0,0,1464,600_PT0_SX1464_V1___.jpg"
B0FFT3FCZC,a_plus,47,https://www.amazon.de/dp/B0FFT3FCZC?ref=emc_p_m_13_i
B0FFT3FCZC,a_plus,48,"https://m.media-amazon.com/images/S/aplus-media-library-service-media/61fa709d-17fa-4261-b9d6-7a1d0f4d1798.__CR0,0,1464,600_PT0_SX1464_V1___.jpg"
B0FFT3FCZC,a_plus,49,https://www.amazon.de/dp/B0FFT28BLZ?ref=emc_p_m_13_i
B0FFT3FCZC,a_plus,50,"https://m.media-amazon.com/images/S/aplus-media-library-service-media/ced2fb10-fd49-40ff-8163-39a7f8663f51.__CR0,0,1464,600_PT0_SX1464_V1___.jpg"
B0FFT3FCZC,a_plus,51,https://www.amazon.de/dp/B0FFSZ69M3?ref=emc_p_m_13_i
B0FFT3FCZC,a_plus,52,"https://m.media-amazon.com/images/S/aplus-media-library-service-media/4f58bb4e-da44-4648-bb26-b23637ea423a.__CR0,0,1464,600_PT0_SX1464_V1___.jpg"
B0FFT3FCZC,a_plus,53,https://www.amazon.de/dp/B0FFSZNRVS?ref=emc_p_m_13_i
B0FFT3FCZC,a_plus,54,"https://m.media-amazon.com/images/S/aplus-media-library-service-media/e4e0ed69-7cc6-4c82-96bc-ce4c436476b5.__CR0,0,1464,600_PT0_SX1464_V1___.jpg"
B0FFT3FCZC,a_plus,55,https://www.amazon.de/dp/B0FFSX4RZF?ref=emc_p_m_13_i
B0FFT3FCZC,a_plus,56,"https://m.media-amazon.com/images/S/aplus-media-library-service-media/4ee54ee1-3ea5-458f-ad63-fe3c66b1c6de.__CR0,0,1464,600_PT0_SX1464_V1___.jpg"
B0FFT3FCZC,a_plus,57,https://www.amazon.de/dp/B0F3JBH798?ref=emc_p_m_13_i
B0FFT3FCZC,a_plus,58,"https://m.media-amazon.com/images/S/aplus-media-library-service-media/b4f49c4e-9016-4760-aaf5-22aeaf67de8c.__CR0,0,1464,600_PT0_SX1464_V1___.jpg"
B0FFT3FCZC,a_plus,59,https://www.amazon.de/dp/B0FFSZSS96?ref=emc_p_m_13_i
B0FFT3FCZC,a_plus,60,"https://m.media-amazon.com/images/S/aplus-media-library-service-media/02758d37-a18c-4d60-be4b-7ff2705efcc7.__CR0,0,1464,600_PT0_SX1464_V1___.jpg"
B0FFT3FCZC,a_plus,61,https://www.amazon.de/dp/B0FFSZ1WRR?ref=emc_p_m_13_i
B0FFT3FCZC,a_plus,62,"https://m.media-amazon.com/images/S/aplus-media-library-service-media/bd0263cd-98cb-4c30-8df5-9dcdf8bc30b6.__CR0,0,1464,600_PT0_SX1464_V1___.jpg"
B0FFT3FCZC,a_plus,63,https://www.amazon.de/dp/B0F3JCR97Y?ref=emc_p_m_13_i
B0FFT3FCZC,a_plus,64,"https://m.media-amazon.com/images/S/aplus-media-library-service-media/9e46ad88-e049-4f2f-8328-c004aaa508da.__CR0,0,1464,600_PT0_SX1464_V1___.jpg"
B0FFT3FCZC,a_plus,65,https://www.amazon.de/dp/B0FFSZ5ZRT?ref=emc_p_m_13_i
B0FFT3FCZC,a_plus,66,"https://m.media-amazon.com/images/S/aplus-media-library-service-media/502e15e0-7774-4768-92af-f91627eca096.__CR0,0,1464,600_PT0_SX1464_V1___.jpg"
B0BFPZFH1P,high_resolution,0,https://m.media-amazon.com/images/I/617TEQU7atL._AC_SL1500_.jpg
B0BFPZFH1P,high_resolution,1,https://m.media-amazon.com/images/I/71b9iX1b4rL._AC_SL1500_.jpg
B0BFPZFH1P,high_resolution,2,https://m.media-amazon.com/images/I/61us0EzrMjL._AC_SL1500_.jpg
B0BFPZFH1P,high_resolution,3,https://m.media-amazon.com/images/I/818ZlE31RiL._AC_SL1500_.jpg
B0BFPZFH1P,high_resolution,4,https://m.media-amazon.com/images/I/81do6JeZefL._AC_SL1500_.jpg
B0BFPZFH1P,high_resolution,5,https://m.media-amazon.com/images/I/71iCXhTQTKL._AC_SL1500_.jpg
B0BFPZFH1P,high_resolution,6,https://m.media-amazon.com/images/I/81c4Hld9MnL._AC_SL1500_.jpg
B0BFPZFH1P,high_resolution,7,https://m.media-amazon.com/images/I/81RPZkUGXWL._AC_SL1500_.jpg
B0BFPZFH1P,high_resolution,8,https://m.media-amazon.com/images/I/81rvXB2Y+iL._AC_SL1500_.jpg
B0BFPZFH1P,a_plus,0,"https://m.media-amazon.com/images/S/aplus-media-library-service-media/463e0949-388d-40d5-b52a-8a6ec92f76a6.__CR0,28,3024,1239_PT0_SX1464_V1___.png"
B0BFPZFH1P,a_plus,1,"https://m.media-amazon.com/images/S/aplus-media-library-service-media/a0cb78f9-f2d7-4c07-91d5-3a6e98e85df4.__CR0,28,3024,1239_PT0_SX1464_V1___.png"
B0BFPZFH1P,a_plus,2,"https://m.media-amazon.com/images/S/aplus-media-library-service-media/885bf13d-e6d9-407b-a94c-b1419c1afde4.__CR0,28,3024,1239_PT0_SX1464_V1___.png"
B0BFPZFH1P,a_plus,3,"https://m.media-amazon.com/images/S/aplus-media-library-service-media/df782cf9-c343-4343-86e7-1c336ed62d64.__CR0,28,3024,1239_PT0_SX1464_V1___.png"
B0BFPZFH1P,a_plus,4,"https://m.media-amazon.com/images/S/aplus-media-library-service-media/47cb054d-8222-48f4-849e-8067a56541c8.__CR0,28,3024,1239_PT0_SX1464_V1___.png"
B0BFPZFH1P,a_plus,5,"https://m.media-amazon.com/images/S/aplus-media-library-service-media/0158f7be-dbdd-45c4-b3ed-80398573fc81.__CR0,28,3024,1239_PT0_SX1464_V1___.png"
B0BFPZFH1P,a_plus,6,"https://m.media-amazon.com/images/S/aplus-media-library-service-media/b2ac553b-301c-4ebf-8dda-84f397584800.__CR0,28,3024,1239_PT0_SX1464_V1___.png"
B0BFPZFH1P,a_plus,7,"https://m.media-amazon.com/images/S/aplus-media-library-service-media/463e0949-388d-40d5-b52a-8a6ec92f76a6.__CR0,28,3024,1239_PT0_SX1464_V1___.png"
B0BFPZFH1P,a_plus,8,"https://m.media-amazon.com/images/S/aplus-media-library-service-media/a0cb78f9-f2d7-4c07-91d5-3a6e98e85df4.__CR0,28,3024,1239_PT0_SX1464_V1___.png"
B0BFPZFH1P,a_plus,9,"https://m.media-amazon.com/images/S/aplus-media-library-service-media/885bf13d-e6d9-407b-a94c-b1419c1afde4.__CR0,28,3024,1239_PT0_SX1464_V1___.png"
B0BFPZFH1P,a_plus,10,"https://m.media-amazon.com/images/S/aplus-media-library-service-media/df782cf9-c343-4343-86e7-1c336ed62d64.__CR0,28,3024,1239_PT0_SX1464_V1___.png"
B0BFPZFH1P,a_plus,11,"https://m.media-amazon.com/images/S/aplus-media-library-service-media/47cb054d-8222-48f4-849e-8067a56541c8.__CR0,28,3024,1239_PT0_SX1464_V1___.png"
B0BFPZFH1P,a_plus,12,"https://m.media-amazon.com/images/S/aplus-media-library-service-media/0158f7be-dbdd-45c4-b3ed-80398573fc81.__CR0,28,3024,1239_PT0_SX1464_V1___.png"
B0BFPZFH1P,a_plus,13,"https://m.media-amazon.com/images/S/aplus-media-library-service-media/b2ac553b-301c-4ebf-8dda-84f397584800.__CR0,28,3024,1239_PT0_SX1464_V1___.png"
B0G1YMHDTH,high_resolution,0,https://m.media-amazon.com/images/I/81WadicyfTL._AC_SL1500_.jpg
B0G1YMHDTH,high_resolution,1,https://m.media-amazon.com/images/I/61Gmcg0jlUL._AC_SL1500_.jpg
B0G1YMHDTH,high_resolution,2,https://m.media-amazon.com/images/I/71aqsP1sbWL._AC_SL1500_.jpg
B0G1YMHDTH,high_resolution,3,https://m.media-amazon.com/images/I/71iFmHGFKIL._AC_SL1500_.jpg
B0G1YMHDTH,high_resolution,4,https://m.media-amazon.com/images/I/71zg5gKr4GL._AC_SL1500_.jpg
B0G1YMHDTH,high_resolution,5,https://m.media-amazon.com/images/I/71I7qwbfU3L._AC_SL1500_.jpg
B0G1YMHDTH,high_resolution,6,https://m.media-amazon.com/images/I/71qhLdjvQWL._AC_SL1500_.jpg
B0G1YMHDTH,high_resolution,7,https://m.media-amazon.com/images/I/81nFLxe1giL._AC_SL1500_.jpg
B0G1YMHDTH,high_resolution,8,https://m.media-amazon.com/images/I/71csh0mOLJL._AC_SL1500_.jpg
B0G1YMHDTH,high_resolution,9,https://m.media-amazon.com/images/I/51y3dIsfhtL._AC_SL1500_.jpg
B0G1YMHDTH,high_resolution,10,https://m.media-amazon.com/images/I/81xBn3IWMGL._AC_SL1500_.jpg
B0G1YMHDTH,high_resolution,11,https://m.media-amazon.com/images/I/81Lp2ntKSWL._AC_SL1500_.jpg
B0G1YMHDTH,a_plus,0,"https://m.media-amazon.com/images/S/aplus-media-library-service-media/4588658d-2632-4b9a-94a2-58a68b38a4d6.__CR0,0,1464,600_PT0_SX1464_V1___.jpg"
B0G1YMHDTH,a_plus,1,"https://m.media-amazon.com/images/S/aplus-media-library-service-media/24170a89-59c3-414e-b8d6-710dd00cca85.__CR0,0,1464,600_PT0_SX1464_V1___.jpg"
B0G1YMHDTH,a_plus,2,"https://m.media-amazon.com/images/S/aplus-media-library-service-media/43000b39-762b-4158-9dc6-a7d31a49c757.__CR0,0,1464,600_PT0_SX1464_V1___.jpg"
B0G1YMHDTH,a_plus,3,"https://m.media-amazon.com/images/S/aplus-media-library-service-media/e2c2872d-38e1-4153-a59d-67e6940458f9.__CR0,0,1464,600_PT0_SX1464_V1___.jpg"
B0G1YMHDTH,a_plus,4,"https://m.media-amazon.com/images/S/aplus-media-library-service-media/3e268312-931f-4a14-aa4d-86f95a88b4b2.__CR0,0,1464,600_PT0_SX1464_V1___.jpg"
B0G1YMHDTH,a_plus,5,"https://m.media-amazon.com/images/S/aplus-media-library-service-media/db8243c5-2a39-4c40-911a-3e6ed13abf4d.__CR0,0,1464,600_PT0_SX1464_V1___.jpg"
B0G1YMHDTH,a_plus,6,https://m.media-amazon.com/images/S/vse-vms-transcoding-artifact-eu-west-1-prod/d076b54c-bc66-4fe8-86ee-3d6a2cb0eea7/default.jobtemplate.hls.m3u8
B0G1YMHDTH,a_plus,7,"https://m.media-amazon.com/images/S/aplus-media-library-service-media/4588658d-2632-4b9a-94a2-58a68b38a4d6.__CR0,0,1464,600_PT0_SX1464_V1___.jpg"
B0G1YMHDTH,a_plus,8,https://m.media-amazon.com/images/S/vse-vms-transcoding-artifact-eu-west-1-prod/d076b54c-bc66-4fe8-86ee-3d6a2cb0eea7/default.jobtemplate.hls.m3u8
B0G1YMHDTH,a_plus,9,"https://m.media-amazon.com/images/S/aplus-media-library-service-media/24170a89-59c3-414e-b8d6-710dd00cca85.__CR0,0,1464,600_PT0_SX1464_V1___.jpg"
B0G1YMHDTH,a_plus,10,"https://m.media-amazon.com/images/S/aplus-media-library-service-media/43000b39-762b-4158-9dc6-a7d31a49c757.__CR0,0,1464,600_PT0_SX1464_V1___.jpg"
B0G1YMHDTH,a_plus,11,"https://m.media-amazon.com/images/S/aplus-media-library-service-media/e2c2872d-38e1-4153-a59d-67e6940458f9.__CR0,0,1464,600_PT0_SX1464_V1___.jpg"
B0G1YMHDTH,a_plus,12,"https://m.media-amazon.com/images/S/aplus-media-library-service-media/3e268312-931f-4a14-aa4d-86f95a88b4b2.__CR0,0,1464,600_PT0_SX1464_V1___.jpg"
B0G1YMHDTH,a_plus,13,"https://m.media-amazon.com/images/S/aplus-media-library-service-media/db8243c5-2a39-4c40-911a-3e6ed13abf4d.__CR0,0,1464,600_PT0_SX1464_V1___.jpg"
B0FY2TWL3B,high_resolution,0,https://m.media-amazon.com/images/I/71IVMv5HE8L._AC_SL1500_.jpg
B0FY2TWL3B,high_resolution,1,https://m.media-amazon.com/images/I/71BXakwF-YL._AC_SL1500_.jpg
B0FY2TWL3B,high_resolution,2,https://m.media-amazon.com/images/I/81B98ZNFOkL._AC_SL1500_.jpg
B0FY2TWL3B,high_resolution,3,https://m.media-amazon.com/images/I/81NzlobYt4L._AC_SL1500_.jpg
B0FY2TWL3B,high_resolution,4,https://m.media-amazon.com/images/I/81T0BU-F0HL._AC_SL1500_.jpg
B0FY2TWL3B,high_resolution,5,https://m.media-amazon.com/images/I/81XA07GwuNL._AC_SL1500_.jpg
B0FY2TWL3B,high_resolution,6,https://m.media-amazon.com/images/I/81GqpPJx7SL._AC_SL1500_.jpg
B0FY2TWL3B,high_resolution,7,https://m.media-amazon.com/images/I/71DyxUgPVGL._AC_SL1500_.jpg
B0FY2TWL3B,high_resolution,8,https://m.media-amazon.com/images/I/71VvDEF4glL._AC_SL1500_.jpg
B0FY2TWL3B,high_resolution,9,https://m.media-amazon.com/images/I/91GdTUfIT1L._AC_SL1500_.jpg
B0FY2TWL3B,a_plus,0,"https://m.media-amazon.com/images/S/aplus-media-library-service-media/b2548630-28ee-43bc-b2c4-7cc4bd8aef38.__CR0,0,1464,600_PT0_SX1464_V1___.jpg"
B0FY2TWL3B,a_plus,1,"https://m.media-amazon.com/images/S/aplus-media-library-service-media/1eb5915f-4ee9-4e02-94e0-72ac97f71951.__CR0,0,1464,600_PT0_SX1464_V1___.jpg"
B0FY2TWL3B,a_plus,2,"https://m.media-amazon.com/images/S/aplus-media-library-service-media/4741103a-dcf1-4130-95d6-9612d7a18287.__CR0,0,1464,600_PT0_SX1464_V1___.jpg"
B0FY2TWL3B,a_plus,3,"https://m.media-amazon.com/images/S/aplus-media-library-service-media/d2a49791-f6b4-494e-ad48-6769d717c831.__CR0,0,1464,600_PT0_SX1464_V1___.jpg"
B0FY2TWL3B,a_plus,4,"https://m.media-amazon.com/images/S/aplus-media-library-service-media/3f2ec1fa-b943-4d87-b5d6-0d1a56188aae.__CR0,0,1464,600_PT0_SX1464_V1___.jpg"
B0FY2TWL3B,a_plus,5,"https://m.media-amazon.com/images/S/aplus-media-library-service-media/e4adc10d-a3a9-451c-b9c7-c1ab1daec4bf.__CR0,0,1464,600_PT0_SX1464_V1___.jpg"
B0FY2TWL3B,a_plus,6,https://m.media-amazon.com/images/S/vse-vms-transcoding-artifact-eu-west-1-prod/18d965be-d693-46ce-9dd0-df346ecf3614/default.jobtemplate.hls.m3u8
B0FY2TWL3B,a_plus,7,https://m.media-amazon.com/images/S/vse-vms-transcoding-artifact-eu-west-1-prod/18d965be-d693-46ce-9dd0-df346ecf3614/default.jobtemplate.hls.m3u8
B0FY2TWL3B,a_plus,8,"https://m.media-amazon.com/images/S/aplus-media-library-service-media/b2548630-28ee-43bc-b2c4-7cc4bd8aef38.__CR0,0,1464,600_PT0_SX1464_V1___.jpg"
B0FY2TWL3B,a_plus,9,"https://m.media-amazon.com/images/S/aplus-media-library-service-media/1eb5915f-4ee9-4e02-94e0-72ac97f71951.__CR0,0,1464,600_PT0_SX1464_V1___.jpg"
B0FY2TWL3B,a_plus,10,"https://m.media-amazon.com/images/S/aplus-media-library-service-media/4741103a-dcf1-4130-95d6-9612d7a18287.__CR0,0,1464,600_PT0_SX1464_V1___.jpg"
B0FY2TWL3B,a_plus,11,"https://m.media-amazon.com/images/S/aplus-media-library-service-media/d2a49791-f6b4-494e-ad48-6769d717c831.__CR0,0,1464,600_PT0_SX1464_V1___.jpg"
B0FY2TWL3B,a_plus,12,"https://m.media-amazon.com/images/S/aplus-media-library-service-media/3f2ec1fa-b943-4d87-b5d6-0d1a56188aae.__CR0,0,1464,600_PT0_SX1464_V1___.jpg"
B0FY2TWL3B,a_plus,13,"https://m.media-amazon.com/images/S/aplus-media-library-service-media/e4adc10d-a3a9-451c-b9c7-c1ab1daec4bf.__CR0,0,1464,600_PT0_SX1464_V1___.jpg"
B0DSBPS423,high_resolution,0,https://m.media-amazon.com/images/I/81fPCFD8YOL._AC_SL1500_.jpg
B0DSBPS423,high_resolution,1,https://m.media-amazon.com/images/I/81K7vsUdLnL._AC_SL1500_.jpg
B0DSBPS423,high_resolution,2,https://m.media-amazon.com/images/I/711hGcxnVqL._AC_SL1500_.jpg
B0DSBPS423,high_resolution,3,https://m.media-amazon.com/images/I/8174SgffecL._AC_SL1500_.jpg
B0DSBPS423,high_resolution,4,https://m.media-amazon.com/images/I/71R7teEzFkL._AC_SL1500_.jpg
B0DSBPS423,high_resolution,5,https://m.media-amazon.com/images/I/71pkZmRlAsL._AC_SL1500_.jpg
B0DSBPS423,high_resolution,6,https://m.media-amazon.com/images/I/71I7k9WdQPL._AC_SL1500_.jpg
B0DSBPS423,a_plus,0,"https://m.media-amazon.com/images/S/aplus-media-library-service-media/77386acd-eea0-4ece-ad5a-60a4687d686a.__CR0,0,1464,600_PT0_SX1464_V1___.jpg"
B0DSBPS423,a_plus,1,"https://m.media-amazon.com/images/S/aplus-media-library-service-media/7241f528-e26b-4b4e-b7ca-c31f0ec0481c.__CR0,0,1464,600_PT0_SX1464_V1___.jpg"
B0DSBPS423,a_plus,2,"https://m.media-amazon.com/images/S/aplus-media-library-service-media/8f55189b-6d18-42f1-9f7e-39bf73574e4c.__CR0,0,1464,600_PT0_SX1464_V1___.jpg"
B0DSBPS423,a_plus,3,"https://m.media-amazon.com/images/S/aplus-media-library-service-media/23b3fb5f-6a9a-4504-8a4f-ae598678d21b.__CR0,0,1464,600_PT0_SX1464_V1___.jpg"
B0DSBPS423,a_plus,4,"https://m.media-amazon.com/images/S/aplus-media-library-service-media/99df7ade-d72e-4d26-9bb8-3ec986168065.__CR0,0,650,350_PT0_SX650_V1___.jpg"
B0DSBPS423,a_plus,5,"https://m.media-amazon.com/images/S/aplus-media-library-service-media/389429d3-51ec-4353-884a-6b3b9886ba41.__CR0,0,650,350_PT0_SX650_V1___.jpg"
B0DSBPS423,a_plus,6,"https://m.media-amazon.com/images/S/aplus-media-library-service-media/5a2736ba-9ebb-49f1-91e4-cf6fe7c423f2.__CR0,0,1464,600_PT0_SX1464_V1___.jpg"
B0DSBPS423,a_plus,7,"https://m.media-amazon.com/images/S/aplus-media-library-service-media/8b87e8a5-44cc-47d9-9b18-4a2c7206099b.__AC_SR200,225___.jpg"
B0DSBPS423,a_plus,8,"https://m.media-amazon.com/images/S/aplus-media-library-service-media/85d6aa17-5b1e-485a-ac79-600b4854319e.__AC_SR200,225___.jpg"
B0DSBPS423,a_plus,9,"https://m.media-amazon.com/images/S/aplus-media-library-service-media/dce62c5c-ac58-4805-a366-ed22bb4c6643.__AC_SR200,225___.jpg"
B0DSBPS423,a_plus,10,"https://m.media-amazon.com/images/S/aplus-media-library-service-media/4ab8b6f5-d677-4cc9-a663-7ac7dacb03c5.__AC_SR200,225___.jpg"
B0DSBPS423,a_plus,11,"https://m.media-amazon.com/images/S/aplus-media-library-service-media/d75b1572-ccb1-46c2-8ea0-a12cde273fd1.__AC_SR200,225___.jpg"
B0DSBPS423,a_plus,12,"https://m.media-amazon.com/images/S/aplus-media-library-service-media/c29436fd-4a91-4989-a610-7ffe92cb980b.__AC_SR200,225___.jpg"
B0DSBPS423,a_plus,13,"https://m.media-amazon.com/images/S/aplus-media-library-service-media/4c86da17-7afc-4064-a848-000a4a076059.__AC_SR200,225___.jpg"
B0DSBPS423,a_plus,14,"https://m.media-amazon.com/images/S/aplus-media-library-service-media/77386acd-eea0-4ece-ad5a-60a4687d686a.__CR0,0,1464,600_PT0_SX1464_V1___.jpg"
B0DSBPS423,a_plus,15,"https://m.media-amazon.com/images/S/aplus-media-library-service-media/7241f528-e26b-4b4e-b7ca-c31f0ec0481c.__CR0,0,1464,600_PT0_SX1464_V1___.jpg"
B0DSBPS423,a_plus,16,"https://m.media-amazon.com/images/S/aplus-media-library-service-media/8f55189b-6d18-42f1-9f7e-39bf73574e4c.__CR0,0,1464,600_PT0_SX1464_V1___.jpg"
B0DSBPS423,a_plus,17,"https://m.media-amazon.com/images/S/aplus-media-library-service-media/23b3fb5f-6a9a-4504-8a4f-ae598678d21b.__CR0,0,1464,600_PT0_SX1464_V1___.jpg"
B0DSBPS423,a_plus,18,"https://m.media-amazon.com/images/S/aplus-media-library-service-media/99df7ade-d72e-4d26-9bb8-3ec986168065.__CR0,0,650,350_PT0_SX650_V1___.jpg"
B0DSBPS423,a_plus,19,"https://m.media-amazon.com/images/S/aplus-media-library-service-media/389429d3-51ec-4353-884a-6b3b9886ba41.__CR0,0,650,350_PT0_SX650_V1___.jpg"
B0DSBPS423,a_plus,20,"https://m.media-amazon.com/images/S/aplus-media-library-service-media/5a2736ba-9ebb-49f1-91e4-cf6fe7c423f2.__CR0,0,1464,600_PT0_SX1464_V1___.jpg"
B0CNXY7Z8J,high_resolution,0,https://m.media-amazon.com/images/I/71fxbXdvtkL._AC_SL1500_.jpg
B0CNXY7Z8J,high_resolution,1,https://m.media-amazon.com/images/I/916w8Sq2qyL._AC_SL1500_.jpg
B0CNXY7Z8J,high_resolution,2,https://m.media-amazon.com/images/I/71Xaf6XaJKL._AC_SL1500_.jpg
B0CNXY7Z8J,high_resolution,3,https://m.media-amazon.com/images/I/910wC56KfBL._AC_SL1500_.jpg
B0CNXY7Z8J,high_resolution,4,https://m.media-amazon.com/images/I/81euiufPuIL._AC_SL1500_.jpg
B0CNXY7Z8J,high_resolution,5,https://m.media-amazon.com/images/I/61+DX+mRQoL._AC_SL1500_.jpg
B0CNXY7Z8J,high_resolution,6,https://m.media-amazon.com/images/I/61IiJWy3lqL._AC_SL1500_.jpg
B0CNXY7Z8J,high_resolution,7,https://m.media-amazon.com/images/I/91ZnpZcvHeL._AC_SL1500_.jpg
B0CNXY7Z8J,high_resolution,8,https://m.media-amazon.com/images/I/81Mqvt-h9UL._AC_SL1500_.jpg
B0CNXY7Z8J,a_plus,0,"https://m.media-amazon.com/images/S/aplus-media-library-service-media/d62fc786-8707-4a54-a3a5-7f43a766bed9.__CR0,572,3000,1856_PT0_SX970_V1___.jpg"
B0CNXY7Z8J,a_plus,1,"https://m.media-amazon.com/images/S/aplus-media-library-service-media/828544d3-d3eb-45ce-bbe6-4170c2643f61.__CR0,0,3000,3000_PT0_SX220_V1___.jpg"
B0CNXY7Z8J,a_plus,2,"https://m.media-amazon.com/images/S/aplus-media-library-service-media/83818590-ae21-4e99-8771-b5aba2f62efb.__CR0,0,3000,3000_PT0_SX220_V1___.jpg"
B0CNXY7Z8J,a_plus,3,"https://m.media-amazon.com/images/S/aplus-media-library-service-media/ace58935-b79b-4f4f-b705-94cf2976768e.__CR0,0,3000,3000_PT0_SX220_V1___.jpg"
B0CNXY7Z8J,a_plus,4,"https://m.media-amazon.com/images/S/aplus-media-library-service-media/b2fa85dd-5d20-4a63-a21d-6fb3c30940a5.__CR0,0,3000,3000_PT0_SX220_V1___.jpg"
B0CNXY7Z8J,a_plus,5,"https://m.media-amazon.com/images/S/aplus-media-library-service-media/032ad135-18b2-4ba6-a2e3-de44cc39d592.__CR0,0,3000,3000_PT0_SX300_V1___.jpg"
B0CNXY7Z8J,a_plus,6,"https://m.media-amazon.com/images/S/aplus-media-library-service-media/d62fc786-8707-4a54-a3a5-7f43a766bed9.__CR0,572,3000,1856_PT0_SX970_V1___.jpg"
B0CNXY7Z8J,a_plus,7,"https://m.media-amazon.com/images/S/aplus-media-library-service-media/828544d3-d3eb-45ce-bbe6-4170c2643f61.__CR0,0,3000,3000_PT0_SX220_V1___.jpg"
B0CNXY7Z8J,a_plus,8,"https://m.media-amazon.com/images/S/aplus-media-library-service-media/83818590-ae21-4e99-8771-b5aba2f62efb.__CR0,0,3000,3000_PT0_SX220_V1___.jpg"
B0CNXY7Z8J,a_plus,9,"https://m.media-amazon.com/images/S/aplus-media-library-service-media/ace58935-b79b-4f4f-b705-94cf2976768e.__CR0,0,3000,3000_PT0_SX220_V1___.jpg"
B0CNXY7Z8J,a_plus,10,"https://m.media-amazon.com/images/S/aplus-media-library-service-media/b2fa85dd-5d20-4a63-a21d-6fb3c30940a5.__CR0,0,3000,3000_PT0_SX220_V1___.jpg"
B0CNXY7Z8J,a_plus,11,"https://m.media-amazon.com/images/S/aplus-media-library-service-media/032ad135-18b2-4ba6-a2e3-de44cc39d592.__CR0,0,3000,3000_PT0_SX300_V1___.jpg"
B0FSQ4RG83,high_resolution,0,https://m.media-amazon.com/images/I/61WAzvArIRL._AC_SL1500_.jpg
B0FSQ4RG83,high_resolution,1,https://m.media-amazon.com/images/I/81dSbt9ckcL._AC_SL1500_.jpg
B0FSQ4RG83,high_resolution,2,https://m.media-amazon.com/images/I/71z9TjcNzML._AC_SL1500_.jpg
B0FSQ4RG83,high_resolution,3,https://m.media-amazon.com/images/I/71aBdR+WNTL._AC_SL1500_.jpg
B0FSQ4RG83,high_resolution,4,https://m.media-amazon.com/images/I/71Ggb8qiLBL._AC_SL1500_.jpg
B0FSQ4RG83,high_resolution,5,https://m.media-amazon.com/images/I/81TowQx5NVL._AC_SL1500_.jpg
B0FSQ4RG83,high_resolution,6,https://m.media-amazon.com/images/I/71j0OJIS33L._AC_SL1500_.jpg
B0FSQ4RG83,high_resolution,7,https://m.media-amazon.com/images/I/8131mWDUQFL._AC_SL1500_.jpg
B0FSQ4RG83,a_plus,0,"https://m.media-amazon.com/images/S/aplus-media-library-service-media/d5998764-0e1e-447f-9cf7-2e265cbb4952.__CR0,0,2928,1200_PT0_SX1464_V1___.jpg"
B0FSQ4RG83,a_plus,1,"https://m.media-amazon.com/images/S/aplus-media-library-service-media/8e1cb771-c262-4d73-995e-4df9e80b9cca.__CR0,0,2928,1200_PT0_SX1464_V1___.jpg"
B0FSQ4RG83,a_plus,2,"https://m.media-amazon.com/images/S/aplus-media-library-service-media/ffad252b-5f8c-4e95-842f-9d4c1fcd6e87.__CR0,0,1464,600_PT0_SX1464_V1___.jpg"
B0FSQ4RG83,a_plus,3,"https://m.media-amazon.com/images/S/aplus-media-library-service-media/7d28d2cb-9559-47bd-baa6-9b088d628451.__CR0,0,1464,600_PT0_SX1464_V1___.jpg"
B0FSQ4RG83,a_plus,4,"https://m.media-amazon.com/images/S/aplus-media-library-service-media/edbc6395-b629-4e1a-947f-1873727235c7.__CR0,0,2928,1200_PT0_SX1464_V1___.jpg"
B0FSQ4RG83,a_plus,5,"https://m.media-amazon.com/images/S/aplus-media-library-service-media/3697e68d-2d0a-436d-ad51-229e1b3547d1.__CR0,0,2928,1200_PT0_SX1464_V1___.jpg"
B0FSQ4RG83,a_plus,6,"https://m.media-amazon.com/images/S/aplus-media-library-service-media/269969b2-b320-4c6b-9492-e0ef10ba3399.__CR0,0,1464,600_PT0_SX1464_V1___.jpg"
B0FSQ4RG83,a_plus,7,"https://m.media-amazon.com/images/S/aplus-media-library-service-media/518317ba-112f-4204-b28b-8d611cd5bd23.__CR0,0,2928,1200_PT0_SX1464_V1___.jpg"
B0FSQ4RG83,a_plus,8,"https://m.media-amazon.com/images/S/aplus-media-library-service-media/e5ef71b2-56d4-4054-8281-49527c35ff72.__CR0,0,2928,1200_PT0_SX1464_V1___.jpg"
B0FSQ4RG83,a_plus,9,"https://m.media-amazon.com/images/S/aplus-media-library-service-media/e8f46416-f17e-434c-8f3c-63092a980018.__CR0,248,1600,1800_PT0_SX200_V1___.jpg"
B0FSQ4RG83,a_plus,10,"https://m.media-amazon.com/images/S/aplus-media-library-service-media/c044a951-46ed-4295-b92f-7284a725fdad.__CR0,0,2000,2250_PT0_SX200_V1___.jpg"
B0FSQ4RG83,a_plus,11,"https://m.media-amazon.com/images/I/41sFGFPnAxL.__AC_SR200,225___.jpg"
B0FSQ4RG83,a_plus,12,"https://m.media-amazon.com/images/I/41smta0wJwL.__AC_SR200,225___.jpg"
B0FSQ4RG83,a_plus,13,"https://m.media-amazon.com/images/I/41GaYVbD20L.__AC_SR200,225___.jpg"
B0FSQ4RG83,a_plus,14,"https://m.media-amazon.com/images/S/aplus-media-library-service-media/d5998764-0e1e-447f-9cf7-2e265cbb4952.__CR0,0,2928,1200_PT0_SX1464_V1___.jpg"
B0FSQ4RG83,a_plus,15,"https://m.media-amazon.com/images/S/aplus-media-library-service-media/8e1cb771-c262-4d73-995e-4df9e80b9cca.__CR0,0,2928,1200_PT0_SX1464_V1___.jpg"
B0FSQ4RG83,a_plus,16,"https://m.media-amazon.com/images/S/aplus-media-library-service-media/ffad252b-5f8c-4e95-842f-9d4c1fcd6e87.__CR0,0,1464,600_PT0_SX1464_V1___.jpg"
B0FSQ4RG83,a_plus,17,"https://m.media-amazon.com/images/S/aplus-media-library-service-media/7d28d2cb-9559-47bd-baa6-9b088d628451.__CR0,0,1464,600_PT0_SX1464_V1___.jpg"
B0FSQ4RG83,a_plus,18,"https://m.media-amazon.com/images/S/aplus-media-library-service-media/edbc6395-b629-4e1a-947f-1873727235c7.__CR0,0,2928,1200_PT0_SX1464_V1___.jpg"
B0FSQ4RG83,a_plus,19,"https://m.media-amazon.com/images/S/aplus-media-library-service-media/3697e68d-2d0a-436d-ad51-229e1b3547d1.__CR0,0,2928,1200_PT0_SX1464_V1___.jpg"
B0FSQ4RG83,a_plus,20,"https://m.media-amazon.com/images/S/aplus-media-library-service-media/269969b2-b320-4c6b-9492-e0ef10ba3399.__CR0,0,1464,600_PT0_SX1464_V1___.jpg"
B0FSQ4RG83,a_plus,21,"https://m.media-amazon.com/images/S/aplus-media-library-service-media/518317ba-112f-4204-b28b-8d611cd5bd23.__CR0,0,2928,1200_PT0_SX1464_V1___.jpg"
B0FSQ4RG83,a_plus,22,"https://m.media-amazon.com/images/S/aplus-media-library-service-media/e5ef71b2-56d4-4054-8281-49527c35ff72.__CR0,0,2928,1200_PT0_SX1464_V1___.jpg"
B0FQC7RR3H,high_resolution,0,https://m.media-amazon.com/images/I/71ZFT+s0v1L._AC_SL1500_.jpg
B0FQC7RR3H,high_resolution,1,https://m.media-amazon.com/images/I/81qTMO3A7iL._AC_SL1500_.jpg
B0FQC7RR3H,high_resolution,2,https://m.media-amazon.com/images/I/61+H8rHOMrL._AC_SL1500_.jpg
B0FQC7RR3H,high_resolution,3,https://m.media-amazon.com/images/I/71T3xm+lzhL._AC_SL1500_.jpg
B0FQC7RR3H,high_resolution,4,https://m.media-amazon.com/images/I/81Ux+WNJ+LL._AC_SL1500_.jpg
B0FQC7RR3H,high_resolution,5,https://m.media-amazon.com/images/I/71agSpkzMAL._AC_SL1500_.jpg
B0FQC7RR3H,high_resolution,6,https://m.media-amazon.com/images/I/8184aSoux9L._AC_SL1500_.jpg
B0FQC7RR3H,a_plus,0,"https://m.media-amazon.com/images/S/aplus-media-library-service-media/3f5b2243-01d9-4c42-a8de-30d6fe3d146e.__CR0,0,1464,600_PT0_SX1464_V1___.jpg"
B0FQC7RR3H,a_plus,1,"https://m.media-amazon.com/images/S/aplus-media-library-service-media/4bb91109-f5a5-4fa3-ac9d-c6957ddffc2b.__CR0,0,1464,600_PT0_SX1464_V1___.jpg"
B0FQC7RR3H,a_plus,2,"https://m.media-amazon.com/images/S/aplus-media-library-service-media/5c173073-7a81-43e7-877e-7aeb9f683f5c.__CR0,0,300,225_PT0_SX300_V1___.jpg"
B0FQC7RR3H,a_plus,3,"https://m.media-amazon.com/images/S/aplus-media-library-service-media/3825c074-9a54-427e-aebf-4e6e409a5d61.__CR0,0,300,225_PT0_SX300_V1___.jpg"
B0FQC7RR3H,a_plus,4,"https://m.media-amazon.com/images/S/aplus-media-library-service-media/e5c87200-4e07-41a8-b841-28896d656306.__CR0,0,300,225_PT0_SX300_V1___.jpg"
B0FQC7RR3H,a_plus,5,"https://m.media-amazon.com/images/S/aplus-media-library-service-media/4414be86-0fda-4fa6-90be-6bcae6e097d9.__CR0,0,300,225_PT0_SX300_V1___.jpg"
B0FQC7RR3H,a_plus,6,"https://m.media-amazon.com/images/S/aplus-media-library-service-media/3f73cda8-6296-4805-ac99-bb348008ba4a.__CR0,0,1464,600_PT0_SX1464_V1___.jpg"
B0FQC7RR3H,a_plus,7,"https://m.media-amazon.com/images/S/aplus-media-library-service-media/9b4bfa05-28ec-49b8-8160-34f0434587f6.__AC_SR200,225___.jpg"
B0FQC7RR3H,a_plus,8,"https://m.media-amazon.com/images/S/aplus-media-library-service-media/2ab5b9c3-e756-40f0-9a1a-c17ae13ec26e.__AC_SR200,225___.jpg"
B0FQC7RR3H,a_plus,9,"https://m.media-amazon.com/images/S/aplus-media-library-service-media/6ba9a230-bb55-468e-b882-3035297399ac.__AC_SR200,225___.jpg"
B0FQC7RR3H,a_plus,10,"https://m.media-amazon.com/images/S/aplus-media-library-service-media/878b9235-2078-4b8b-96e7-d83fa1ad7178.__AC_SR200,225___.jpg"
B0FQC7RR3H,a_plus,11,"https://m.media-amazon.com/images/S/aplus-media-library-service-media/7bcb59d1-88e0-4624-a1c2-4643a1aaca25.__AC_SR200,225___.jpg"
B0FQC7RR3H,a_plus,12,"https://m.media-amazon.com/images/S/aplus-media-library-service-media/289a2544-2e7c-4da2-ab38-46c4447c7427.__AC_SR200,225___.jpg"
B0FQC7RR3H,a_plus,13,"https://m.media-amazon.com/images/S/aplus-media-library-service-media/0bcf2036-4716-43a2-9a8b-c07f43d11472.__AC_SR200,225___.jpg"
B0FQC7RR3H,a_plus,14,"https://m.media-amazon.com/images/S/aplus-media-library-service-media/3f5b2243-01d9-4c42-a8de-30d6fe3d146e.__CR0,0,1464,600_PT0_SX1464_V1___.jpg"
B0FQC7RR3H,a_plus,15,"https://m.media-amazon.com/images/S/aplus-media-library-service-media/4bb91109-f5a5-4fa3-ac9d-c6957ddffc2b.__CR0,0,1464,600_PT0_SX1464_V1___.jpg"
B0FQC7RR3H,a_plus,16,"https://m.media-amazon.com/images/S/aplus-media-library-service-media/5c173073-7a81-43e7-877e-7aeb9f683f5c.__CR0,0,300,225_PT0_SX300_V1___.jpg"
B0FQC7RR3H,a_plus,17,"https://m.media-amazon.com/images/S/aplus-media-library-service-media/3825c074-9a54-427e-aebf-4e6e409a5d61.__CR0,0,300,225_PT0_SX300_V1___.jpg"
B0FQC7RR3H,a_plus,18,"https://m.media-amazon.com/images/S/aplus-media-library-service-media/e5c87200-4e07-41a8-b841-28896d656306.__CR0,0,300,225_PT0_SX300_V1___.jpg"
B0FQC7RR3H,a_plus,19,"https://m.media-amazon.com/images/S/aplus-media-library-service-media/4414be86-0fda-4fa6-90be-6bcae6e097d9.__CR0,0,300,225_PT0_SX300_V1___.jpg"
B0FQC7RR3H,a_plus,20,"https://m.media-amazon.com/images/S/aplus-media-library-service-media/3f73cda8-6296-4805-ac99-bb348008ba4a.__CR0,0,1464,600_PT0_SX1464_V1___.jpg"
B09T3NL1NR,high_resolution,0,https://m.media-amazon.com/images/I/61ZTQ5wBTqL._AC_SL1500_.jpg
B09T3NL1NR,high_resolution,1,https://m.media-amazon.com/images/I/71eye-O8fKL._AC_SL1500_.jpg
B09T3NL1NR,high_resolution,2,https://m.media-amazon.com/images/I/61bEH1PeHrL._AC_SL1500_.jpg
B09T3NL1NR,high_resolution,3,https://m.media-amazon.com/images/I/71o9qfSd91L._AC_SL1500_.jpg
B09T3NL1NR,high_resolution,4,https://m.media-amazon.com/images/I/719o5ple6NL._AC_SL1500_.jpg
B09T3NL1NR,high_resolution,5,https://m.media-amazon.com/images/I/713c4ZrAtoL._AC_SL1500_.jpg
B09T3NL1NR,high_resolution,6,https://m.media-amazon.com/images/I/71IGE9pTx5L._AC_SL1500_.jpg
B09T3NL1NR,a_plus,0,"https://m.media-amazon.com/images/S/aplus-media-library-service-media/3baceff5-98ec-408b-9621-fb94c55e6165.__CR0,0,970,600_PT0_SX970_V1___.jpg"
B09T3NL1NR,a_plus,1,"https://m.media-amazon.com/images/S/aplus-media-library-service-media/509d4d22-267f-48c4-9550-441f455f7f20.__CR0,0,300,300_PT0_SX300_V1___.jpg"
B09T3NL1NR,a_plus,2,"https://m.media-amazon.com/images/S/aplus-media-library-service-media/ea21ae93-fc9b-4160-92b7-6fd778d1e2c5.__CR0,0,300,300_PT0_SX220_V1___.jpg"
B09T3NL1NR,a_plus,3,"https://m.media-amazon.com/images/S/aplus-media-library-service-media/f5a608e8-8f95-4f11-856d-b47a53ee133d.__CR0,0,300,300_PT0_SX220_V1___.jpg"
B09T3NL1NR,a_plus,4,"https://m.media-amazon.com/images/S/aplus-media-library-service-media/dfd823b1-bf58-4312-8d58-39e90c6fefd9.__CR0,0,300,300_PT0_SX220_V1___.jpg"
B09T3NL1NR,a_plus,5,"https://m.media-amazon.com/images/S/aplus-media-library-service-media/310b67f5-f159-4344-ac03-b67ede3e69a3.__CR0,0,300,300_PT0_SX220_V1___.jpg"
B09T3NL1NR,a_plus,6,"https://m.media-amazon.com/images/S/aplus-media-library-service-media/f7f9d03f-8a9c-42f0-b946-009c72772527.__AC_SR150,300___.jpg"
B09T3NL1NR,a_plus,7,"https://m.media-amazon.com/images/S/aplus-media-library-service-media/7fb5485f-4bdf-4ea5-833d-e4f858ed6369.__AC_SR150,300___.jpg"
B09T3NL1NR,a_plus,8,"https://m.media-amazon.com/images/S/aplus-media-library-service-media/67642848-0f25-4b36-ab3f-09c93f418653.__AC_SR150,300___.jpg"
B09T3NL1NR,a_plus,9,"https://m.media-amazon.com/images/S/aplus-media-library-service-media/7234f399-1f49-47a9-8cef-7f5ec3d7189f.__AC_SR150,300___.jpg"
B09T3NL1NR,a_plus,10,"https://m.media-amazon.com/images/S/aplus-media-library-service-media/4ea5f0f0-cf53-4887-a8ef-0fa72c36b9ab.__AC_SR150,300___.jpg"
B09T3NL1NR,a_plus,11,"https://m.media-amazon.com/images/S/aplus-media-library-service-media/c54f596b-15b0-4267-93e5-9e3ad0d04adb.__AC_SR150,300___.jpg"
B09T3NL1NR,a_plus,12,"https://m.media-amazon.com/images/S/aplus-media-library-service-media/3baceff5-98ec-408b-9621-fb94c55e6165.__CR0,0,970,600_PT0_SX970_V1___.jpg"
B09T3NL1NR,a_plus,13,"https://m.media-amazon.com/images/S/aplus-media-library-service-media/509d4d22-267f-48c4-9550-441f455f7f20.__CR0,0,300,300_PT0_SX300_V1___.jpg"
B09T3NL1NR,a_plus,14,"https://m.media-amazon.com/images/S/aplus-media-library-service-media/ea21ae93-fc9b-4160-92b7-6fd778d1e2c5.__CR0,0,300,300_PT0_SX220_V1___.jpg"
B09T3NL1NR,a_plus,15,"https://m.media-amazon.com/images/S/aplus-media-library-service-media/f5a608e8-8f95-4f11-856d-b47a53ee133d.__CR0,0,300,300_PT0_SX220_V1___.jpg"
B09T3NL1NR,a_plus,16,"https://m.media-amazon.com/images/S/aplus-media-library-service-media/dfd823b1-bf58-4312-8d58-39e90c6fefd9.__CR0,0,300,300_PT0_SX220_V1___.jpg"
B09T3NL1NR,a_plus,17,"https://m.media-amazon.com/images/S/aplus-media-library-service-media/310b67f5-f159-4344-ac03-b67ede3e69a3.__CR0,0,300,300_PT0_SX220_V1___.jpg"
B09T3NL1NR,a_plus,18,"https://m.media-amazon.com/images/S/aplus-media-library-service-media/f7f9d03f-8a9c-42f0-b946-009c72772527.__AC_SR150,300___.jpg"
B09T3NL1NR,a_plus,19,https://www.amazon.de/dp/B09ZYHF44Y?ref=emc_s_m_5_i_atc
B09T3NL1NR,a_plus,20,"https://m.media-amazon.com/images/S/aplus-media-library-service-media/7fb5485f-4bdf-4ea5-833d-e4f858ed6369.__AC_SR150,300___.jpg"
B09T3NL1NR,a_plus,21,https://www.amazon.de/dp/B0B3JB4W4W?ref=emc_s_m_5_i_atc
B09T3NL1NR,a_plus,22,"https://m.media-amazon.com/images/S/aplus-media-library-service-media/67642848-0f25-4b36-ab3f-09c93f418653.__AC_SR150,300___.jpg"
B09T3NL1NR,a_plus,23,https://www.amazon.de/dp/B073ZB74XX?ref=emc_s_m_5_i_atc
B09T3NL1NR,a_plus,24,"https://m.media-amazon.com/images/S/aplus-media-library-service-media/7234f399-1f49-47a9-8cef-7f5ec3d7189f.__AC_SR150,300___.jpg"
B09T3NL1NR,a_plus,25,https://www.amazon.de/dp/B082SR39GK?ref=emc_s_m_5_i_atc
B09T3NL1NR,a_plus,26,"https://m.media-amazon.com/images/S/aplus-media-library-service-media/4ea5f0f0-cf53-4887-a8ef-0fa72c36b9ab.__AC_SR150,300___.jpg"
B09T3NL1NR,a_plus,27,https://www.amazon.de/dp/B0D8VWLNZL?ref=emc_s_m_5_i_atc
B09T3NL1NR,a_plus,28,"https://m.media-amazon.com/images/S/aplus-media-library-service-media/c54f596b-15b0-4267-93e5-9e3ad0d04adb.__AC_SR150,300___.jpg"
B09T3NL1NR,a_plus,29,https://www.amazon.de/dp/B0CG9FSBHL?ref=emc_s_m_5_i_atc
B0FFMD5NPF,high_resolution,0,https://m.media-amazon.com/images/I/81ahMatb2rL._AC_SL1500_.jpg
B0FFMD5NPF,high_resolution,1,https://m.media-amazon.com/images/I/71XDbULwC7L._AC_SL1500_.jpg
B0FFMD5NPF,high_resolution,2,https://m.media-amazon.com/images/I/61F6YaE1hHL._AC_SL1500_.jpg
B0FFMD5NPF,high_resolution,3,https://m.media-amazon.com/images/I/A1V4G0Zu3uL._AC_SL1500_.jpg
B0FFMD5NPF,high_resolution,4,https://m.media-amazon.com/images/I/81jY-fcJzRL._AC_SL1500_.jpg
B0FFMD5NPF,high_resolution,5,https://m.media-amazon.com/images/I/71NCdstZCoL._AC_SL1500_.jpg
B0FFMD5NPF,high_resolution,6,https://m.media-amazon.com/images/I/71AsCsmoJoL._AC_SL1500_.jpg
B0FFMD5NPF,high_resolution,7,https://m.media-amazon.com/images/I/91Tdfx3AX8L._AC_SL1500_.jpg
B0FFMD5NPF,a_plus,0,"https://m.media-amazon.com/images/S/aplus-media-library-service-media/cd39a14f-a7c5-4f53-badc-e07c92bc5dad.__CR1,0,3499,1434_PT0_SX1464_V1___.jpg"
B0FFMD5NPF,a_plus,1,"https://m.media-amazon.com/images/S/aplus-media-library-service-media/a50e6bc6-ee9b-4378-8237-a309cfd64688.__CR1,0,3499,1434_PT0_SX1464_V1___.jpg"
B0FFMD5NPF,a_plus,2,"https://m.media-amazon.com/images/S/aplus-media-library-service-media/2c965ef6-3ca5-4fd6-9b01-8b01940c07d4.__CR0,0,3000,2250_PT0_SX300_V1___.jpg"
B0FFMD5NPF,a_plus,3,"https://m.media-amazon.com/images/S/aplus-media-library-service-media/7eca180c-4a43-4d5a-94dc-171f498f11ca.__CR0,0,3000,2250_PT0_SX300_V1___.jpg"
B0FFMD5NPF,a_plus,4,"https://m.media-amazon.com/images/S/aplus-media-library-service-media/13c3b9da-0799-4db4-bd8e-7f3362e2f643.__CR0,0,3000,2250_PT0_SX300_V1___.jpg"
B0FFMD5NPF,a_plus,5,"https://m.media-amazon.com/images/S/aplus-media-library-service-media/f6943198-356c-4e59-bb3e-869935b8bf79.__CR0,0,3000,2250_PT0_SX300_V1___.jpg"
B0FFMD5NPF,a_plus,6,"https://m.media-amazon.com/images/S/aplus-media-library-service-media/544049ea-950d-4eb7-a039-2ad92ceadf2a.__CR1,0,3499,1434_PT0_SX1464_V1___.jpg"
B0FFMD5NPF,a_plus,7,"https://m.media-amazon.com/images/S/aplus-media-library-service-media/b33b08c9-f21f-4a31-b22d-7ce1793da328.__CR1,0,3499,1434_PT0_SX1464_V1___.jpg"
B0FFMD5NPF,a_plus,8,"https://m.media-amazon.com/images/S/aplus-media-library-service-media/3d0b72cc-c2f8-4d18-863c-d0db2f66ce13.__CR1,0,3499,1434_PT0_SX1464_V1___.jpg"
B0FFMD5NPF,a_plus,9,"https://m.media-amazon.com/images/S/aplus-media-library-service-media/cd39a14f-a7c5-4f53-badc-e07c92bc5dad.__CR1,0,3499,1434_PT0_SX1464_V1___.jpg"
B0FFMD5NPF,a_plus,10,"https://m.media-amazon.com/images/S/aplus-media-library-service-media/0ac86b7d-b4ff-4eb0-a917-3b45d9364f30.__AC_SR200,225___.jpg"
B0FFMD5NPF,a_plus,11,"https://m.media-amazon.com/images/S/aplus-media-library-service-media/52ec8695-5267-4780-9278-6e2f66298bd9.__AC_SR200,225___.jpg"
B0FFMD5NPF,a_plus,12,"https://m.media-amazon.com/images/S/aplus-media-library-service-media/7ec60d0f-d374-4f6c-8fcc-0a4e735d79b8.__AC_SR200,225___.jpg"
B0FFMD5NPF,a_plus,13,"https://m.media-amazon.com/images/S/aplus-media-library-service-media/38be627c-1c25-4d5c-844a-0e45c50c4138.__AC_SR200,225___.jpg"
B0FFMD5NPF,a_plus,14,"https://m.media-amazon.com/images/S/aplus-media-library-service-media/edb20fe3-d6bd-423e-b40c-1ad365c36678.__AC_SR200,225___.jpg"
B0FFMD5NPF,a_plus,15,"https://m.media-amazon.com/images/S/aplus-media-library-service-media/d8d0536b-206a-4b81-9d52-9dae5a63a223.__AC_SR200,225___.jpg"
B0FFMD5NPF,a_plus,16,"https://m.media-amazon.com/images/S/aplus-media-library-service-media/cd39a14f-a7c5-4f53-badc-e07c92bc5dad.__CR1,0,3499,1434_PT0_SX1464_V1___.jpg"
B0FFMD5NPF,a_plus,17,"https://m.media-amazon.com/images/S/aplus-media-library-service-media/a50e6bc6-ee9b-4378-8237-a309cfd64688.__CR1,0,3499,1434_PT0_SX1464_V1___.jpg"
B0FFMD5NPF,a_plus,18,"https://m.media-amazon.com/images/S/aplus-media-library-service-media/2c965ef6-3ca5-4fd6-9b01-8b01940c07d4.__CR0,0,3000,2250_PT0_SX300_V1___.jpg"
B0FFMD5NPF,a_plus,19,"https://m.media-amazon.com/images/S/aplus-media-library-service-media/7eca180c-4a43-4d5a-94dc-171f498f11ca.__CR0,0,3000,2250_PT0_SX300_V1___.jpg"
B0FFMD5NPF,a_plus,20,"https://m.media-amazon.com/images/S/aplus-media-library-service-media/13c3b9da-0799-4db4-bd8e-7f3362e2f643.__CR0,0,3000,2250_PT0_SX300_V1___.jpg"
B0FFMD5NPF,a_plus,21,"https://m.media-amazon.com/images/S/aplus-media-library-service-media/f6943198-356c-4e59-bb3e-869935b8bf79.__CR0,0,3000,2250_PT0_SX300_V1___.jpg"
B0FFMD5NPF,a_plus,22,"https://m.media-amazon.com/images/S/aplus-media-library-service-media/544049ea-950d-4eb7-a039-2ad92ceadf2a.__CR1,0,3499,1434_PT0_SX1464_V1___.jpg"
B0FFMD5NPF,a_plus,23,"https://m.media-amazon.com/images/S/aplus-media-library-service-media/b33b08c9-f21f-4a31-b22d-7ce1793da328.__CR1,0,3499,1434_PT0_SX1464_V1___.jpg"
B0FFMD5NPF,a_plus,24,"https://m.media-amazon.com/images/S/aplus-media-library-service-media/3d0b72cc-c2f8-4d18-863c-d0db2f66ce13.__CR1,0,3499,1434_PT0_SX1464_V1___.jpg"
B0FFMD5NPF,a_plus,25,"https://m.media-amazon.com/images/S/aplus-media-library-service-media/cd39a14f-a7c5-4f53-badc-e07c92bc5dad.__CR1,0,3499,1434_PT0_SX1464_V1___.jpg"
B0C8N681D2,high_resolution,0,https://m.media-amazon.com/images/I/61whyzMgjRL._AC_SL1500_.jpg
B0C8N681D2,high_resolution,1,https://m.media-amazon.com/images/I/81TPEWAG44L._AC_SL1500_.jpg
B0C8N681D2,high_resolution,2,https://m.media-amazon.com/images/I/61c0oA9xgiL._AC_SL1500_.jpg
B0C8N681D2,high_resolution,3,https://m.media-amazon.com/images/I/713ZlwuVvwL._AC_SL1500_.jpg
B0C8N681D2,high_resolution,4,https://m.media-amazon.com/images/I/71Mbs9nKrSL._AC_SL1500_.jpg
B0C8N681D2,high_resolution,5,https://m.media-amazon.com/images/I/71EUTzwsd8L._AC_SL1500_.jpg
B0C8N681D2,high_resolution,6,https://m.media-amazon.com/images/I/71c2Dns2-cL._AC_SL1500_.jpg
B0C8N681D2,high_resolution,7,https://m.media-amazon.com/images/I/71SZ4stBRdL._AC_SL1500_.jpg
B0C8N681D2,high_resolution,8,https://m.media-amazon.com/images/I/717ZbTU5unL._AC_SL1500_.jpg
B0C8N681D2,a_plus,0,"https://m.media-amazon.com/images/S/aplus-media-library-service-media/57c1298c-09cd-48e2-a447-090d2981553a.__CR0,0,1464,600_PT0_SX1464_V1___.jpg"
B0C8N681D2,a_plus,1,"https://m.media-amazon.com/images/S/aplus-media-library-service-media/6a73ee08-8274-4836-83ed-dafe061d4702.__CR0,0,1464,600_PT0_SX1464_V1___.jpg"
B0C8N681D2,a_plus,2,"https://m.media-amazon.com/images/S/aplus-media-library-service-media/db537db3-fc0a-4dfd-ab12-69a708828ef1.__CR0,0,1464,600_PT0_SX1464_V1___.jpg"
B0C8N681D2,a_plus,3,"https://m.media-amazon.com/images/S/aplus-media-library-service-media/5551a22d-ca6d-4816-889e-0e5a028d7402.__CR0,0,1464,600_PT0_SX1464_V1___.jpg"
B0C8N681D2,a_plus,4,"https://m.media-amazon.com/images/S/aplus-media-library-service-media/2dc9fec7-4927-482f-ba9e-9d5ff2f780a8.__CR0,0,1464,600_PT0_SX1464_V1___.jpg"
B0C8N681D2,a_plus,5,"https://m.media-amazon.com/images/S/aplus-media-library-service-media/081ed486-ff85-46ed-968a-d8991dc8f297.__CR0,0,300,225_PT0_SX300_V1___.jpg"
B0C8N681D2,a_plus,6,"https://m.media-amazon.com/images/S/aplus-media-library-service-media/6e8ffc58-27b6-45bc-b8bd-bcfe0f8e78f8.__CR0,0,300,225_PT0_SX300_V1___.jpg"
B0C8N681D2,a_plus,7,"https://m.media-amazon.com/images/S/aplus-media-library-service-media/8cd3cfc2-8600-4db5-a1db-4c413b07790e.__CR0,0,300,225_PT0_SX300_V1___.jpg"
B0C8N681D2,a_plus,8,"https://m.media-amazon.com/images/S/aplus-media-library-service-media/d2b4223e-2b53-476a-a17b-d93233388faf.__CR0,0,300,225_PT0_SX300_V1___.jpg"
B0C8N681D2,a_plus,9,"https://m.media-amazon.com/images/S/aplus-media-library-service-media/67755bac-7a5d-4f2c-8e2c-8405e043e12f.__CR112,0,1114,600_PT0_SX650_V1___.jpg"
B0C8N681D2,a_plus,10,"https://m.media-amazon.com/images/S/aplus-media-library-service-media/aded69e2-47b9-4d13-8ecc-bc31a75e73cf.__CR139,0,3343,1800_PT0_SX650_V1___.jpg"
B0C8N681D2,a_plus,11,"https://m.media-amazon.com/images/S/aplus-media-library-service-media/b841187e-69b9-4e31-81e6-ac23db1bdd30.__CR156,0,1114,600_PT0_SX650_V1___.jpg"
B0C8N681D2,a_plus,12,"https://m.media-amazon.com/images/S/aplus-media-library-service-media/bfe2e140-7eae-41aa-b895-76d8c55a5fa5.__CR175,0,1114,600_PT0_SX650_V1___.jpg"
B0C8N681D2,a_plus,13,"https://m.media-amazon.com/images/S/aplus-media-library-service-media/a2d3ecc3-1af8-4119-9168-63c6674d5562.__AC_SR200,225___.jpg"
B0C8N681D2,a_plus,14,"https://m.media-amazon.com/images/I/41ftZlZ%2BInL.__AC_SR200,225___.jpg"
B0C8N681D2,a_plus,15,"https://m.media-amazon.com/images/S/aplus-media-library-service-media/f10d641d-cb96-4b80-b5ea-c0aefa240d2d.__AC_SR200,225___.jpg"
B0C8N681D2,a_plus,16,"https://m.media-amazon.com/images/S/aplus-media-library-service-media/17274663-f425-49b4-b95b-e98842f2e565.__AC_SR200,225___.jpg"
B0C8N681D2,a_plus,17,"https://m.media-amazon.com/images/S/aplus-media-library-service-media/b8b5e293-467a-44ec-b6c8-060ede8b62c1.__AC_SR200,225___.jpg"
B0C8N681D2,a_plus,18,"https://m.media-amazon.com/images/S/aplus-media-library-service-media/0138eee8-7daa-49fb-a698-6bcd07fe0e5e.__AC_SR200,225___.jpg"
B0C8N681D2,a_plus,19,"https://m.media-amazon.com/images/S/aplus-media-library-service-media/50715cef-9b41-4c81-87db-85973fa753a3.__AC_SR200,225___.jpg"
B0C8N681D2,a_plus,20,"https://m.media-amazon.com/images/S/aplus-media-library-service-media/57c1298c-09cd-48e2-a447-090d2981553a.__CR0,0,1464,600_PT0_SX1464_V1___.jpg"
B0C8N681D2,a_plus,21,"https://m.media-amazon.com/images/S/aplus-media-library-service-media/6a73ee08-8274-4836-83ed-dafe061d4702.__CR0,0,1464,600_PT0_SX1464_V1___.jpg"
B0C8N681D2,a_plus,22,"https://m.media-amazon.com/images/S/aplus-media-library-service-media/db537db3-fc0a-4dfd-ab12-69a708828ef1.__CR0,0,1464,600_PT0_SX1464_V1___.jpg"
B0C8N681D2,a_plus,23,"https://m.media-amazon.com/images/S/aplus-media-library-service-media/5551a22d-ca6d-4816-889e-0e5a028d7402.__CR0,0,1464,600_PT0_SX1464_V1___.jpg"
B0C8N681D2,a_plus,24,"https://m.media-amazon.com/images/S/aplus-media-library-service-media/2dc9fec7-4927-482f-ba9e-9d5ff2f780a8.__CR0,0,1464,600_PT0_SX1464_V1___.jpg"
B0C8N681D2,a_plus,25,"https://m.media-amazon.com/images/S/aplus-media-library-service-media/081ed486-ff85-46ed-968a-d8991dc8f297.__CR0,0,300,225_PT0_SX300_V1___.jpg"
B0C8N681D2,a_plus,26,"https://m.media-amazon.com/images/S/aplus-media-library-service-media/6e8ffc58-27b6-45bc-b8bd-bcfe0f8e78f8.__CR0,0,300,225_PT0_SX300_V1___.jpg"
B0C8N681D2,a_plus,27,"https://m.media-amazon.com/images/S/aplus-media-library-service-media/8cd3cfc2-8600-4db5-a1db-4c413b07790e.__CR0,0,300,225_PT0_SX300_V1___.jpg"
B0C8N681D2,a_plus,28,"https://m.media-amazon.com/images/S/aplus-media-library-service-media/d2b4223e-2b53-476a-a17b-d93233388faf.__CR0,0,300,225_PT0_SX300_V1___.jpg"
B0C8N681D2,a_plus,29,"https://m.media-amazon.com/images/S/aplus-media-library-service-media/67755bac-7a5d-4f2c-8e2c-8405e043e12f.__CR112,0,1114,600_PT0_SX650_V1___.jpg"
B0C8N681D2,a_plus,30,"https://m.media-amazon.com/images/S/aplus-media-library-service-media/aded69e2-47b9-4d13-8ecc-bc31a75e73cf.__CR139,0,3343,1800_PT0_SX650_V1___.jpg"
B0C8N681D2,a_plus,31,"https://m.media-amazon.com/images/S/aplus-media-library-service-media/b841187e-69b9-4e31-81e6-ac23db1bdd30.__CR156,0,1114,600_PT0_SX650_V1___.jpg"
B0C8N681D2,a_plus,32,"https://m.media-amazon.com/images/S/aplus-media-library-service-media/bfe2e140-7eae-41aa-b895-76d8c55a5fa5.__CR175,0,1114,600_PT0_SX650_V1___.jpg"
B07KB47FLJ,high_resolution,0,https://m.media-amazon.com/images/I/71UScz1EjSL._AC_SL1500_.jpg
B07KB47FLJ,high_resolution,1,https://m.media-amazon.com/images/I/71yGf-xJ3zL._AC_SL1500_.jpg
B07KB47FLJ,high_resolution,2,https://m.media-amazon.com/images/I/61Y8kZAeDCS._AC_SL1500_.jpg
B07KB47FLJ,high_resolution,3,https://m.media-amazon.com/images/I/61ZKc59-zCS._AC_SL1500_.jpg
B07KB47FLJ,high_resolution,4,https://m.media-amazon.com/images/I/51Ol+SE9+7S._AC_SL1500_.jpg
B07KB47FLJ,high_resolution,5,https://m.media-amazon.com/images/I/610l5XUHFKS._AC_SL1500_.jpg
B07KB47FLJ,high_resolution,6,https://m.media-amazon.com/images/I/61PmR501x+L._AC_SL1500_.jpg
B07KB47FLJ,high_resolution,7,https://m.media-amazon.com/images/I/71ppgLu4ugL._AC_SL1500_.jpg
B07KB47FLJ,high_resolution,8,https://m.media-amazon.com/images/I/71veLDxWKRL._AC_SL1500_.jpg
B07KB47FLJ,high_resolution,9,https://m.media-amazon.com/images/I/81srtrA4pEL._AC_SL1500_.jpg
B07KB47FLJ,high_resolution,10,https://m.media-amazon.com/images/I/81N-oT6ZddS._AC_SL1500_.jpg
B07KB47FLJ,a_plus,0,"https://m.media-amazon.com/images/S/aplus-media-library-service-media/a9dc8509-e031-4910-bfbe-c28e9e2d821b.__CR0,0,1464,600_PT0_SX1464_V1___.jpg"
B07KB47FLJ,a_plus,1,"https://m.media-amazon.com/images/S/aplus-media-library-service-media/cb61ef81-9a3c-4562-afc7-bd3788e2bf97.__CR0,0,1464,600_PT0_SX1464_V1___.jpg"
B07KB47FLJ,a_plus,2,"https://m.media-amazon.com/images/S/aplus-media-library-service-media/a3b9bfd6-8529-4800-89e1-97480ba9d5d3.__CR0,0,1464,600_PT0_SX1464_V1___.jpg"
B07KB47FLJ,a_plus,3,"https://m.media-amazon.com/images/S/aplus-media-library-service-media/6553de13-c5ff-474c-a7bc-0dcddb001440.__CR0,0,1464,600_PT0_SX1464_V1___.jpg"
B07KB47FLJ,a_plus,4,"https://m.media-amazon.com/images/S/aplus-media-library-service-media/4ff4da01-a6e8-4c5a-beb4-26cb24cc11b5.__CR0,0,1464,600_PT0_SX1464_V1___.jpg"
B07KB47FLJ,a_plus,5,"https://m.media-amazon.com/images/S/aplus-media-library-service-media/59623a97-dabe-4d7e-8dd8-f62eccbb5994.__CR0,0,1464,600_PT0_SX1464_V1___.jpg"
B07KB47FLJ,a_plus,6,"https://m.media-amazon.com/images/S/aplus-media-library-service-media/a9dc8509-e031-4910-bfbe-c28e9e2d821b.__CR0,0,1464,600_PT0_SX1464_V1___.jpg"
B07KB47FLJ,a_plus,7,"https://m.media-amazon.com/images/S/aplus-media-library-service-media/cb61ef81-9a3c-4562-afc7-bd3788e2bf97.__CR0,0,1464,600_PT0_SX1464_V1___.jpg"
B07KB47FLJ,a_plus,8,"https://m.media-amazon.com/images/S/aplus-media-library-service-media/a3b9bfd6-8529-4800-89e1-97480ba9d5d3.__CR0,0,1464,600_PT0_SX1464_V1___.jpg"
B07KB47FLJ,a_plus,9,"https://m.media-amazon.com/images/S/aplus-media-library-service-media/6553de13-c5ff-474c-a7bc-0dcddb001440.__CR0,0,1464,600_PT0_SX1464_V1___.jpg"
B07KB47FLJ,a_plus,10,"https://m.media-amazon.com/images/S/aplus-media-library-service-media/4ff4da01-a6e8-4c5a-beb4-26cb24cc11b5.__CR0,0,1464,600_PT0_SX1464_V1___.jpg"
B07KB47FLJ,a_plus,11,"https://m.media-amazon.com/images/S/aplus-media-library-service-media/59623a97-dabe-4d7e-8dd8-f62eccbb5994.__CR0,0,1464,600_PT0_SX1464_V1___.jpg"
B0BWD94QMH,high_resolution,0,https://m.media-amazon.com/images/I/61W6rHh-x0L._AC_SL1500_.jpg
B0BWD94QMH,high_resolution,1,https://m.media-amazon.com/images/I/71RIlqOaXpL._AC_SL1500_.jpg
B0BWD94QMH,high_resolution,2,https://m.media-amazon.com/images/I/51-Utqty5iL._AC_SL1500_.jpg
B0BWD94QMH,high_resolution,3,https://m.media-amazon.com/images/I/51xK2rBRuJL._AC_SL1500_.jpg
B0BWD94QMH,high_resolution,4,https://m.media-amazon.com/images/I/51GBPCXtv3L._AC_SL1500_.jpg
B0BWD94QMH,high_resolution,5,https://m.media-amazon.com/images/I/71o+Lk6ibAL._AC_SL1500_.jpg
B0BWD94QMH,high_resolution,6,https://m.media-amazon.com/images/I/61DPZVgm9UL._AC_SL1500_.jpg
B0BWD94QMH,high_resolution,7,https://m.media-amazon.com/images/I/81R2h2BGpdL._AC_SL1500_.jpg
B0BWD94QMH,high_resolution,8,https://m.media-amazon.com/images/I/71d3qMFXSjL._AC_SL1500_.jpg
B0BWD94QMH,a_plus,0,"https://m.media-amazon.com/images/S/aplus-media-library-service-media/ee7270a7-5898-492c-85d5-fbf7f381ccf2.__CR0,0,1464,600_PT0_SX1464_V1___.jpg"
B0BWD94QMH,a_plus,1,"https://m.media-amazon.com/images/S/aplus-media-library-service-media/5de81e1f-8207-4995-974c-b5e516d03649.__CR0,0,1464,600_PT0_SX1464_V1___.jpg"
B0BWD94QMH,a_plus,2,"https://m.media-amazon.com/images/S/aplus-media-library-service-media/d8915e98-75d0-47c6-a37e-dde5e7af3b19.__CR0,0,1464,600_PT0_SX1464_V1___.jpg"
B0BWD94QMH,a_plus,3,"https://m.media-amazon.com/images/S/aplus-media-library-service-media/3ab58d7d-b6b4-498a-8f91-7988da7b2d48.__CR0,0,1464,600_PT0_SX1464_V1___.jpg"
B0BWD94QMH,a_plus,4,"https://m.media-amazon.com/images/S/aplus-media-library-service-media/70164a4b-61fb-49c8-9d9b-73a02307cf8d.__CR0,0,1464,600_PT0_SX1464_V1___.jpg"
B0BWD94QMH,a_plus,5,"https://m.media-amazon.com/images/S/aplus-media-library-service-media/1857c410-e7d4-4577-8be2-287f751e58dc.__CR0,0,1464,600_PT0_SX1464_V1___.jpg"
B0BWD94QMH,a_plus,6,"https://m.media-amazon.com/images/S/aplus-media-library-service-media/da004ec6-b51c-48db-ba57-1893850d250e.__CR0,0,1464,600_PT0_SX1464_V1___.jpg"
B0BWD94QMH,a_plus,7,https://m.media-amazon.com/images/S/vse-vms-transcoding-artifact-eu-west-1-prod/a55e0d96-1e20-4cee-a0df-c6b2d034c41f/default.jobtemplate.hls.m3u8
B0BWD94QMH,a_plus,8,https://m.media-amazon.com/images/S/vse-vms-transcoding-artifact-eu-west-1-prod/a55e0d96-1e20-4cee-a0df-c6b2d034c41f/default.jobtemplate.hls.m3u8
B0BWD94QMH,a_plus,9,"https://m.media-amazon.com/images/S/aplus-media-library-service-media/ee7270a7-5898-492c-85d5-fbf7f381ccf2.__CR0,0,1464,600_PT0_SX1464_V1___.jpg"
B0BWD94QMH,a_plus,10,"https://m.media-amazon.com/images/S/aplus-media-library-service-media/5de81e1f-8207-4995-974c-b5e516d03649.__CR0,0,1464,600_PT0_SX1464_V1___.jpg"
B0BWD94QMH,a_plus,11,"https://m.media-amazon.com/images/S/aplus-media-library-service-media/d8915e98-75d0-47c6-a37e-dde5e7af3b19.__CR0,0,1464,600_PT0_SX1464_V1___.jpg"
B0BWD94QMH,a_plus,12,"https://m.media-amazon.com/images/S/aplus-media-library-service-media/3ab58d7d-b6b4-498a-8f91-7988da7b2d48.__CR0,0,1464,600_PT0_SX1464_V1___.jpg"
B0BWD94QMH,a_plus,13,"https://m.media-amazon.com/images/S/aplus-media-library-service-media/70164a4b-61fb-49c8-9d9b-73a02307cf8d.__CR0,0,1464,600_PT0_SX1464_V1___.jpg"
B0BWD94QMH,a_plus,14,"https://m.media-amazon.com/images/S/aplus-media-library-service-media/1857c410-e7d4-4577-8be2-287f751e58dc.__CR0,0,1464,600_PT0_SX1464_V1___.jpg"
B0BWD94QMH,a_plus,15,"https://m.media-amazon.com/images/S/aplus-media-library-service-media/da004ec6-b51c-48db-ba57-1893850d250e.__CR0,0,1464,600_PT0_SX1464_V1___.jpg"
B0DP9CR9FQ,high_resolution,0,https://m.media-amazon.com/images/I/819wD+vQh7L._AC_SL1500_.jpg
B0DP9CR9FQ,high_resolution,1,https://m.media-amazon.com/images/I/81g4kAnAkKL._AC_SL1500_.jpg
B0DP9CR9FQ,high_resolution,2,https://m.media-amazon.com/images/I/71WBdl5oO1L._AC_SL1500_.jpg
B0DP9CR9FQ,high_resolution,3,https://m.media-amazon.com/images/I/81DjDVr1lVL._AC_SL1500_.jpg
B0DP9CR9FQ,high_resolution,4,https://m.media-amazon.com/images/I/81Pqc6BZvHL._AC_SL1500_.jpg
B0DP9CR9FQ,high_resolution,5,https://m.media-amazon.com/images/I/71mb05u5WaL._AC_SL1500_.jpg
B0DP9CR9FQ,high_resolution,6,https://m.media-amazon.com/images/I/71kxv6w5NhL._AC_SL1500_.jpg
B0DP9CR9FQ,high_resolution,7,https://m.media-amazon.com/images/I/716UsdP6naL._AC_SL1500_.jpg
B0DP9CR9FQ,high_resolution,8,https://m.media-amazon.com/images/I/91oqF1vrdtL._AC_SL1500_.jpg
B0DP9CR9FQ,a_plus,0,"https://m.media-amazon.com/images/S/aplus-media-library-service-media/cbcbca09-c5b8-4ea2-b7e1-99b6b7d457f9.__CR0,0,1464,600_PT0_SX1464_V1___.jpg"
B0DP9CR9FQ,a_plus,1,"https://m.media-amazon.com/images/S/aplus-media-library-service-media/f72106ed-3a58-434f-aa35-649d33a4b565.__CR0,0,1464,600_PT0_SX1464_V1___.jpg"
B0DP9CR9FQ,a_plus,2,"https://m.media-amazon.com/images/S/aplus-media-library-service-media/dd2f7a4e-4692-4964-8ff1-ee56ac7117c2.__CR0,0,300,225_PT0_SX300_V1___.jpg"
B0DP9CR9FQ,a_plus,3,"https://m.media-amazon.com/images/S/aplus-media-library-service-media/d16aefd9-d025-4e1b-b569-87db6e3f3ddf.__CR0,0,300,225_PT0_SX300_V1___.jpg"
B0DP9CR9FQ,a_plus,4,"https://m.media-amazon.com/images/S/aplus-media-library-service-media/3bd1dadf-a902-46a8-8ed4-49020c310737.__CR0,0,300,225_PT0_SX300_V1___.jpg"
B0DP9CR9FQ,a_plus,5,"https://m.media-amazon.com/images/S/aplus-media-library-service-media/8ada997c-f2f1-4939-bc7d-a15a56f59e61.__CR0,0,300,225_PT0_SX300_V1___.jpg"
B0DP9CR9FQ,a_plus,6,"https://m.media-amazon.com/images/S/aplus-media-library-service-media/e4d94a97-db74-4f91-ab02-12c3e8b26e6a.__CR0,0,1464,600_PT0_SX1464_V1___.jpg"
B0DP9CR9FQ,a_plus,7,"https://m.media-amazon.com/images/S/aplus-media-library-service-media/7232f3d2-1d86-4928-8aef-627263df12a2.__CR0,0,1464,600_PT0_SX1464_V1___.jpg"
B0DP9CR9FQ,a_plus,8,"https://m.media-amazon.com/images/S/aplus-media-library-service-media/2ca994f5-f4ef-4f52-a2ef-8248c992fd79.__CR0,0,1464,600_PT0_SX1464_V1___.jpg"
B0DP9CR9FQ,a_plus,9,"https://m.media-amazon.com/images/S/aplus-media-library-service-media/809d58bc-ee59-414c-933c-640ac4a15202.__AC_SR200,225___.jpg"
B0DP9CR9FQ,a_plus,10,"https://m.media-amazon.com/images/I/51lYtvv1dJL.__AC_SR200,225___.jpg"
B0DP9CR9FQ,a_plus,11,"https://m.media-amazon.com/images/I/51CJiaWeiFL.__AC_SR200,225___.jpg"
B0DP9CR9FQ,a_plus,12,"https://m.media-amazon.com/images/I/51jy52LvUQL.__AC_SR200,225___.jpg"
B0DP9CR9FQ,a_plus,13,"https://m.media-amazon.com/images/I/51Na6QW5bNL.__AC_SR200,225___.jpg"
B0DP9CR9FQ,a_plus,14,"https://m.media-amazon.com/images/S/aplus-media-library-service-media/cbcbca09-c5b8-4ea2-b7e1-99b6b7d457f9.__CR0,0,1464,600_PT0_SX1464_V1___.jpg"
B0DP9CR9FQ,a_plus,15,"https://m.media-amazon.com/images/S/aplus-media-library-service-media/f72106ed-3a58-434f-aa35-649d33a4b565.__CR0,0,1464,600_PT0_SX1464_V1___.jpg"
B0DP9CR9FQ,a_plus,16,"https://m.media-amazon.com/images/S/aplus-media-library-service-media/dd2f7a4e-4692-4964-8ff1-ee56ac7117c2.__CR0,0,300,225_PT0_SX300_V1___.jpg"
B0DP9CR9FQ,a_plus,17,"https://m.media-amazon.com/images/S/aplus-media-library-service-media/d16aefd9-d025-4e1b-b569-87db6e3f3ddf.__CR0,0,300,225_PT0_SX300_V1___.jpg"
B0DP9CR9FQ,a_plus,18,"https://m.media-amazon.com/images/S/aplus-media-library-service-media/3bd1dadf-a902-46a8-8ed4-49020c310737.__CR0,0,300,225_PT0_SX300_V1___.jpg"
B0DP9CR9FQ,a_plus,19,"https://m.media-amazon.com/images/S/aplus-media-library-service-media/8ada997c-f2f1-4939-bc7d-a15a56f59e61.__CR0,0,300,225_PT0_SX300_V1___.jpg"
B0DP9CR9FQ,a_plus,20,"https://m.media-amazon.com/images/S/aplus-media-library-service-media/e4d94a97-db74-4f91-ab02-12c3e8b26e6a.__CR0,0,1464,600_PT0_SX1464_V1___.jpg"
B0DP9CR9FQ,a_plus,21,"https://m.media-amazon.com/images/S/aplus-media-library-service-media/7232f3d2-1d86-4928-8aef-627263df12a2.__CR0,0,1464,600_PT0_SX1464_V1___.jpg"
B0DP9CR9FQ,a_plus,22,"https://m.media-amazon.com/images/S/aplus-media-library-service-media/2ca994f5-f4ef-4f52-a2ef-8248c992fd79.__CR0,0,1464,600_PT0_SX1464_V1___.jpg"
B0FVM4MDK9,high_resolution,0,https://m.media-amazon.com/images/I/81ZxhDK7ZfL._AC_SL1500_.jpg
B0FVM4MDK9,high_resolution,1,https://m.media-amazon.com/images/I/81jaekvpgmL._AC_SL1500_.jpg
B0FVM4MDK9,high_resolution,2,https://m.media-amazon.com/images/I/71bl7NHoWiL._AC_SL1500_.jpg
B0FVM4MDK9,high_resolution,3,https://m.media-amazon.com/images/I/81wPEcHrenL._AC_SL1500_.jpg
B0FVM4MDK9,high_resolution,4,https://m.media-amazon.com/images/I/81+Vs2h9FqL._AC_SL1500_.jpg
B0FVM4MDK9,high_resolution,5,https://m.media-amazon.com/images/I/81SN1iynR1L._AC_SL1500_.jpg
B0FVM4MDK9,high_resolution,6,https://m.media-amazon.com/images/I/91r3wX02elL._AC_SL1500_.jpg
B0FVM4MDK9,high_resolution,7,https://m.media-amazon.com/images/I/91a2beZG4JL._AC_SL1500_.jpg
B0FVM4MDK9,a_plus,0,"https://m.media-amazon.com/images/S/aplus-media-library-service-media/2bfd3545-b4ad-4c68-8aa1-28430043ac5b.__CR0,0,1464,600_PT0_SX1464_V1___.jpg"
B0FVM4MDK9,a_plus,1,"https://m.media-amazon.com/images/S/aplus-media-library-service-media/b180eb5c-b24a-40dd-8518-c4fdf3791394.__CR0,0,650,350_PT0_SX650_V1___.jpg"
B0FVM4MDK9,a_plus,2,"https://m.media-amazon.com/images/S/aplus-media-library-service-media/921fdfc3-75fd-40c4-ba0c-b1d62f019250.__CR0,0,650,350_PT0_SX650_V1___.jpg"
B0FVM4MDK9,a_plus,3,"https://m.media-amazon.com/images/S/aplus-media-library-service-media/723069f4-a0a9-4e20-ad8e-5fdc743a1002.__CR0,0,800,600_PT0_SX800_V1___.jpg"
B0FVM4MDK9,a_plus,4,"https://m.media-amazon.com/images/S/aplus-media-library-service-media/23fd644a-c3ae-41f8-8a6f-1c76e22e5dc7.__CR0,0,800,600_PT0_SX800_V1___.jpg"
B0FVM4MDK9,a_plus,5,"https://m.media-amazon.com/images/S/aplus-media-library-service-media/e9b39fc2-b9c5-4af0-9c37-356616b0ba7b.__CR0,0,1464,600_PT0_SX1464_V1___.jpg"
B0FVM4MDK9,a_plus,6,"https://m.media-amazon.com/images/S/aplus-media-library-service-media/9d3f7b04-2577-4d66-9686-7544060a1bd6.__CR0,0,1464,600_PT0_SX1464_V1___.jpg"
B0FVM4MDK9,a_plus,7,"https://m.media-amazon.com/images/S/aplus-media-library-service-media/9027e061-9056-424d-9461-8ae41532af96.__CR0,0,1464,600_PT0_SX1464_V1___.jpg"
B0FVM4MDK9,a_plus,8,"https://m.media-amazon.com/images/S/aplus-media-library-service-media/88b7cdc7-8bfb-4a98-acc7-1560a92a79ca.__CR0,0,1464,600_PT0_SX1464_V1___.jpg"
B0FVM4MDK9,a_plus,9,"https://m.media-amazon.com/images/S/aplus-media-library-service-media/5c3da22e-d451-4a02-a684-c42b4a8eb67e.__CR0,0,1464,600_PT0_SX1464_V1___.jpg"
B0FVM4MDK9,a_plus,10,"https://m.media-amazon.com/images/S/aplus-media-library-service-media/1ab2be5b-b54a-4197-a22a-22d19fb13dd7.__CR0,0,1464,600_PT0_SX1464_V1___.jpg"
B0FVM4MDK9,a_plus,11,"https://m.media-amazon.com/images/S/aplus-media-library-service-media/2dfdf0bd-af0f-4696-bd07-18beacaf1572.__CR0,0,1464,600_PT0_SX1464_V1___.jpg"
B0FVM4MDK9,a_plus,12,"https://m.media-amazon.com/images/S/aplus-media-library-service-media/553a2fb0-0720-4a86-bbe2-317dca422188.__CR0,0,1464,600_PT0_SX1464_V1___.jpg"
B0FVM4MDK9,a_plus,13,"https://m.media-amazon.com/images/S/aplus-media-library-service-media/0350d404-81e9-41cc-b7f4-a6e9d05b3fc5.__CR0,0,1464,600_PT0_SX1464_V1___.jpg"
B0FVM4MDK9,a_plus,14,"https://m.media-amazon.com/images/S/aplus-media-library-service-media/114eff4b-528a-49a3-bbe3-db85c47d5d01.__CR0,0,1464,600_PT0_SX1464_V1___.jpg"
B0FVM4MDK9,a_plus,15,"https://m.media-amazon.com/images/S/aplus-media-library-service-media/e94848b3-831a-4254-857b-9308346475c4.__CR0,0,1464,600_PT0_SX1464_V1___.jpg"
B0FVM4MDK9,a_plus,16,"https://m.media-amazon.com/images/S/aplus-media-library-service-media/f965c6ce-8711-4166-bf10-a5c6ef19dd9a.__CR0,0,1464,600_PT0_SX1464_V1___.jpg"
B0FVM4MDK9,a_plus,17,"https://m.media-amazon.com/images/S/aplus-media-library-service-media/092a09d9-c98d-4bd8-b96a-88f99bff6245.__CR0,0,1464,600_PT0_SX1464_V1___.jpg"
B0FVM4MDK9,a_plus,18,"https://m.media-amazon.com/images/S/aplus-media-library-service-media/b1949506-8d1d-4d20-a480-af9968d6c9f3.__CR0,0,1464,600_PT0_SX1464_V1___.jpg"
B0FVM4MDK9,a_plus,19,"https://m.media-amazon.com/images/S/aplus-media-library-service-media/2bfd3545-b4ad-4c68-8aa1-28430043ac5b.__CR0,0,1464,600_PT0_SX1464_V1___.jpg"
B0FVM4MDK9,a_plus,20,"https://m.media-amazon.com/images/S/aplus-media-library-service-media/b180eb5c-b24a-40dd-8518-c4fdf3791394.__CR0,0,650,350_PT0_SX650_V1___.jpg"
B0FVM4MDK9,a_plus,21,"https://m.media-amazon.com/images/S/aplus-media-library-service-media/921fdfc3-75fd-40c4-ba0c-b1d62f019250.__CR0,0,650,350_PT0_SX650_V1___.jpg"
B0FVM4MDK9,a_plus,22,"https://m.media-amazon.com/images/S/aplus-media-library-service-media/723069f4-a0a9-4e20-ad8e-5fdc743a1002.__CR0,0,800,600_PT0_SX800_V1___.jpg"
B0FVM4MDK9,a_plus,23,"https://m.media-amazon.com/images/S/aplus-media-library-service-media/23fd644a-c3ae-41f8-8a6f-1c76e22e5dc7.__CR0,0,800,600_PT0_SX800_V1___.jpg"
B0FVM4MDK9,a_plus,24,"https://m.media-amazon.com/images/S/aplus-media-library-service-media/e9b39fc2-b9c5-4af0-9c37-356616b0ba7b.__CR0,0,1464,600_PT0_SX1464_V1___.jpg"
B0FVM4MDK9,a_plus,25,"https://m.media-amazon.com/images/S/aplus-media-library-service-media/9d3f7b04-2577-4d66-9686-7544060a1bd6.__CR0,0,1464,600_PT0_SX1464_V1___.jpg"
B0FVM4MDK9,a_plus,26,https://www.amazon.de/dp/B0FVLYDZ3P?ref=emc_p_m_13_b
B0FVM4MDK9,a_plus,27,"https://m.media-amazon.com/images/S/aplus-media-library-service-media/9027e061-9056-424d-9461-8ae41532af96.__CR0,0,1464,600_PT0_SX1464_V1___.jpg"
B0FVM4MDK9,a_plus,28,https://www.amazon.de/dp/B0F1C21NQ3?ref=emc_p_m_13_i
B0FVM4MDK9,a_plus,29,"https://m.media-amazon.com/images/S/aplus-media-library-service-media/88b7cdc7-8bfb-4a98-acc7-1560a92a79ca.__CR0,0,1464,600_PT0_SX1464_V1___.jpg"
B0FVM4MDK9,a_plus,30,https://www.amazon.de/dp/B0F1C7V5GQ?ref=emc_p_m_13_i
B0FVM4MDK9,a_plus,31,"https://m.media-amazon.com/images/S/aplus-media-library-service-media/5c3da22e-d451-4a02-a684-c42b4a8eb67e.__CR0,0,1464,600_PT0_SX1464_V1___.jpg"
B0FVM4MDK9,a_plus,32,https://www.amazon.de/dp/B0FVM1YNCW?ref=emc_p_m_13_i
B0FVM4MDK9,a_plus,33,"https://m.media-amazon.com/images/S/aplus-media-library-service-media/1ab2be5b-b54a-4197-a22a-22d19fb13dd7.__CR0,0,1464,600_PT0_SX1464_V1___.jpg"
B0FVM4MDK9,a_plus,34,https://www.amazon.de/dp/B0F1CF25MF?ref=emc_p_m_13_i
B0FVM4MDK9,a_plus,35,"https://m.media-amazon.com/images/S/aplus-media-library-service-media/2dfdf0bd-af0f-4696-bd07-18beacaf1572.__CR0,0,1464,600_PT0_SX1464_V1___.jpg"
B0FVM4MDK9,a_plus,36,https://www.amazon.de/dp/B0F1C6YNLX?ref=emc_p_m_13_i
B0FVM4MDK9,a_plus,37,"https://m.media-amazon.com/images/S/aplus-media-library-service-media/553a2fb0-0720-4a86-bbe2-317dca422188.__CR0,0,1464,600_PT0_SX1464_V1___.jpg"
B0FVM4MDK9,a_plus,38,https://www.amazon.de/dp/B0FVLZYL49?ref=emc_p_m_13_b
B0FVM4MDK9,a_plus,39,"https://m.media-amazon.com/images/S/aplus-media-library-service-media/0350d404-81e9-41cc-b7f4-a6e9d05b3fc5.__CR0,0,1464,600_PT0_SX1464_V1___.jpg"
B0FVM4MDK9,a_plus,40,https://www.amazon.de/dp/B0F1CFPHFG?ref=emc_p_m_13_i
B0FVM4MDK9,a_plus,41,"https://m.media-amazon.com/images/S/aplus-media-library-service-media/114eff4b-528a-49a3-bbe3-db85c47d5d01.__CR0,0,1464,600_PT0_SX1464_V1___.jpg"
B0FVM4MDK9,a_plus,42,https://www.amazon.de/dp/B0F1C2KV9M?ref=emc_p_m_13_i
B0FVM4MDK9,a_plus,43,"https://m.media-amazon.com/images/S/aplus-media-library-service-media/e94848b3-831a-4254-857b-9308346475c4.__CR0,0,1464,600_PT0_SX1464_V1___.jpg"
B0FVM4MDK9,a_plus,44,https://www.amazon.de/dp/B0FVLZQXWJ?ref=emc_p_m_13_i
B0FVM4MDK9,a_plus,45,"https://m.media-amazon.com/images/S/aplus-media-library-service-media/f965c6ce-8711-4166-bf10-a5c6ef19dd9a.__CR0,0,1464,600_PT0_SX1464_V1___.jpg"
B0FVM4MDK9,a_plus,46,https://www.amazon.de/dp/B0F1BXRBP4?ref=emc_p_m_13_i
B0FVM4MDK9,a_plus,47,"https://m.media-amazon.com/images/S/aplus-media-library-service-media/092a09d9-c98d-4bd8-b96a-88f99bff6245.__CR0,0,1464,600_PT0_SX1464_V1___.jpg"
B0FVM4MDK9,a_plus,48,https://www.amazon.de/dp/B0F1BT1XZB?ref=emc_p_m_13_i
B0FVM4MDK9,a_plus,49,"https://m.media-amazon.com/images/S/aplus-media-library-service-media/b1949506-8d1d-4d20-a480-af9968d6c9f3.__CR0,0,1464,600_PT0_SX1464_V1___.jpg"
B0FH2GM4K9,high_resolution,0,https://m.media-amazon.com/images/I/8130ypDxUFL._AC_SL1500_.jpg
B0FH2GM4K9,high_resolution,1,https://m.media-amazon.com/images/I/71LdlrQKMiL._AC_SL1500_.jpg
B0FH2GM4K9,high_resolution,2,https://m.media-amazon.com/images/I/81R5L5UI+bL._AC_SL1500_.jpg
B0FH2GM4K9,high_resolution,3,https://m.media-amazon.com/images/I/814X6Nx-9nL._AC_SL1500_.jpg
B0FH2GM4K9,high_resolution,4,https://m.media-amazon.com/images/I/71wBVGECmdL._AC_SL1500_.jpg
B0FH2GM4K9,high_resolution,5,https://m.media-amazon.com/images/I/91d6qPU90eL._AC_SL1500_.jpg
B0FH2GM4K9,high_resolution,6,https://m.media-amazon.com/images/I/91YP6SL2f8L._AC_SL1500_.jpg
B0H4QXT8CD,high_resolution,0,https://m.media-amazon.com/images/I/71J28vsRYQL._AC_SL1500_.jpg
B0H4QXT8CD,high_resolution,1,https://m.media-amazon.com/images/I/81cqrqroPzL._AC_SL1500_.jpg
B0H4QXT8CD,high_resolution,2,https://m.media-amazon.com/images/I/71Ty2aHFt+L._AC_SL1500_.jpg
B0H4QXT8CD,high_resolution,3,https://m.media-amazon.com/images/I/81eBHx12KCL._AC_SL1500_.jpg
B0H4QXT8CD,high_resolution,4,https://m.media-amazon.com/images/I/71V3tpqhKjL._AC_SL1500_.jpg
B0H4QXT8CD,high_resolution,5,https://m.media-amazon.com/images/I/81pHVs3HNzL._AC_SL1500_.jpg
B0H4QXT8CD,high_resolution,6,https://m.media-amazon.com/images/I/81EWJy3sTHL._AC_SL1500_.jpg
B0H4QXT8CD,high_resolution,7,https://m.media-amazon.com/images/I/81A6b+CVy4L._AC_SL1500_.jpg
B0H4QXT8CD,a_plus,0,"https://m.media-amazon.com/images/S/aplus-media-library-service-media/03e129f4-b741-41d7-b8ea-7f8357857e27.__CR0,0,1464,600_PT0_SX1464_V1___.jpg"
B0H4QXT8CD,a_plus,1,"https://m.media-amazon.com/images/S/aplus-media-library-service-media/65576bd6-35c8-4419-a3a4-a35ec896d1fc.__CR0,0,1464,600_PT0_SX1464_V1___.jpg"
B0H4QXT8CD,a_plus,2,"https://m.media-amazon.com/images/S/aplus-media-library-service-media/16e7e078-418b-4550-b733-0e6c1270d212.__CR0,0,1464,600_PT0_SX1464_V1___.jpg"
B0H4QXT8CD,a_plus,3,"https://m.media-amazon.com/images/S/aplus-media-library-service-media/6361c077-de73-48a8-9b59-5dd03b694bdc.__CR0,0,1464,600_PT0_SX1464_V1___.jpg"
B0H4QXT8CD,a_plus,4,"https://m.media-amazon.com/images/S/aplus-media-library-service-media/2013ff9d-ad2d-4b70-a389-aea0f7ba9558.__CR0,0,1464,600_PT0_SX1464_V1___.jpg"
B0H4QXT8CD,a_plus,5,"https://m.media-amazon.com/images/S/aplus-media-library-service-media/226cd19b-9878-4b63-9594-18cd404560ae.__CR0,0,1464,600_PT0_SX1464_V1___.jpg"
B0H4QXT8CD,a_plus,6,"https://m.media-amazon.com/images/S/aplus-media-library-service-media/8d5e1e11-9638-411a-bebf-74e2c213e568.__CR0,0,1464,600_PT0_SX1464_V1___.jpg"
B0H4QXT8CD,a_plus,7,"https://m.media-amazon.com/images/S/aplus-media-library-service-media/1885105e-e622-4851-85c4-998b5cb81bfc.__CR0,0,1464,600_PT0_SX1464_V1___.jpg"
B0H4QXT8CD,a_plus,8,"https://m.media-amazon.com/images/S/aplus-media-library-service-media/1127a8da-b50d-4364-9856-fa75bf7de4e0.__CR0,0,1464,600_PT0_SX1464_V1___.jpg"
B0H4QXT8CD,a_plus,9,"https://m.media-amazon.com/images/S/aplus-media-library-service-media/5fd8e3c8-fa47-4fc9-adc7-82aaa096cec0.__CR0,0,1464,600_PT0_SX1464_V1___.jpg"
B0H4QXT8CD,a_plus,10,"https://m.media-amazon.com/images/S/aplus-media-library-service-media/05f4af79-f739-4f9d-b589-25623b2c4dc4.__CR0,0,1464,600_PT0_SX1464_V1___.jpg"
B0H4QXT8CD,a_plus,11,"https://m.media-amazon.com/images/S/aplus-media-library-service-media/15c683c6-ad1f-4402-90f7-efedbc7a4934.__AC_SR200,225___.jpg"
B0H4QXT8CD,a_plus,12,"https://m.media-amazon.com/images/S/aplus-media-library-service-media/f6d11b17-7d03-4158-ab9b-fa8dd7efa30b.__AC_SR200,225___.jpg"
B0H4QXT8CD,a_plus,13,"https://m.media-amazon.com/images/S/aplus-media-library-service-media/5d1b5842-d0ab-4d0b-a2e6-95c689789d21.__AC_SR200,225___.jpg"
B0H4QXT8CD,a_plus,14,"https://m.media-amazon.com/images/S/aplus-media-library-service-media/786fbc00-12c7-4099-834b-050553775019.__AC_SR200,225___.jpg"
B0H4QXT8CD,a_plus,15,"https://m.media-amazon.com/images/S/aplus-media-library-service-media/aae21b19-db54-4d19-89a4-006d8595e3df.__AC_SR200,225___.jpg"
B0H4QXT8CD,a_plus,16,"https://m.media-amazon.com/images/S/aplus-media-library-service-media/9df2de13-71f0-4948-ab22-2468d99a0cba.__AC_SR200,225___.jpg"
B0H4QXT8CD,a_plus,17,"https://m.media-amazon.com/images/S/aplus-media-library-service-media/27e713ff-f293-443d-8308-8412722c621d.__AC_SR200,225___.jpg"
B0H4QXT8CD,a_plus,18,"https://m.media-amazon.com/images/S/aplus-media-library-service-media/03e129f4-b741-41d7-b8ea-7f8357857e27.__CR0,0,1464,600_PT0_SX1464_V1___.jpg"
B0H4QXT8CD,a_plus,19,"https://m.media-amazon.com/images/S/aplus-media-library-service-media/65576bd6-35c8-4419-a3a4-a35ec896d1fc.__CR0,0,1464,600_PT0_SX1464_V1___.jpg"
B0H4QXT8CD,a_plus,20,"https://m.media-amazon.com/images/S/aplus-media-library-service-media/16e7e078-418b-4550-b733-0e6c1270d212.__CR0,0,1464,600_PT0_SX1464_V1___.jpg"
B0H4QXT8CD,a_plus,21,"https://m.media-amazon.com/images/S/aplus-media-library-service-media/6361c077-de73-48a8-9b59-5dd03b694bdc.__CR0,0,1464,600_PT0_SX1464_V1___.jpg"
B0H4QXT8CD,a_plus,22,"https://m.media-amazon.com/images/S/aplus-media-library-service-media/2013ff9d-ad2d-4b70-a389-aea0f7ba9558.__CR0,0,1464,600_PT0_SX1464_V1___.jpg"
B0H4QXT8CD,a_plus,23,"https://m.media-amazon.com/images/S/aplus-media-library-service-media/226cd19b-9878-4b63-9594-18cd404560ae.__CR0,0,1464,600_PT0_SX1464_V1___.jpg"
B0H4QXT8CD,a_plus,24,"https://m.media-amazon.com/images/S/aplus-media-library-service-media/8d5e1e11-9638-411a-bebf-74e2c213e568.__CR0,0,1464,600_PT0_SX1464_V1___.jpg"
B0H4QXT8CD,a_plus,25,"https://m.media-amazon.com/images/S/aplus-media-library-service-media/1885105e-e622-4851-85c4-998b5cb81bfc.__CR0,0,1464,600_PT0_SX1464_V1___.jpg"
B0H4QXT8CD,a_plus,26,"https://m.media-amazon.com/images/S/aplus-media-library-service-media/1127a8da-b50d-4364-9856-fa75bf7de4e0.__CR0,0,1464,600_PT0_SX1464_V1___.jpg"
B0H4QXT8CD,a_plus,27,"https://m.media-amazon.com/images/S/aplus-media-library-service-media/5fd8e3c8-fa47-4fc9-adc7-82aaa096cec0.__CR0,0,1464,600_PT0_SX1464_V1___.jpg"
B0H4QXT8CD,a_plus,28,"https://m.media-amazon.com/images/S/aplus-media-library-service-media/05f4af79-f739-4f9d-b589-25623b2c4dc4.__CR0,0,1464,600_PT0_SX1464_V1___.jpg"
B0FC2GBK96,high_resolution,0,https://m.media-amazon.com/images/I/71+WDhHgsfL._AC_SL1500_.jpg
B0FC2GBK96,high_resolution,1,https://m.media-amazon.com/images/I/81NY9fVVJJL._AC_SL1500_.jpg
B0FC2GBK96,high_resolution,2,https://m.media-amazon.com/images/I/71cUKmTw81L._AC_SL1500_.jpg
B0FC2GBK96,high_resolution,3,https://m.media-amazon.com/images/I/813hAc9DisL._AC_SL1500_.jpg
B0FC2GBK96,high_resolution,4,https://m.media-amazon.com/images/I/81FwXd8lC1L._AC_SL1500_.jpg
B0FC2GBK96,high_resolution,5,https://m.media-amazon.com/images/I/71tIAbNfX0L._AC_SL1500_.jpg
B0FC2GBK96,high_resolution,6,https://m.media-amazon.com/images/I/71E0UMeqIIL._AC_SL1500_.jpg
B0FC2GBK96,a_plus,0,"https://m.media-amazon.com/images/S/aplus-media-library-service-media/a0669b99-8617-47ef-88cc-99fce1bff26b.__CR0,0,1464,600_PT0_SX1464_V1___.jpg"
B0FC2GBK96,a_plus,1,"https://m.media-amazon.com/images/S/aplus-media-library-service-media/416d5ddc-9b6e-4835-9fe5-4e6fc54fac31.__CR0,0,650,350_PT0_SX650_V1___.jpg"
B0FC2GBK96,a_plus,2,"https://m.media-amazon.com/images/S/aplus-media-library-service-media/1fb70773-8184-42ac-b18b-bb10d01275d2.__CR0,0,650,350_PT0_SX650_V1___.jpg"
B0FC2GBK96,a_plus,3,"https://m.media-amazon.com/images/S/aplus-media-library-service-media/93421a86-7d13-4a07-ab65-91cb7d6ced9d.__CR0,0,1464,600_PT0_SX1464_V1___.jpg"
B0FC2GBK96,a_plus,4,"https://m.media-amazon.com/images/S/aplus-media-library-service-media/a0669b99-8617-47ef-88cc-99fce1bff26b.__CR0,0,1464,600_PT0_SX1464_V1___.jpg"
B0FC2GBK96,a_plus,5,"https://m.media-amazon.com/images/S/aplus-media-library-service-media/416d5ddc-9b6e-4835-9fe5-4e6fc54fac31.__CR0,0,650,350_PT0_SX650_V1___.jpg"
B0FC2GBK96,a_plus,6,"https://m.media-amazon.com/images/S/aplus-media-library-service-media/1fb70773-8184-42ac-b18b-bb10d01275d2.__CR0,0,650,350_PT0_SX650_V1___.jpg"
B0FC2GBK96,a_plus,7,"https://m.media-amazon.com/images/S/aplus-media-library-service-media/93421a86-7d13-4a07-ab65-91cb7d6ced9d.__CR0,0,1464,600_PT0_SX1464_V1___.jpg"
B0C8N6FXHC,high_resolution,0,https://m.media-amazon.com/images/I/71NNwV-pEgL._AC_SL1500_.jpg
B0C8N6FXHC,high_resolution,1,https://m.media-amazon.com/images/I/71nJ9LcMtyL._AC_SL1500_.jpg
B0C8N6FXHC,high_resolution,2,https://m.media-amazon.com/images/I/61ZHPKWXLmL._AC_SL1500_.jpg
B0C8N6FXHC,high_resolution,3,https://m.media-amazon.com/images/I/71aSduclsNL._AC_SL1500_.jpg
B0C8N6FXHC,high_resolution,4,https://m.media-amazon.com/images/I/71qZ58X+lHL._AC_SL1500_.jpg
B0C8N6FXHC,high_resolution,5,https://m.media-amazon.com/images/I/61pE7APkOAL._AC_SL1500_.jpg
B0C8N6FXHC,high_resolution,6,https://m.media-amazon.com/images/I/7188eJ4CmML._AC_SL1500_.jpg
B0C8N6FXHC,high_resolution,7,https://m.media-amazon.com/images/I/71TROjL7O6L._AC_SL1500_.jpg
B0C8N6FXHC,high_resolution,8,https://m.media-amazon.com/images/I/71uS9ZjXtBL._AC_SL1500_.jpg
B0C8N6FXHC,a_plus,0,"https://m.media-amazon.com/images/S/aplus-media-library-service-media/f704bc80-5473-4eb5-be39-0600127f73d9.__CR227,94,4545,1863_PT0_SX1464_V1___.jpg"
B0C8N6FXHC,a_plus,1,"https://m.media-amazon.com/images/S/aplus-media-library-service-media/7a385e87-4832-45a5-bc6b-bdc63ed7a621.__CR363,0,1581,648_PT0_SX1464_V1___.png"
B0C8N6FXHC,a_plus,2,"https://m.media-amazon.com/images/S/aplus-media-library-service-media/79503f60-0183-45e6-bc2f-94990769917e.__CR363,0,1581,648_PT0_SX1464_V1___.png"
B0C8N6FXHC,a_plus,3,"https://m.media-amazon.com/images/S/aplus-media-library-service-media/b0df8490-9d82-4ef2-90ac-9e7a13b59777.__CR227,94,4545,1863_PT0_SX1464_V1___.jpg"
B0C8N6FXHC,a_plus,4,"https://m.media-amazon.com/images/S/aplus-media-library-service-media/0a3d4a50-3c6d-4cd7-a182-9fdfa1d06b92.__CR227,94,4545,1863_PT0_SX1464_V1___.jpg"
B0C8N6FXHC,a_plus,5,"https://m.media-amazon.com/images/S/aplus-media-library-service-media/db2f97c9-2eb1-4239-8abc-6f59ead10b88.__CR227,94,4545,1863_PT0_SX1464_V1___.jpg"
B0C8N6FXHC,a_plus,6,"https://m.media-amazon.com/images/S/aplus-media-library-service-media/1826a22b-530d-4f08-a3c8-45da848f5729.__AC_SR200,225___.jpg"
B0C8N6FXHC,a_plus,7,"https://m.media-amazon.com/images/S/aplus-media-library-service-media/1be37e1b-9aaa-4ae4-b706-0750fbd7f372.__AC_SR200,225___.jpg"
B0C8N6FXHC,a_plus,8,"https://m.media-amazon.com/images/S/aplus-media-library-service-media/17274663-f425-49b4-b95b-e98842f2e565.__AC_SR200,225___.jpg"
B0C8N6FXHC,a_plus,9,"https://m.media-amazon.com/images/S/aplus-media-library-service-media/1f088a63-104e-44e2-95da-9ba81025b010.__AC_SR200,225___.jpg"
B0C8N6FXHC,a_plus,10,"https://m.media-amazon.com/images/S/aplus-media-library-service-media/a2d3ecc3-1af8-4119-9168-63c6674d5562.__AC_SR200,225___.jpg"
B0C8N6FXHC,a_plus,11,"https://m.media-amazon.com/images/S/aplus-media-library-service-media/b8b5e293-467a-44ec-b6c8-060ede8b62c1.__AC_SR200,225___.jpg"
B0C8N6FXHC,a_plus,12,"https://m.media-amazon.com/images/S/aplus-media-library-service-media/f704bc80-5473-4eb5-be39-0600127f73d9.__CR227,94,4545,1863_PT0_SX1464_V1___.jpg"
B0C8N6FXHC,a_plus,13,"https://m.media-amazon.com/images/S/aplus-media-library-service-media/7a385e87-4832-45a5-bc6b-bdc63ed7a621.__CR363,0,1581,648_PT0_SX1464_V1___.png"
B0C8N6FXHC,a_plus,14,"https://m.media-amazon.com/images/S/aplus-media-library-service-media/79503f60-0183-45e6-bc2f-94990769917e.__CR363,0,1581,648_PT0_SX1464_V1___.png"
B0C8N6FXHC,a_plus,15,"https://m.media-amazon.com/images/S/aplus-media-library-service-media/b0df8490-9d82-4ef2-90ac-9e7a13b59777.__CR227,94,4545,1863_PT0_SX1464_V1___.jpg"
B0C8N6FXHC,a_plus,16,"https://m.media-amazon.com/images/S/aplus-media-library-service-media/0a3d4a50-3c6d-4cd7-a182-9fdfa1d06b92.__CR227,94,4545,1863_PT0_SX1464_V1___.jpg"
B0C8N6FXHC,a_plus,17,"https://m.media-amazon.com/images/S/aplus-media-library-service-media/db2f97c9-2eb1-4239-8abc-6f59ead10b88.__CR227,94,4545,1863_PT0_SX1464_V1___.jpg"
B0GMZ2QD75,high_resolution,0,https://m.media-amazon.com/images/I/912PgEuLljL._AC_SL1500_.jpg
B0GMZ2QD75,high_resolution,1,https://m.media-amazon.com/images/I/91L0qBdYHzL._AC_SL1500_.jpg
B0GMZ2QD75,high_resolution,2,https://m.media-amazon.com/images/I/915Fz6a5phL._AC_SL1500_.jpg
B0GMZ2QD75,high_resolution,3,https://m.media-amazon.com/images/I/81fT0hqalAL._AC_SL1500_.jpg
B0GMZ2QD75,high_resolution,4,https://m.media-amazon.com/images/I/91VmD92IbxL._AC_SL1500_.jpg
B0GMZ2QD75,high_resolution,5,https://m.media-amazon.com/images/I/81x+xu9t8tL._AC_SL1500_.jpg
B0GMZ2QD75,high_resolution,6,https://m.media-amazon.com/images/I/81gmuhpwPDL._AC_SL1500_.jpg
B0GMZ2QD75,a_plus,0,"https://m.media-amazon.com/images/S/aplus-media-library-service-media/fcdd2792-fdaf-4510-927e-89d59682158c.__CR0,0,2928,1200_PT0_SX1464_V1___.jpg"
B0GMZ2QD75,a_plus,1,"https://m.media-amazon.com/images/S/aplus-media-library-service-media/c52b52ea-551d-4136-aa6c-a018a81d2a8d.__CR0,0,2928,1200_PT0_SX1464_V1___.jpg"
B0GMZ2QD75,a_plus,2,"https://m.media-amazon.com/images/S/aplus-media-library-service-media/d2e5848b-3c9b-41d9-aa4b-d661e7712d21.__CR0,0,2928,1200_PT0_SX1464_V1___.jpg"
B0GMZ2QD75,a_plus,3,"https://m.media-amazon.com/images/S/aplus-media-library-service-media/7b863f3e-10a6-476e-a94f-18f75f7a24c0.__CR0,0,2928,1200_PT0_SX1464_V1___.jpg"
B0GMZ2QD75,a_plus,4,"https://m.media-amazon.com/images/S/aplus-media-library-service-media/9b5f5928-780d-442b-8a40-99cb924a4975.__CR0,0,2928,1200_PT0_SX1464_V1___.jpg"
B0GMZ2QD75,a_plus,5,"https://m.media-amazon.com/images/S/aplus-media-library-service-media/3608a6c8-2a0a-4170-9372-9d2068b0471e.__CR0,0,2928,1200_PT0_SX1464_V1___.jpg"
B0GMZ2QD75,a_plus,6,"https://m.media-amazon.com/images/S/aplus-media-library-service-media/645f871c-5cc4-4b91-b909-1cda4fbbcaa5.__CR0,0,2928,1200_PT0_SX1464_V1___.jpg"
B0GMZ2QD75,a_plus,7,"https://m.media-amazon.com/images/S/aplus-media-library-service-media/fcdd2792-fdaf-4510-927e-89d59682158c.__CR0,0,2928,1200_PT0_SX1464_V1___.jpg"
B0GMZ2QD75,a_plus,8,"https://m.media-amazon.com/images/S/aplus-media-library-service-media/c52b52ea-551d-4136-aa6c-a018a81d2a8d.__CR0,0,2928,1200_PT0_SX1464_V1___.jpg"
B0GMZ2QD75,a_plus,9,"https://m.media-amazon.com/images/S/aplus-media-library-service-media/d2e5848b-3c9b-41d9-aa4b-d661e7712d21.__CR0,0,2928,1200_PT0_SX1464_V1___.jpg"
B0GMZ2QD75,a_plus,10,"https://m.media-amazon.com/images/S/aplus-media-library-service-media/7b863f3e-10a6-476e-a94f-18f75f7a24c0.__CR0,0,2928,1200_PT0_SX1464_V1___.jpg"
B0GMZ2QD75,a_plus,11,"https://m.media-amazon.com/images/S/aplus-media-library-service-media/9b5f5928-780d-442b-8a40-99cb924a4975.__CR0,0,2928,1200_PT0_SX1464_V1___.jpg"
B0GMZ2QD75,a_plus,12,"https://m.media-amazon.com/images/S/aplus-media-library-service-media/3608a6c8-2a0a-4170-9372-9d2068b0471e.__CR0,0,2928,1200_PT0_SX1464_V1___.jpg"
B0GMZ2QD75,a_plus,13,"https://m.media-amazon.com/images/S/aplus-media-library-service-media/645f871c-5cc4-4b91-b909-1cda4fbbcaa5.__CR0,0,2928,1200_PT0_SX1464_V1___.jpg"
B0H38K62K2,high_resolution,0,https://m.media-amazon.com/images/I/71nMmN8UseL._AC_SL1500_.jpg
B0H38K62K2,high_resolution,1,https://m.media-amazon.com/images/I/81hsliKDQ0L._AC_SL1500_.jpg
B0H38K62K2,high_resolution,2,https://m.media-amazon.com/images/I/71VRMu5GAlL._AC_SL1500_.jpg
B0H38K62K2,high_resolution,3,https://m.media-amazon.com/images/I/81nFncW8rkL._AC_SL1500_.jpg
B0H38K62K2,high_resolution,4,https://m.media-amazon.com/images/I/71a2ETNepnL._AC_SL1500_.jpg
B0H38K62K2,high_resolution,5,https://m.media-amazon.com/images/I/81HeDH22pOL._AC_SL1500_.jpg
B0H38K62K2,high_resolution,6,https://m.media-amazon.com/images/I/814ad16gnJL._AC_SL1500_.jpg
B0H38K62K2,high_resolution,7,https://m.media-amazon.com/images/I/81mSsDbh3WL._AC_SL1500_.jpg
B0H38K62K2,a_plus,0,"https://m.media-amazon.com/images/S/aplus-media-library-service-media/4619c324-b0a7-4cd0-9579-b0a9c6212fd0.__CR0,0,2928,1200_PT0_SX1464_V1___.jpg"
B0H38K62K2,a_plus,1,"https://m.media-amazon.com/images/S/aplus-media-library-service-media/4a61ebf2-eab9-41c4-80b7-3b80cfee08a7.__CR0,0,2928,1200_PT0_SX1464_V1___.jpg"
B0H38K62K2,a_plus,2,"https://m.media-amazon.com/images/S/aplus-media-library-service-media/90cb806c-248d-477d-b7b4-58b657245984.__CR0,0,2928,1200_PT0_SX1464_V1___.jpg"
B0H38K62K2,a_plus,3,"https://m.media-amazon.com/images/S/aplus-media-library-service-media/51167f08-dc3c-4f08-9741-2f40e2f8c098.__CR0,0,2928,1200_PT0_SX1464_V1___.jpg"
B0H38K62K2,a_plus,4,"https://m.media-amazon.com/images/S/aplus-media-library-service-media/ce755923-f99e-4562-aba3-36b448bcdcb8.__CR0,0,2928,1200_PT0_SX1464_V1___.jpg"
B0H38K62K2,a_plus,5,"https://m.media-amazon.com/images/S/aplus-media-library-service-media/08f8017f-5cfb-47d8-9c9f-9bfae57e1ea3.__CR0,0,2928,1200_PT0_SX1464_V1___.jpg"
B0H38K62K2,a_plus,6,"https://m.media-amazon.com/images/S/aplus-media-library-service-media/b88c5fb3-8a6e-4c5c-bc8e-ee2632b443e5.__CR0,0,2928,1200_PT0_SX1464_V1___.jpg"
B0H38K62K2,a_plus,7,"https://m.media-amazon.com/images/S/aplus-media-library-service-media/db4af4c2-3e5b-4384-aaca-dd0b97e7d325.__CR0,0,2928,1200_PT0_SX1464_V1___.jpg"
B0H38K62K2,a_plus,8,"https://m.media-amazon.com/images/S/aplus-media-library-service-media/4619c324-b0a7-4cd0-9579-b0a9c6212fd0.__CR0,0,2928,1200_PT0_SX1464_V1___.jpg"
B0H38K62K2,a_plus,9,"https://m.media-amazon.com/images/S/aplus-media-library-service-media/4a61ebf2-eab9-41c4-80b7-3b80cfee08a7.__CR0,0,2928,1200_PT0_SX1464_V1___.jpg"
B0H38K62K2,a_plus,10,"https://m.media-amazon.com/images/S/aplus-media-library-service-media/90cb806c-248d-477d-b7b4-58b657245984.__CR0,0,2928,1200_PT0_SX1464_V1___.jpg"
B0H38K62K2,a_plus,11,"https://m.media-amazon.com/images/S/aplus-media-library-service-media/51167f08-dc3c-4f08-9741-2f40e2f8c098.__CR0,0,2928,1200_PT0_SX1464_V1___.jpg"
B0H38K62K2,a_plus,12,"https://m.media-amazon.com/images/S/aplus-media-library-service-media/ce755923-f99e-4562-aba3-36b448bcdcb8.__CR0,0,2928,1200_PT0_SX1464_V1___.jpg"
B0H38K62K2,a_plus,13,"https://m.media-amazon.com/images/S/aplus-media-library-service-media/08f8017f-5cfb-47d8-9c9f-9bfae57e1ea3.__CR0,0,2928,1200_PT0_SX1464_V1___.jpg"
B0H38K62K2,a_plus,14,"https://m.media-amazon.com/images/S/aplus-media-library-service-media/b88c5fb3-8a6e-4c5c-bc8e-ee2632b443e5.__CR0,0,2928,1200_PT0_SX1464_V1___.jpg"
B0H38K62K2,a_plus,15,"https://m.media-amazon.com/images/S/aplus-media-library-service-media/db4af4c2-3e5b-4384-aaca-dd0b97e7d325.__CR0,0,2928,1200_PT0_SX1464_V1___.jpg"
B0CX51L29M,high_resolution,0,https://m.media-amazon.com/images/I/71yS7-6UAAL._AC_SL1500_.jpg
B0CX51L29M,high_resolution,1,https://m.media-amazon.com/images/I/81Qr8Aac4WL._AC_SL1500_.jpg
B0CX51L29M,high_resolution,2,https://m.media-amazon.com/images/I/8175svqH9mL._AC_SL1500_.jpg
B0CX51L29M,high_resolution,3,https://m.media-amazon.com/images/I/7157jtP-LCL._AC_SL1500_.jpg
B0CX51L29M,high_resolution,4,https://m.media-amazon.com/images/I/81Xovc3TULL._AC_SL1500_.jpg
B0CX51L29M,high_resolution,5,https://m.media-amazon.com/images/I/611Els9xAML._AC_SL1500_.jpg
B0CX51L29M,high_resolution,6,https://m.media-amazon.com/images/I/71ouYw1becL._AC_SL1500_.jpg
B0CX51L29M,high_resolution,7,https://m.media-amazon.com/images/I/81a1KgFeqPL._AC_SL1500_.jpg
B0CX51L29M,high_resolution,8,https://m.media-amazon.com/images/I/71RTFtaPnkL._AC_SL1500_.jpg
B00Q0856KA,high_resolution,0,https://m.media-amazon.com/images/I/61GFCk0BlpL._AC_SL1500_.jpg
B00Q0856KA,high_resolution,1,https://m.media-amazon.com/images/I/71T-lNVRCaL._AC_SL1500_.jpg
B00Q0856KA,high_resolution,2,https://m.media-amazon.com/images/I/811CEaQycEL._AC_SL1500_.jpg
B00Q0856KA,high_resolution,3,https://m.media-amazon.com/images/I/71z0DeapcgL._AC_SL1500_.jpg
B00Q0856KA,high_resolution,4,https://m.media-amazon.com/images/I/61+qyGkXEcL._AC_SL1500_.jpg
B00Q0856KA,high_resolution,5,https://m.media-amazon.com/images/I/71thtmTz19L._AC_SL1500_.jpg
B00Q0856KA,high_resolution,6,https://m.media-amazon.com/images/I/714n3oHWEdL._AC_SL1500_.jpg
B00Q0856KA,high_resolution,7,https://m.media-amazon.com/images/I/61uOSBLE+vL._AC_SL1500_.jpg
B00Q0856KA,high_resolution,8,https://m.media-amazon.com/images/I/71Uvdy+rGcL._AC_SL1500_.jpg
B00Q0856KA,high_resolution,9,https://m.media-amazon.com/images/I/41wiDy4dbnL._AC_SL1000_.jpg
B00Q0856KA,high_resolution,10,https://m.media-amazon.com/images/I/51BQzjyGnZL._AC_SL1000_.jpg
B00Q0856KA,high_resolution,11,https://m.media-amazon.com/images/I/41klr9XZTNL._AC_SL1000_.jpg
B00Q0856KA,a_plus,0,"https://m.media-amazon.com/images/S/aplus-media/sota/e360769c-2620-4167-bb7d-5443cad49a58._CR0,85,970,300_PT0_SX970__.jpg"
B00Q0856KA,a_plus,1,"https://m.media-amazon.com/images/S/aplus-media/sota/d6a3005b-a2e6-483b-a473-14631e2d04f0._CR21,0,300,300_PT0_SX300__.jpg"
B00Q0856KA,a_plus,2,"https://m.media-amazon.com/images/S/aplus-media/sota/e4f462c2-b020-4503-b5e9-a63348e4f5c9._CR21,0,300,300_PT0_SX300__.jpg"
B00Q0856KA,a_plus,3,"https://m.media-amazon.com/images/S/aplus-media/sota/30804631-541d-48cc-87c7-eb5859c30811._CR0,352,1155,1155_PT0_SX300__.jpg"
B00Q0856KA,a_plus,4,"https://m.media-amazon.com/images/S/aplus-media/sota/bf945ef4-a053-46d1-86f0-516336cc511a._CR0,217,1063,1063_PT0_SX220__.jpg"
B00Q0856KA,a_plus,5,"https://m.media-amazon.com/images/S/aplus-media/sota/c921f2e5-d10b-4432-a6e9-7f91f1f96a7d._CR0,236,1063,1063_PT0_SX220__.jpg"
B00Q0856KA,a_plus,6,"https://m.media-amazon.com/images/S/aplus-media/sota/3d872aea-e91b-4f2d-9229-c452a412ea50._CR48,305,966,966_PT0_SX220__.jpg"
B00Q0856KA,a_plus,7,"https://m.media-amazon.com/images/S/aplus-media/sota/2f27e29c-9457-4716-92d7-75bf19dee781._CR0,11,220,220_PT0_SX220__.jpg"
B00Q0856KA,a_plus,8,"https://m.media-amazon.com/images/S/aplus-media/sota/69caa7bc-2c9b-4f21-9009-e18dee21b282._CR0,129,970,300_PT0_SX970__.jpg"
B00Q0856KA,a_plus,9,"https://m.media-amazon.com/images/S/aplus-media/sota/e360769c-2620-4167-bb7d-5443cad49a58._CR0,85,970,300_PT0_SX970__.jpg"
B00Q0856KA,a_plus,10,"https://m.media-amazon.com/images/S/aplus-media/sota/d6a3005b-a2e6-483b-a473-14631e2d04f0._CR21,0,300,300_PT0_SX300__.jpg"
B00Q0856KA,a_plus,11,"https://m.media-amazon.com/images/S/aplus-media/sota/e4f462c2-b020-4503-b5e9-a63348e4f5c9._CR21,0,300,300_PT0_SX300__.jpg"
B00Q0856KA,a_plus,12,"https://m.media-amazon.com/images/S/aplus-media/sota/30804631-541d-48cc-87c7-eb5859c30811._CR0,352,1155,1155_PT0_SX300__.jpg"
B00Q0856KA,a_plus,13,"https://m.media-amazon.com/images/S/aplus-media/sota/bf945ef4-a053-46d1-86f0-516336cc511a._CR0,217,1063,1063_PT0_SX220__.jpg"
B00Q0856KA,a_plus,14,"https://m.media-amazon.com/images/S/aplus-media/sota/c921f2e5-d10b-4432-a6e9-7f91f1f96a7d._CR0,236,1063,1063_PT0_SX220__.jpg"
B00Q0856KA,a_plus,15,"https://m.media-amazon.com/images/S/aplus-media/sota/3d872aea-e91b-4f2d-9229-c452a412ea50._CR48,305,966,966_PT0_SX220__.jpg"
B00Q0856KA,a_plus,16,"https://m.media-amazon.com/images/S/aplus-media/sota/2f27e29c-9457-4716-92d7-75bf19dee781._CR0,11,220,220_PT0_SX220__.jpg"
B00Q0856KA,a_plus,17,"https://m.media-amazon.com/images/S/aplus-media/sota/69caa7bc-2c9b-4f21-9009-e18dee21b282._CR0,129,970,300_PT0_SX970__.jpg"
B09ZYHF44Y,high_resolution,0,https://m.media-amazon.com/images/I/61Y43ET8OGL._AC_SL1500_.jpg
B09ZYHF44Y,high_resolution,1,https://m.media-amazon.com/images/I/710vaVHD9GL._AC_SL1500_.jpg
B09ZYHF44Y,high_resolution,2,https://m.media-amazon.com/images/I/61RWtDEsYuL._AC_SL1500_.jpg
B09ZYHF44Y,high_resolution,3,https://m.media-amazon.com/images/I/51irwMefH1L._AC_SL1500_.jpg
B09ZYHF44Y,high_resolution,4,https://m.media-amazon.com/images/I/71o9qfSd91L._AC_SL1500_.jpg
B09ZYHF44Y,high_resolution,5,https://m.media-amazon.com/images/I/71yH6bQexqL._AC_SL1500_.jpg
B09ZYHF44Y,high_resolution,6,https://m.media-amazon.com/images/I/71DBkyaWI5L._AC_SL1500_.jpg
B09ZYHF44Y,high_resolution,7,https://m.media-amazon.com/images/I/71Vox0MQJ9L._AC_SL1500_.jpg
B096M54QC4,high_resolution,0,https://m.media-amazon.com/images/I/51goKaq+jOL._AC_SL1500_.jpg
B096M54QC4,high_resolution,1,https://m.media-amazon.com/images/I/71TFNb-MqwL._AC_SL1500_.jpg
B096M54QC4,high_resolution,2,https://m.media-amazon.com/images/I/81FDLe7HcBL._AC_SL1500_.jpg
B096M54QC4,high_resolution,3,https://m.media-amazon.com/images/I/516O95HWq8S._AC_SL1500_.jpg
B096M54QC4,high_resolution,4,https://m.media-amazon.com/images/I/51i6oJ7qhIL._AC_SL1500_.jpg
B096M54QC4,high_resolution,5,https://m.media-amazon.com/images/I/41qhfvTSW8L._AC_SL1500_.jpg
B096M54QC4,high_resolution,6,https://m.media-amazon.com/images/I/61eLpBK8nzL._AC_SL1500_.jpg
B096M54QC4,high_resolution,7,https://m.media-amazon.com/images/I/614De-w3AAL._AC_SL1500_.jpg
B096M54QC4,high_resolution,8,https://m.media-amazon.com/images/I/41CTxDruxaL._AC_SL1500_.jpg
B096M54QC4,a_plus,0,"https://m.media-amazon.com/images/S/aplus-media-library-service-media/d415c5e9-2968-41b3-8787-b0dd1c21b868.__CR0,211,1600,1200_PT0_SX800_V1___.jpg"
B096M54QC4,a_plus,1,"https://m.media-amazon.com/images/S/aplus-media-library-service-media/39a012f8-8764-4d71-bf7e-75eca49ee302.__CR0,35,1000,750_PT0_SX800_V1___.jpg"
B096M54QC4,a_plus,2,"https://m.media-amazon.com/images/S/aplus-media-library-service-media/0e4d6151-9849-40f7-aa98-5af4757bb1dd.__CR0,200,1600,1200_PT0_SX300_V1___.jpg"
B096M54QC4,a_plus,3,"https://m.media-amazon.com/images/S/aplus-media-library-service-media/9be5f7c0-21eb-4204-a9d9-cce18fb97829.__CR0,36,1600,1200_PT0_SX300_V1___.jpg"
B096M54QC4,a_plus,4,"https://m.media-amazon.com/images/S/aplus-media-library-service-media/4aa7d2d0-2136-427f-8ecd-603365fb6ec9.__CR0,111,1500,1125_PT0_SX300_V1___.jpg"
B096M54QC4,a_plus,5,"https://m.media-amazon.com/images/S/aplus-media-library-service-media/a16299a6-0ba0-4524-be90-a44fd394207b.__CR0,200,1600,1200_PT0_SX300_V1___.jpg"
B096M54QC4,a_plus,6,"https://m.media-amazon.com/images/S/aplus-media-library-service-media/2a2b5ee8-41dc-4893-94a8-f8e596a91ea4.__CR0,200,1600,1200_PT0_SX300_V1___.jpg"
B096M54QC4,a_plus,7,"https://m.media-amazon.com/images/S/aplus-media-library-service-media/005ff6ba-4992-4da9-a127-9ea6534a73e0.__CR0,200,1600,1200_PT0_SX300_V1___.jpg"
B096M54QC4,a_plus,8,"https://m.media-amazon.com/images/S/aplus-media-library-service-media/8df0fce0-b5dc-485d-b07e-a66811a7432f.__CR0,358,1600,1200_PT0_SX300_V1___.jpg"
B096M54QC4,a_plus,9,"https://m.media-amazon.com/images/S/aplus-media-library-service-media/14252233-f9a0-499e-b241-dd03ba78ce24.__CR0,200,1600,1200_PT0_SX300_V1___.jpg"
B096M54QC4,a_plus,10,"https://m.media-amazon.com/images/S/aplus-media-library-service-media/b95e43ce-4225-4be6-997c-c6aa724c16e3.__CR0,25,1000,750_PT0_SX800_V1___.jpg"
B096M54QC4,a_plus,11,"https://m.media-amazon.com/images/S/aplus-media-library-service-media/abc95f64-b926-4f59-9caf-0d11b0de8ffc.__CR0,0,1600,1200_PT0_SX300_V1___.jpg"
B096M54QC4,a_plus,12,"https://m.media-amazon.com/images/S/aplus-media-library-service-media/12dd493a-3ca0-41fe-9d25-518d5f4dbb67.__CR0,31,1600,1200_PT0_SX300_V1___.jpg"
B096M54QC4,a_plus,13,"https://m.media-amazon.com/images/S/aplus-media-library-service-media/ee36c928-c689-4284-b25b-d94dc206a236.__CR0,238,1600,1200_PT0_SX300_V1___.jpg"
B096M54QC4,a_plus,14,"https://m.media-amazon.com/images/S/aplus-media-library-service-media/0ebfd2ba-dd88-4c3c-8abf-0f2832335df1.__CR0,75,800,600_PT0_SX300_V1___.jpg"
B096M54QC4,a_plus,15,"https://m.media-amazon.com/images/S/aplus-media-library-service-media/5afeb5df-9430-4590-8d51-fa708470fc5c.__CR83,0,1333,1500_PT0_SX200_V1___.jpg"
B096M54QC4,a_plus,16,"https://m.media-amazon.com/images/S/aplus-media-library-service-media/8906eea6-70cf-47c6-a20d-ea4958c66f60.__CR111,0,1422,1600_PT0_SX200_V1___.jpg"
B096M54QC4,a_plus,17,"https://m.media-amazon.com/images/S/aplus-media-library-service-media/a534da19-7f2a-4816-8302-da6257fdfd05.__CR96,0,1422,1600_PT0_SX200_V1___.jpg"
B096M54QC4,a_plus,18,"https://m.media-amazon.com/images/S/aplus-media-library-service-media/1f2bfa30-3cce-47d8-9cf8-50ce12cb36d1.__CR96,0,1422,1600_PT0_SX200_V1___.jpg"
B096M54QC4,a_plus,19,"https://m.media-amazon.com/images/S/aplus-media-library-service-media/91d5de6a-5e69-4512-a9e0-f4dad3744831.__CR89,0,1422,1600_PT0_SX200_V1___.jpg"
B096M54QC4,a_plus,20,"https://m.media-amazon.com/images/S/aplus-media-library-service-media/38b67f8c-e618-4ff6-b46e-689415a5d026.__CR89,0,1422,1600_PT0_SX200_V1___.jpg"
B096M54QC4,a_plus,21,"https://m.media-amazon.com/images/S/aplus-media-library-service-media/4ae0d1af-7aa7-4787-bba2-38a9a415ef93.__CR89,0,1422,1600_PT0_SX200_V1___.jpg"
B096M54QC4,a_plus,22,"https://m.media-amazon.com/images/S/aplus-media-library-service-media/d415c5e9-2968-41b3-8787-b0dd1c21b868.__CR0,211,1600,1200_PT0_SX800_V1___.jpg"
B096M54QC4,a_plus,23,"https://m.media-amazon.com/images/S/aplus-media-library-service-media/39a012f8-8764-4d71-bf7e-75eca49ee302.__CR0,35,1000,750_PT0_SX800_V1___.jpg"
B096M54QC4,a_plus,24,"https://m.media-amazon.com/images/S/aplus-media-library-service-media/0e4d6151-9849-40f7-aa98-5af4757bb1dd.__CR0,200,1600,1200_PT0_SX300_V1___.jpg"
B096M54QC4,a_plus,25,"https://m.media-amazon.com/images/S/aplus-media-library-service-media/9be5f7c0-21eb-4204-a9d9-cce18fb97829.__CR0,36,1600,1200_PT0_SX300_V1___.jpg"
B096M54QC4,a_plus,26,"https://m.media-amazon.com/images/S/aplus-media-library-service-media/4aa7d2d0-2136-427f-8ecd-603365fb6ec9.__CR0,111,1500,1125_PT0_SX300_V1___.jpg"
B096M54QC4,a_plus,27,"https://m.media-amazon.com/images/S/aplus-media-library-service-media/a16299a6-0ba0-4524-be90-a44fd394207b.__CR0,200,1600,1200_PT0_SX300_V1___.jpg"
B096M54QC4,a_plus,28,"https://m.media-amazon.com/images/S/aplus-media-library-service-media/2a2b5ee8-41dc-4893-94a8-f8e596a91ea4.__CR0,200,1600,1200_PT0_SX300_V1___.jpg"
B096M54QC4,a_plus,29,"https://m.media-amazon.com/images/S/aplus-media-library-service-media/005ff6ba-4992-4da9-a127-9ea6534a73e0.__CR0,200,1600,1200_PT0_SX300_V1___.jpg"
B096M54QC4,a_plus,30,"https://m.media-amazon.com/images/S/aplus-media-library-service-media/8df0fce0-b5dc-485d-b07e-a66811a7432f.__CR0,358,1600,1200_PT0_SX300_V1___.jpg"
B096M54QC4,a_plus,31,"https://m.media-amazon.com/images/S/aplus-media-library-service-media/14252233-f9a0-499e-b241-dd03ba78ce24.__CR0,200,1600,1200_PT0_SX300_V1___.jpg"
B096M54QC4,a_plus,32,"https://m.media-amazon.com/images/S/aplus-media-library-service-media/b95e43ce-4225-4be6-997c-c6aa724c16e3.__CR0,25,1000,750_PT0_SX800_V1___.jpg"
B096M54QC4,a_plus,33,"https://m.media-amazon.com/images/S/aplus-media-library-service-media/abc95f64-b926-4f59-9caf-0d11b0de8ffc.__CR0,0,1600,1200_PT0_SX300_V1___.jpg"
B096M54QC4,a_plus,34,"https://m.media-amazon.com/images/S/aplus-media-library-service-media/12dd493a-3ca0-41fe-9d25-518d5f4dbb67.__CR0,31,1600,1200_PT0_SX300_V1___.jpg"
B096M54QC4,a_plus,35,"https://m.media-amazon.com/images/S/aplus-media-library-service-media/ee36c928-c689-4284-b25b-d94dc206a236.__CR0,238,1600,1200_PT0_SX300_V1___.jpg"
B096M54QC4,a_plus,36,"https://m.media-amazon.com/images/S/aplus-media-library-service-media/0ebfd2ba-dd88-4c3c-8abf-0f2832335df1.__CR0,75,800,600_PT0_SX300_V1___.jpg"
B0FFSYD6PD,high_resolution,0,https://m.media-amazon.com/images/I/819wY-eclWL._AC_SL1500_.jpg
B0FFSYD6PD,high_resolution,1,https://m.media-amazon.com/images/I/81mMzbmQNRL._AC_SL1500_.jpg
B0FFSYD6PD,high_resolution,2,https://m.media-amazon.com/images/I/61bGbfzT5oL._AC_SL1500_.jpg
B0FFSYD6PD,high_resolution,3,https://m.media-amazon.com/images/I/718hgZLVi8L._AC_SL1500_.jpg
B0FFSYD6PD,high_resolution,4,https://m.media-amazon.com/images/I/81oe22MRQ6L._AC_SL1500_.jpg
B0FFSYD6PD,high_resolution,5,https://m.media-amazon.com/images/I/81N6J+XE-IL._AC_SL1500_.jpg
B0FFSYD6PD,high_resolution,6,https://m.media-amazon.com/images/I/612aOKIeObL._AC_SL1500_.jpg
B0FFSYD6PD,high_resolution,7,https://m.media-amazon.com/images/I/61Ukr+hlaYL._AC_SL1500_.jpg
B0FFSYD6PD,high_resolution,8,https://m.media-amazon.com/images/I/71+kCX6KwYL._AC_SL1500_.jpg
B0FFSYD6PD,a_plus,0,"https://m.media-amazon.com/images/S/aplus-media-library-service-media/3a54b5b5-8391-44f2-9189-29770d539f30.__CR0,0,1464,600_PT0_SX1464_V1___.jpg"
B0FFSYD6PD,a_plus,1,"https://m.media-amazon.com/images/S/aplus-media-library-service-media/a9d590bf-49f4-4029-a931-66a5a18365c8.__CR0,0,1464,600_PT0_SX1464_V1___.jpg"
B0FFSYD6PD,a_plus,2,"https://m.media-amazon.com/images/S/aplus-media-library-service-media/f7eff68f-af88-4b78-a836-abc5eac55ce9.__CR0,0,1464,600_PT0_SX1464_V1___.jpg"
B0FFSYD6PD,a_plus,3,"https://m.media-amazon.com/images/S/aplus-media-library-service-media/3895eb2b-555b-4646-9e73-7ece5fe12ab3.__CR0,0,1464,600_PT0_SX1464_V1___.jpg"
B0FFSYD6PD,a_plus,4,"https://m.media-amazon.com/images/S/aplus-media-library-service-media/c545e563-273d-4683-918e-82b720bd353b.__CR0,0,1464,600_PT0_SX1464_V1___.jpg"
B0FFSYD6PD,a_plus,5,"https://m.media-amazon.com/images/S/aplus-media-library-service-media/229d8a11-7604-4d45-bcc7-d7c14ed69641.__CR0,0,300,225_PT0_SX300_V1___.jpg"
B0FFSYD6PD,a_plus,6,"https://m.media-amazon.com/images/S/aplus-media-library-service-media/1842d6a0-b3dd-4427-a06f-f87cd642ad8c.__CR0,0,300,225_PT0_SX300_V1___.jpg"
B0FFSYD6PD,a_plus,7,"https://m.media-amazon.com/images/S/aplus-media-library-service-media/dd996f61-e7cc-4ab4-8abb-2a32c9b690a9.__CR0,0,300,225_PT0_SX300_V1___.jpg"
B0FFSYD6PD,a_plus,8,"https://m.media-amazon.com/images/S/aplus-media-library-service-media/b5945d66-81d9-4b3b-b719-5a86a2fa5654.__CR0,0,300,225_PT0_SX300_V1___.jpg"
B0FFSYD6PD,a_plus,9,"https://m.media-amazon.com/images/S/aplus-media-library-service-media/c25b85a7-2026-4c9c-a8af-5d8c73ce46bf.__CR0,0,300,225_PT0_SX300_V1___.jpg"
B0FFSYD6PD,a_plus,10,"https://m.media-amazon.com/images/S/aplus-media-library-service-media/7341c07d-16af-4c85-b658-fc43dd0dfa91.__CR0,225,1800,1350_PT0_SX300_V1___.jpg"
B0FFSYD6PD,a_plus,11,"https://m.media-amazon.com/images/S/aplus-media-library-service-media/8a835be5-d645-41a1-9c6f-b0ea27339613.__CR0,0,300,225_PT0_SX300_V1___.jpg"
B0FFSYD6PD,a_plus,12,"https://m.media-amazon.com/images/S/aplus-media-library-service-media/e15adbab-3278-436d-88e0-d0cbd7dfa5ff.__CR0,0,300,225_PT0_SX300_V1___.jpg"
B0FFSYD6PD,a_plus,13,"https://m.media-amazon.com/images/S/aplus-media-library-service-media/af2cce45-61a6-4b58-88b4-483b64565287.__CR0,0,800,600_PT0_SX800_V1___.jpg"
B0FFSYD6PD,a_plus,14,"https://m.media-amazon.com/images/S/aplus-media-library-service-media/a57672f3-f297-4bd8-8118-42d85cfee2c7.__CR0,0,650,350_PT0_SX650_V1___.jpg"
B0FFSYD6PD,a_plus,15,"https://m.media-amazon.com/images/S/aplus-media-library-service-media/47897025-599c-473a-a691-94afbf10b943.__CR0,0,650,350_PT0_SX650_V1___.jpg"
B0FFSYD6PD,a_plus,16,"https://m.media-amazon.com/images/S/aplus-media-library-service-media/4ef38148-2421-4261-aa58-2bff203883ad.__CR0,0,650,350_PT0_SX650_V1___.jpg"
B0FFSYD6PD,a_plus,17,"https://m.media-amazon.com/images/S/aplus-media-library-service-media/3084a93b-ad62-4acd-9420-6b287d37facb.__CR0,0,650,350_PT0_SX650_V1___.jpg"
B0FFSYD6PD,a_plus,18,"https://m.media-amazon.com/images/S/aplus-media-library-service-media/d442da7f-d388-4a81-ad27-ddd1b297f5cd.__CR0,0,1464,600_PT0_SX1464_V1___.jpg"
B0FFSYD6PD,a_plus,19,https://www.amazon.de/dp/B0FFSYD6PD?ref=emc_p_m_13_b
B0FFSYD6PD,a_plus,20,"https://m.media-amazon.com/images/S/aplus-media-library-service-media/3a54b5b5-8391-44f2-9189-29770d539f30.__CR0,0,1464,600_PT0_SX1464_V1___.jpg"
B0FFSYD6PD,a_plus,21,https://www.amazon.de/dp/B0FFSPCQZ8?ref=emc_p_m_13_b
B0FFSYD6PD,a_plus,22,"https://m.media-amazon.com/images/S/aplus-media-library-service-media/a9d590bf-49f4-4029-a931-66a5a18365c8.__CR0,0,1464,600_PT0_SX1464_V1___.jpg"
B0FFSYD6PD,a_plus,23,https://www.amazon.de/dp/B0FFSH2F6F?ref=emc_p_m_13_b
B0FFSYD6PD,a_plus,24,"https://m.media-amazon.com/images/S/aplus-media-library-service-media/f7eff68f-af88-4b78-a836-abc5eac55ce9.__CR0,0,1464,600_PT0_SX1464_V1___.jpg"
B0FFSYD6PD,a_plus,25,https://www.amazon.de/dp/B0FFSK75QV?ref=emc_p_m_13_b
B0FFSYD6PD,a_plus,26,"https://m.media-amazon.com/images/S/aplus-media-library-service-media/3895eb2b-555b-4646-9e73-7ece5fe12ab3.__CR0,0,1464,600_PT0_SX1464_V1___.jpg"
B0FFSYD6PD,a_plus,27,https://www.amazon.de/dp/B0FFSPFZQH?ref=emc_p_m_13_b
B0FFSYD6PD,a_plus,28,"https://m.media-amazon.com/images/S/aplus-media-library-service-media/c545e563-273d-4683-918e-82b720bd353b.__CR0,0,1464,600_PT0_SX1464_V1___.jpg"
B0FFSYD6PD,a_plus,29,"https://m.media-amazon.com/images/S/aplus-media-library-service-media/229d8a11-7604-4d45-bcc7-d7c14ed69641.__CR0,0,300,225_PT0_SX300_V1___.jpg"
B0FFSYD6PD,a_plus,30,"https://m.media-amazon.com/images/S/aplus-media-library-service-media/1842d6a0-b3dd-4427-a06f-f87cd642ad8c.__CR0,0,300,225_PT0_SX300_V1___.jpg"
B0FFSYD6PD,a_plus,31,"https://m.media-amazon.com/images/S/aplus-media-library-service-media/dd996f61-e7cc-4ab4-8abb-2a32c9b690a9.__CR0,0,300,225_PT0_SX300_V1___.jpg"
B0FFSYD6PD,a_plus,32,"https://m.media-amazon.com/images/S/aplus-media-library-service-media/b5945d66-81d9-4b3b-b719-5a86a2fa5654.__CR0,0,300,225_PT0_SX300_V1___.jpg"
B0FFSYD6PD,a_plus,33,"https://m.media-amazon.com/images/S/aplus-media-library-service-media/c25b85a7-2026-4c9c-a8af-5d8c73ce46bf.__CR0,0,300,225_PT0_SX300_V1___.jpg"
B0FFSYD6PD,a_plus,34,"https://m.media-amazon.com/images/S/aplus-media-library-service-media/7341c07d-16af-4c85-b658-fc43dd0dfa91.__CR0,225,1800,1350_PT0_SX300_V1___.jpg"
B0FFSYD6PD,a_plus,35,"https://m.media-amazon.com/images/S/aplus-media-library-service-media/8a835be5-d645-41a1-9c6f-b0ea27339613.__CR0,0,300,225_PT0_SX300_V1___.jpg"
B0FFSYD6PD,a_plus,36,"https://m.media-amazon.com/images/S/aplus-media-library-service-media/e15adbab-3278-436d-88e0-d0cbd7dfa5ff.__CR0,0,300,225_PT0_SX300_V1___.jpg"
B0FFSYD6PD,a_plus,37,"https://m.media-amazon.com/images/S/aplus-media-library-service-media/af2cce45-61a6-4b58-88b4-483b64565287.__CR0,0,800,600_PT0_SX800_V1___.jpg"
B0FFSYD6PD,a_plus,38,"https://m.media-amazon.com/images/S/aplus-media-library-service-media/a57672f3-f297-4bd8-8118-42d85cfee2c7.__CR0,0,650,350_PT0_SX650_V1___.jpg"
B0FFSYD6PD,a_plus,39,"https://m.media-amazon.com/images/S/aplus-media-library-service-media/47897025-599c-473a-a691-94afbf10b943.__CR0,0,650,350_PT0_SX650_V1___.jpg"
B0FFSYD6PD,a_plus,40,"https://m.media-amazon.com/images/S/aplus-media-library-service-media/4ef38148-2421-4261-aa58-2bff203883ad.__CR0,0,650,350_PT0_SX650_V1___.jpg"
B0FFSYD6PD,a_plus,41,"https://m.media-amazon.com/images/S/aplus-media-library-service-media/3084a93b-ad62-4acd-9420-6b287d37facb.__CR0,0,650,350_PT0_SX650_V1___.jpg"
B0FFSYD6PD,a_plus,42,"https://m.media-amazon.com/images/S/aplus-media-library-service-media/d442da7f-d388-4a81-ad27-ddd1b297f5cd.__CR0,0,1464,600_PT0_SX1464_V1___.jpg"
B0C8N7VCFZ,high_resolution,0,https://m.media-amazon.com/images/I/612JL1D3orL._AC_SL1500_.jpg
B0C8N7VCFZ,high_resolution,1,https://m.media-amazon.com/images/I/71Qdy80jIAL._AC_SL1500_.jpg
B0C8N7VCFZ,high_resolution,2,https://m.media-amazon.com/images/I/61T1TgRdbNL._AC_SL1500_.jpg
B0C8N7VCFZ,high_resolution,3,https://m.media-amazon.com/images/I/71duACvHq8L._AC_SL1500_.jpg
B0C8N7VCFZ,high_resolution,4,https://m.media-amazon.com/images/I/71Dff+i79SL._AC_SL1500_.jpg
B0C8N7VCFZ,high_resolution,5,https://m.media-amazon.com/images/I/71XtWU9YVFL._AC_SL1500_.jpg
B0C8N7VCFZ,high_resolution,6,https://m.media-amazon.com/images/I/711Nt5GRg2L._AC_SL1500_.jpg
B0C8N7VCFZ,high_resolution,7,https://m.media-amazon.com/images/I/61FOQtsYasL._AC_SL1500_.jpg
B0C8N7VCFZ,high_resolution,8,https://m.media-amazon.com/images/I/712CXzr+CtL._AC_SL1500_.jpg
B0C8N7VCFZ,a_plus,0,"https://m.media-amazon.com/images/S/aplus-media-library-service-media/57c1298c-09cd-48e2-a447-090d2981553a.__CR0,0,1464,600_PT0_SX1464_V1___.jpg"
B0C8N7VCFZ,a_plus,1,"https://m.media-amazon.com/images/S/aplus-media-library-service-media/6a73ee08-8274-4836-83ed-dafe061d4702.__CR0,0,1464,600_PT0_SX1464_V1___.jpg"
B0C8N7VCFZ,a_plus,2,"https://m.media-amazon.com/images/S/aplus-media-library-service-media/db537db3-fc0a-4dfd-ab12-69a708828ef1.__CR0,0,1464,600_PT0_SX1464_V1___.jpg"
B0C8N7VCFZ,a_plus,3,"https://m.media-amazon.com/images/S/aplus-media-library-service-media/5551a22d-ca6d-4816-889e-0e5a028d7402.__CR0,0,1464,600_PT0_SX1464_V1___.jpg"
B0C8N7VCFZ,a_plus,4,"https://m.media-amazon.com/images/S/aplus-media-library-service-media/2dc9fec7-4927-482f-ba9e-9d5ff2f780a8.__CR0,0,1464,600_PT0_SX1464_V1___.jpg"
B0C8N7VCFZ,a_plus,5,"https://m.media-amazon.com/images/S/aplus-media-library-service-media/081ed486-ff85-46ed-968a-d8991dc8f297.__CR0,0,300,225_PT0_SX300_V1___.jpg"
B0C8N7VCFZ,a_plus,6,"https://m.media-amazon.com/images/S/aplus-media-library-service-media/6e8ffc58-27b6-45bc-b8bd-bcfe0f8e78f8.__CR0,0,300,225_PT0_SX300_V1___.jpg"
B0C8N7VCFZ,a_plus,7,"https://m.media-amazon.com/images/S/aplus-media-library-service-media/8cd3cfc2-8600-4db5-a1db-4c413b07790e.__CR0,0,300,225_PT0_SX300_V1___.jpg"
B0C8N7VCFZ,a_plus,8,"https://m.media-amazon.com/images/S/aplus-media-library-service-media/d2b4223e-2b53-476a-a17b-d93233388faf.__CR0,0,300,225_PT0_SX300_V1___.jpg"
B0C8N7VCFZ,a_plus,9,"https://m.media-amazon.com/images/S/aplus-media-library-service-media/67755bac-7a5d-4f2c-8e2c-8405e043e12f.__CR112,0,1114,600_PT0_SX650_V1___.jpg"
B0C8N7VCFZ,a_plus,10,"https://m.media-amazon.com/images/S/aplus-media-library-service-media/aded69e2-47b9-4d13-8ecc-bc31a75e73cf.__CR139,0,3343,1800_PT0_SX650_V1___.jpg"
B0C8N7VCFZ,a_plus,11,"https://m.media-amazon.com/images/S/aplus-media-library-service-media/b841187e-69b9-4e31-81e6-ac23db1bdd30.__CR156,0,1114,600_PT0_SX650_V1___.jpg"
B0C8N7VCFZ,a_plus,12,"https://m.media-amazon.com/images/S/aplus-media-library-service-media/bfe2e140-7eae-41aa-b895-76d8c55a5fa5.__CR175,0,1114,600_PT0_SX650_V1___.jpg"
B0C8N7VCFZ,a_plus,13,"https://m.media-amazon.com/images/S/aplus-media-library-service-media/a2d3ecc3-1af8-4119-9168-63c6674d5562.__AC_SR200,225___.jpg"
B0C8N7VCFZ,a_plus,14,"https://m.media-amazon.com/images/I/41ftZlZ%2BInL.__AC_SR200,225___.jpg"
B0C8N7VCFZ,a_plus,15,"https://m.media-amazon.com/images/S/aplus-media-library-service-media/f10d641d-cb96-4b80-b5ea-c0aefa240d2d.__AC_SR200,225___.jpg"
B0C8N7VCFZ,a_plus,16,"https://m.media-amazon.com/images/S/aplus-media-library-service-media/17274663-f425-49b4-b95b-e98842f2e565.__AC_SR200,225___.jpg"
B0C8N7VCFZ,a_plus,17,"https://m.media-amazon.com/images/S/aplus-media-library-service-media/b8b5e293-467a-44ec-b6c8-060ede8b62c1.__AC_SR200,225___.jpg"
B0C8N7VCFZ,a_plus,18,"https://m.media-amazon.com/images/S/aplus-media-library-service-media/0138eee8-7daa-49fb-a698-6bcd07fe0e5e.__AC_SR200,225___.jpg"
B0C8N7VCFZ,a_plus,19,"https://m.media-amazon.com/images/S/aplus-media-library-service-media/50715cef-9b41-4c81-87db-85973fa753a3.__AC_SR200,225___.jpg"
B0C8N7VCFZ,a_plus,20,"https://m.media-amazon.com/images/S/aplus-media-library-service-media/57c1298c-09cd-48e2-a447-090d2981553a.__CR0,0,1464,600_PT0_SX1464_V1___.jpg"
B0C8N7VCFZ,a_plus,21,"https://m.media-amazon.com/images/S/aplus-media-library-service-media/6a73ee08-8274-4836-83ed-dafe061d4702.__CR0,0,1464,600_PT0_SX1464_V1___.jpg"
B0C8N7VCFZ,a_plus,22,"https://m.media-amazon.com/images/S/aplus-media-library-service-media/db537db3-fc0a-4dfd-ab12-69a708828ef1.__CR0,0,1464,600_PT0_SX1464_V1___.jpg"
B0C8N7VCFZ,a_plus,23,"https://m.media-amazon.com/images/S/aplus-media-library-service-media/5551a22d-ca6d-4816-889e-0e5a028d7402.__CR0,0,1464,600_PT0_SX1464_V1___.jpg"
B0C8N7VCFZ,a_plus,24,"https://m.media-amazon.com/images/S/aplus-media-library-service-media/2dc9fec7-4927-482f-ba9e-9d5ff2f780a8.__CR0,0,1464,600_PT0_SX1464_V1___.jpg"
B0C8N7VCFZ,a_plus,25,"https://m.media-amazon.com/images/S/aplus-media-library-service-media/081ed486-ff85-46ed-968a-d8991dc8f297.__CR0,0,300,225_PT0_SX300_V1___.jpg"
B0C8N7VCFZ,a_plus,26,"https://m.media-amazon.com/images/S/aplus-media-library-service-media/6e8ffc58-27b6-45bc-b8bd-bcfe0f8e78f8.__CR0,0,300,225_PT0_SX300_V1___.jpg"
B0C8N7VCFZ,a_plus,27,"https://m.media-amazon.com/images/S/aplus-media-library-service-media/8cd3cfc2-8600-4db5-a1db-4c413b07790e.__CR0,0,300,225_PT0_SX300_V1___.jpg"
B0C8N7VCFZ,a_plus,28,"https://m.media-amazon.com/images/S/aplus-media-library-service-media/d2b4223e-2b53-476a-a17b-d93233388faf.__CR0,0,300,225_PT0_SX300_V1___.jpg"
B0C8N7VCFZ,a_plus,29,"https://m.media-amazon.com/images/S/aplus-media-library-service-media/67755bac-7a5d-4f2c-8e2c-8405e043e12f.__CR112,0,1114,600_PT0_SX650_V1___.jpg"
B0C8N7VCFZ,a_plus,30,"https://m.media-amazon.com/images/S/aplus-media-library-service-media/aded69e2-47b9-4d13-8ecc-bc31a75e73cf.__CR139,0,3343,1800_PT0_SX650_V1___.jpg"
B0C8N7VCFZ,a_plus,31,"https://m.media-amazon.com/images/S/aplus-media-library-service-media/b841187e-69b9-4e31-81e6-ac23db1bdd30.__CR156,0,1114,600_PT0_SX650_V1___.jpg"
B0C8N7VCFZ,a_plus,32,"https://m.media-amazon.com/images/S/aplus-media-library-service-media/bfe2e140-7eae-41aa-b895-76d8c55a5fa5.__CR175,0,1114,600_PT0_SX650_V1___.jpg"
B0DKJTD22V,high_resolution,0,https://m.media-amazon.com/images/I/51gFXFEte3L._AC_SL1500_.jpg
B0DKJTD22V,high_resolution,1,https://m.media-amazon.com/images/I/71Rqds+nu6L._AC_SL1500_.jpg
B0DKJTD22V,high_resolution,2,https://m.media-amazon.com/images/I/81mGpNDZfuL._AC_SL1500_.jpg
B0DKJTD22V,high_resolution,3,https://m.media-amazon.com/images/I/71e7-kSFTiL._AC_SL1500_.jpg
B0DKJTD22V,high_resolution,4,https://m.media-amazon.com/images/I/61oDgwVQrOL._AC_SL1500_.jpg
B0DKJTD22V,high_resolution,5,https://m.media-amazon.com/images/I/51a6a1myyUL._AC_SL1100_.jpg
B0DKJTD22V,high_resolution,6,https://m.media-amazon.com/images/I/811I+tGsllL._AC_SL1500_.jpg
B0DKJTD22V,high_resolution,7,https://m.media-amazon.com/images/I/51ZGAVECn1L._AC_SL1500_.jpg
B0DKJTD22V,a_plus,0,"https://m.media-amazon.com/images/S/aplus-media-library-service-media/e982142c-aca9-40b3-9492-f68128daf621.__CR0,583,1600,656_PT0_SX1464_V1___.jpg"
B0DKJTD22V,a_plus,1,"https://m.media-amazon.com/images/S/aplus-media-library-service-media/f45a809f-3494-46ef-b29e-232d441d8acb.__CR0,0,800,600_PT0_SX800_V1___.jpg"
B0DKJTD22V,a_plus,2,"https://m.media-amazon.com/images/S/aplus-media-library-service-media/598356f0-a6ad-4a11-8aec-0f143a681b12.__CR242,0,1115,1600_PT0_SX488_V1___.jpg"
B0DKJTD22V,a_plus,3,"https://m.media-amazon.com/images/S/aplus-media-library-service-media/f41adf81-141d-45f0-894c-cff34f7c7ba2.__CR242,0,1115,1600_PT0_SX488_V1___.jpg"
B0DKJTD22V,a_plus,4,"https://m.media-amazon.com/images/S/aplus-media-library-service-media/e416e055-5770-4d18-80e2-d61add8adee6.__CR0,278,2000,820_PT0_SX1464_V1___.jpg"
B0DKJTD22V,a_plus,5,"https://m.media-amazon.com/images/S/aplus-media-library-service-media/a36c6d0f-24b1-4a70-be04-f1fa7be77ffb.__CR0,836,2000,820_PT0_SX1464_V1___.jpg"
B0DKJTD22V,a_plus,6,"https://m.media-amazon.com/images/S/aplus-media-library-service-media/959f86a7-4d7c-4e11-b539-96b11a165630.__CR0,590,2000,820_PT0_SX1464_V1___.jpg"
B0DKJTD22V,a_plus,7,"https://m.media-amazon.com/images/S/aplus-media-library-service-media/f69926d4-72b6-467b-af25-d81fe01185e5.__CR0,841,2000,820_PT0_SX1464_V1___.jpg"
B0DKJTD22V,a_plus,8,"https://m.media-amazon.com/images/S/aplus-media-library-service-media/93c2da5a-4100-4ae4-a21a-314817381d5c.__CR0,1020,2000,820_PT0_SX1464_V1___.jpg"
B0DKJTD22V,a_plus,9,"https://m.media-amazon.com/images/S/aplus-media-library-service-media/5c786dc4-49af-419f-bd55-ec5e523d81d2.__CR0,411,2000,820_PT0_SX1464_V1___.jpg"
B0DKJTD22V,a_plus,10,"https://m.media-amazon.com/images/S/aplus-media-library-service-media/9004b1b6-1624-433a-abab-12b0dfac1644.__CR0,0,650,350_PT0_SX650_V1___.jpg"
B0DKJTD22V,a_plus,11,"https://m.media-amazon.com/images/S/aplus-media-library-service-media/175337d1-a0da-4bb5-b430-9bb9adb5fcea.__CR0,0,650,350_PT0_SX650_V1___.jpg"
B0DKJTD22V,a_plus,12,"https://m.media-amazon.com/images/S/aplus-media-library-service-media/4fcf2574-d65b-49c0-97ec-6f5c913a7178.__CR0,632,1600,656_PT0_SX1464_V1___.jpg"
B0DKJTD22V,a_plus,13,"https://m.media-amazon.com/images/S/aplus-media-library-service-media/736a6bf8-abf3-4323-887e-8bc2043600e4.__CR0,603,1600,656_PT0_SX1464_V1___.jpg"
B0DKJTD22V,a_plus,14,"https://m.media-amazon.com/images/S/aplus-media-library-service-media/6a8e312e-3190-4429-8125-501296129e8c.__CR0,595,1600,656_PT0_SX1464_V1___.jpg"
B0DKJTD22V,a_plus,15,"https://m.media-amazon.com/images/S/aplus-media-library-service-media/1997f857-7784-4667-9091-432661785872.__CR0,607,1600,656_PT0_SX1464_V1___.jpg"
B0DKJTD22V,a_plus,16,"https://m.media-amazon.com/images/S/aplus-media-library-service-media/c40294eb-32d2-43d5-b313-a919971b3aa5.__CR0,579,1600,656_PT0_SX1464_V1___.jpg"
B0DKJTD22V,a_plus,17,"https://m.media-amazon.com/images/S/aplus-media-library-service-media/984922a2-2779-4c05-98f7-a376757fbc98.__CR0,579,1600,656_PT0_SX1464_V1___.jpg"
B0DKJTD22V,a_plus,18,"https://m.media-amazon.com/images/S/aplus-media-library-service-media/e982142c-aca9-40b3-9492-f68128daf621.__CR0,583,1600,656_PT0_SX1464_V1___.jpg"
B0DKJTD22V,a_plus,19,"https://m.media-amazon.com/images/S/aplus-media-library-service-media/f45a809f-3494-46ef-b29e-232d441d8acb.__CR0,0,800,600_PT0_SX800_V1___.jpg"
B0DKJTD22V,a_plus,20,"https://m.media-amazon.com/images/S/aplus-media-library-service-media/e416e055-5770-4d18-80e2-d61add8adee6.__CR0,278,2000,820_PT0_SX1464_V1___.jpg"
B0DKJTD22V,a_plus,21,"https://m.media-amazon.com/images/S/aplus-media-library-service-media/a36c6d0f-24b1-4a70-be04-f1fa7be77ffb.__CR0,836,2000,820_PT0_SX1464_V1___.jpg"
B0DKJTD22V,a_plus,22,"https://m.media-amazon.com/images/S/aplus-media-library-service-media/959f86a7-4d7c-4e11-b539-96b11a165630.__CR0,590,2000,820_PT0_SX1464_V1___.jpg"
B0DKJTD22V,a_plus,23,"https://m.media-amazon.com/images/S/aplus-media-library-service-media/f69926d4-72b6-467b-af25-d81fe01185e5.__CR0,841,2000,820_PT0_SX1464_V1___.jpg"
B0DKJTD22V,a_plus,24,"https://m.media-amazon.com/images/S/aplus-media-library-service-media/93c2da5a-4100-4ae4-a21a-314817381d5c.__CR0,1020,2000,820_PT0_SX1464_V1___.jpg"
B0DKJTD22V,a_plus,25,"https://m.media-amazon.com/images/S/aplus-media-library-service-media/5c786dc4-49af-419f-bd55-ec5e523d81d2.__CR0,411,2000,820_PT0_SX1464_V1___.jpg"
B0DKJTD22V,a_plus,26,"https://m.media-amazon.com/images/S/aplus-media-library-service-media/9004b1b6-1624-433a-abab-12b0dfac1644.__CR0,0,650,350_PT0_SX650_V1___.jpg"
B0DKJTD22V,a_plus,27,"https://m.media-amazon.com/images/S/aplus-media-library-service-media/175337d1-a0da-4bb5-b430-9bb9adb5fcea.__CR0,0,650,350_PT0_SX650_V1___.jpg"
B0DKJTD22V,a_plus,28,https://www.amazon.de/dp/B0DKJRW84Q?ref=emc_p_m_13_b
B0DKJTD22V,a_plus,29,"https://m.media-amazon.com/images/S/aplus-media-library-service-media/4fcf2574-d65b-49c0-97ec-6f5c913a7178.__CR0,632,1600,656_PT0_SX1464_V1___.jpg"
B0DKJTD22V,a_plus,30,https://www.amazon.de/dp/B0DKJRV44P?ref=emc_p_m_13_b
B0DKJTD22V,a_plus,31,"https://m.media-amazon.com/images/S/aplus-media-library-service-media/736a6bf8-abf3-4323-887e-8bc2043600e4.__CR0,603,1600,656_PT0_SX1464_V1___.jpg"
B0DKJTD22V,a_plus,32,https://www.amazon.de/dp/B0DKJV63MW?ref=emc_p_m_13_b
B0DKJTD22V,a_plus,33,"https://m.media-amazon.com/images/S/aplus-media-library-service-media/6a8e312e-3190-4429-8125-501296129e8c.__CR0,595,1600,656_PT0_SX1464_V1___.jpg"
B0DKJTD22V,a_plus,34,https://www.amazon.de/dp/B0DKJXMZSF?ref=emc_p_m_13_b
B0DKJTD22V,a_plus,35,"https://m.media-amazon.com/images/S/aplus-media-library-service-media/1997f857-7784-4667-9091-432661785872.__CR0,607,1600,656_PT0_SX1464_V1___.jpg"
B0DKJTD22V,a_plus,36,https://www.amazon.de/dp/B0DKJTD22V?ref=emc_p_m_13_b
B0DKJTD22V,a_plus,37,"https://m.media-amazon.com/images/S/aplus-media-library-service-media/c40294eb-32d2-43d5-b313-a919971b3aa5.__CR0,579,1600,656_PT0_SX1464_V1___.jpg"
B0DKJTD22V,a_plus,38,https://www.amazon.de/dp/B0DKJQZWT3?ref=emc_p_m_13_b
B0DKJTD22V,a_plus,39,"https://m.media-amazon.com/images/S/aplus-media-library-service-media/984922a2-2779-4c05-98f7-a376757fbc98.__CR0,579,1600,656_PT0_SX1464_V1___.jpg"
B0DCHZX2QN,high_resolution,0,https://m.media-amazon.com/images/I/61jl-E3ITqL._AC_SL1500_.jpg
B0DCHZX2QN,high_resolution,1,https://m.media-amazon.com/images/I/71ctKiBGWcL._AC_SL1500_.jpg
B0DCHZX2QN,high_resolution,2,https://m.media-amazon.com/images/I/716cIDB66ZL._AC_SL1500_.jpg
B0DCHZX2QN,high_resolution,3,https://m.media-amazon.com/images/I/717xYj44jiL._AC_SL1500_.jpg
B0DCHZX2QN,high_resolution,4,https://m.media-amazon.com/images/I/71EBFKpkluL._AC_SL1500_.jpg
B0DCHZX2QN,high_resolution,5,https://m.media-amazon.com/images/I/71t+F35lxLL._AC_SL1500_.jpg
B0DCHZX2QN,high_resolution,6,https://m.media-amazon.com/images/I/71MaX+nlo-L._AC_SL1500_.jpg
B0DCHZX2QN,a_plus,0,"https://m.media-amazon.com/images/S/aplus-media-library-service-media/b20ef4b5-1257-4717-92e3-cf91b13374a9.__CR0,0,970,600_PT0_SX970_V1___.jpg"
B0DCHZX2QN,a_plus,1,"https://m.media-amazon.com/images/S/aplus-media-library-service-media/5254089c-ad21-416e-bab9-eab247174bf7.__CR0,0,300,300_PT0_SX300_V1___.jpg"
B0DCHZX2QN,a_plus,2,"https://m.media-amazon.com/images/S/aplus-media-library-service-media/4f996a74-6fe4-42dc-b847-9d031ab6790f.__CR0,0,300,300_PT0_SX300_V1___.jpg"
B0DCHZX2QN,a_plus,3,"https://m.media-amazon.com/images/S/aplus-media-library-service-media/634eb8ae-a04b-4d61-b72c-0cd70452315d.__CR0,0,300,300_PT0_SX300_V1___.jpg"
B0DCHZX2QN,a_plus,4,"https://m.media-amazon.com/images/S/aplus-media-library-service-media/8ae083a9-66b2-4169-a293-128edbe9f9be.__CR0,0,300,300_PT0_SX300_V1___.jpg"
B0DCHZX2QN,a_plus,5,"https://m.media-amazon.com/images/S/aplus-media-library-service-media/49fa73ad-37df-4c79-bd4a-73b359b5bc91.__CR0,0,300,300_PT0_SX300_V1___.jpg"
B0DCHZX2QN,a_plus,6,"https://m.media-amazon.com/images/S/aplus-media-library-service-media/628d638a-b669-4748-be8c-e3c110f8cd24.__CR0,0,150,300_PT0_SX150_V1___.jpg"
B0DCHZX2QN,a_plus,7,"https://m.media-amazon.com/images/S/aplus-media-library-service-media/bd2c6276-0129-4ac2-aa94-26ad2376a366.__CR0,0,150,300_PT0_SX150_V1___.jpg"
B0DCHZX2QN,a_plus,8,"https://m.media-amazon.com/images/S/aplus-media-library-service-media/e23a9775-ca40-405b-989a-f467cf487e6a.__CR0,0,150,300_PT0_SX150_V1___.jpg"
B0DCHZX2QN,a_plus,9,"https://m.media-amazon.com/images/S/aplus-media-library-service-media/badeb87b-781f-4c91-9e62-bd8b92994d05.__CR0,0,150,300_PT0_SX150_V1___.jpg"
B0DCHZX2QN,a_plus,10,"https://m.media-amazon.com/images/S/aplus-media-library-service-media/b20ef4b5-1257-4717-92e3-cf91b13374a9.__CR0,0,970,600_PT0_SX970_V1___.jpg"
B0DCHZX2QN,a_plus,11,"https://m.media-amazon.com/images/S/aplus-media-library-service-media/5254089c-ad21-416e-bab9-eab247174bf7.__CR0,0,300,300_PT0_SX300_V1___.jpg"
B0DCHZX2QN,a_plus,12,"https://m.media-amazon.com/images/S/aplus-media-library-service-media/4f996a74-6fe4-42dc-b847-9d031ab6790f.__CR0,0,300,300_PT0_SX300_V1___.jpg"
B0DCHZX2QN,a_plus,13,"https://m.media-amazon.com/images/S/aplus-media-library-service-media/634eb8ae-a04b-4d61-b72c-0cd70452315d.__CR0,0,300,300_PT0_SX300_V1___.jpg"
B0DCHZX2QN,a_plus,14,"https://m.media-amazon.com/images/S/aplus-media-library-service-media/8ae083a9-66b2-4169-a293-128edbe9f9be.__CR0,0,300,300_PT0_SX300_V1___.jpg"
B0DCHZX2QN,a_plus,15,"https://m.media-amazon.com/images/S/aplus-media-library-service-media/49fa73ad-37df-4c79-bd4a-73b359b5bc91.__CR0,0,300,300_PT0_SX300_V1___.jpg"
B0DCHZX2QN,a_plus,16,"https://m.media-amazon.com/images/S/aplus-media-library-service-media/628d638a-b669-4748-be8c-e3c110f8cd24.__CR0,0,150,300_PT0_SX150_V1___.jpg"
B0DCHZX2QN,a_plus,17,https://www.amazon.de/dp/B0CF56HN48?ref=emc_s_m_5_i_atc
B0DCHZX2QN,a_plus,18,"https://m.media-amazon.com/images/S/aplus-media-library-service-media/bd2c6276-0129-4ac2-aa94-26ad2376a366.__CR0,0,150,300_PT0_SX150_V1___.jpg"
B0DCHZX2QN,a_plus,19,https://www.amazon.de/dp/B0CF56BP4Y?ref=emc_s_m_5_i_atc
B0DCHZX2QN,a_plus,20,"https://m.media-amazon.com/images/S/aplus-media-library-service-media/e23a9775-ca40-405b-989a-f467cf487e6a.__CR0,0,150,300_PT0_SX150_V1___.jpg"
B0DCHZX2QN,a_plus,21,https://www.amazon.de/dp/B0CF57K517?ref=emc_s_m_5_i_atc
B0DCHZX2QN,a_plus,22,"https://m.media-amazon.com/images/S/aplus-media-library-service-media/badeb87b-781f-4c91-9e62-bd8b92994d05.__CR0,0,150,300_PT0_SX150_V1___.jpg"
B0DCHZX2QN,a_plus,23,https://www.amazon.de/dp/B0CF592V27?ref=emc_s_m_5_i_atc
B0G2XHN7X5,high_resolution,0,https://m.media-amazon.com/images/I/71DUwOfKz2L._AC_SL1500_.jpg
B0G2XHN7X5,high_resolution,1,https://m.media-amazon.com/images/I/71aQMHy32gL._AC_SL1500_.jpg
B0G2XHN7X5,high_resolution,2,https://m.media-amazon.com/images/I/7173+VxpcSL._AC_SL1500_.jpg
B0G2XHN7X5,high_resolution,3,https://m.media-amazon.com/images/I/71WwUWGdJ7L._AC_SL1500_.jpg
B0G2XHN7X5,high_resolution,4,https://m.media-amazon.com/images/I/81P6w3ss+7L._AC_SL1500_.jpg
B0G2XHN7X5,high_resolution,5,https://m.media-amazon.com/images/I/81RaHbo01cL._AC_SL1500_.jpg
B0G2XHN7X5,high_resolution,6,https://m.media-amazon.com/images/I/714ItWJjeCL._AC_SL1500_.jpg
B0G2XHN7X5,a_plus,0,"https://m.media-amazon.com/images/S/aplus-media-library-service-media/6011350a-e7ba-4c12-a81a-fe6b74d16ce6.__CR0,0,1464,600_PT0_SX1464_V1___.jpg"
B0G2XHN7X5,a_plus,1,"https://m.media-amazon.com/images/S/aplus-media-library-service-media/31f95a31-50a5-41f4-b3c2-683c1d2bc6ba.__CR0,0,1464,600_PT0_SX1464_V1___.jpg"
B0G2XHN7X5,a_plus,2,"https://m.media-amazon.com/images/S/aplus-media-library-service-media/48e83858-7905-47b0-8ce4-652d868df5b8.__CR0,0,1464,600_PT0_SX1464_V1___.jpg"
B0G2XHN7X5,a_plus,3,"https://m.media-amazon.com/images/S/aplus-media-library-service-media/a7041aee-9859-4fa5-8d48-d3540568b4f0.__CR0,0,1464,600_PT0_SX1464_V1___.jpg"
B0G2XHN7X5,a_plus,4,"https://m.media-amazon.com/images/S/aplus-media-library-service-media/fdc25180-3d17-410f-8ba9-af54021023e1.__CR0,0,1464,600_PT0_SX1464_V1___.jpg"
B0G2XHN7X5,a_plus,5,"https://m.media-amazon.com/images/S/aplus-media-library-service-media/2af5ffdd-95d7-493b-a00d-667edb7d9691.__CR0,0,1464,600_PT0_SX1464_V1___.jpg"
B0G2XHN7X5,a_plus,6,"https://m.media-amazon.com/images/S/aplus-media-library-service-media/68503e43-73c0-4d9f-a7ff-e22fc6a8040c.__CR39,72,1455,2086_PT0_SX488_V1___.jpg"
B0G2XHN7X5,a_plus,7,"https://m.media-amazon.com/images/S/aplus-media-library-service-media/cf96d0b4-5b0d-4d4c-89ae-a5e542c1cb1e.__CR454,0,2091,3000_PT0_SX488_V1___.jpg"
B0G2XHN7X5,a_plus,8,"https://m.media-amazon.com/images/S/aplus-media-library-service-media/6011350a-e7ba-4c12-a81a-fe6b74d16ce6.__CR0,0,1464,600_PT0_SX1464_V1___.jpg"
B0G2XHN7X5,a_plus,9,"https://m.media-amazon.com/images/S/aplus-media-library-service-media/31f95a31-50a5-41f4-b3c2-683c1d2bc6ba.__CR0,0,1464,600_PT0_SX1464_V1___.jpg"
B0G2XHN7X5,a_plus,10,"https://m.media-amazon.com/images/S/aplus-media-library-service-media/48e83858-7905-47b0-8ce4-652d868df5b8.__CR0,0,1464,600_PT0_SX1464_V1___.jpg"
B0G2XHN7X5,a_plus,11,"https://m.media-amazon.com/images/S/aplus-media-library-service-media/a7041aee-9859-4fa5-8d48-d3540568b4f0.__CR0,0,1464,600_PT0_SX1464_V1___.jpg"
B0G2XHN7X5,a_plus,12,"https://m.media-amazon.com/images/S/aplus-media-library-service-media/fdc25180-3d17-410f-8ba9-af54021023e1.__CR0,0,1464,600_PT0_SX1464_V1___.jpg"
B0G2XHN7X5,a_plus,13,"https://m.media-amazon.com/images/S/aplus-media-library-service-media/2af5ffdd-95d7-493b-a00d-667edb7d9691.__CR0,0,1464,600_PT0_SX1464_V1___.jpg"
B0F7R9MPFR,high_resolution,0,https://m.media-amazon.com/images/I/718lfVpAzsL._AC_SL1500_.jpg
B0F7R9MPFR,high_resolution,1,https://m.media-amazon.com/images/I/819H0MimyKL._AC_SL1500_.jpg
B0F7R9MPFR,high_resolution,2,https://m.media-amazon.com/images/I/719XJ2UTzVL._AC_SL1500_.jpg
B0F7R9MPFR,high_resolution,3,https://m.media-amazon.com/images/I/71xtwRQlRJL._AC_SL1500_.jpg
B0F7R9MPFR,high_resolution,4,https://m.media-amazon.com/images/I/71IiWea9WEL._AC_SL1500_.jpg
B0F7R9MPFR,high_resolution,5,https://m.media-amazon.com/images/I/71sFOq480uL._AC_SL1500_.jpg
B0F7R9MPFR,high_resolution,6,https://m.media-amazon.com/images/I/81liaG13KPL._AC_SL1500_.jpg
B0F7R9MPFR,high_resolution,7,https://m.media-amazon.com/images/I/71CluuuliBL._AC_SL1500_.jpg
B0F7R9MPFR,a_plus,0,"https://m.media-amazon.com/images/S/aplus-media-library-service-media/1e389d75-902f-4e90-a106-c448dd82a9cb.__CR0,0,2928,1200_PT0_SX1464_V1___.jpg"
B0F7R9MPFR,a_plus,1,"https://m.media-amazon.com/images/S/aplus-media-library-service-media/a7216c75-b1d1-4cb6-b0f9-fc73ff044559.__CR0,0,1200,900_PT0_SX300_V1___.jpg"
B0F7R9MPFR,a_plus,2,"https://m.media-amazon.com/images/S/aplus-media-library-service-media/50541ad4-a786-41be-895f-28ab7748c0e8.__CR0,0,1200,900_PT0_SX300_V1___.jpg"
B0F7R9MPFR,a_plus,3,"https://m.media-amazon.com/images/S/aplus-media-library-service-media/ab1ad771-9c59-4d99-b1d5-1e34c54e21ad.__CR0,0,1200,900_PT0_SX300_V1___.jpg"
B0F7R9MPFR,a_plus,4,"https://m.media-amazon.com/images/S/aplus-media-library-service-media/c6367e99-4750-4ef4-b697-e7aa3afdf5bf.__CR0,0,1200,900_PT0_SX300_V1___.jpg"
B0F7R9MPFR,a_plus,5,"https://m.media-amazon.com/images/S/aplus-media-library-service-media/4a12b995-2232-4223-bdbc-05bd26a5f43e.__CR0,0,1200,900_PT0_SX800_V1___.jpg"
B0F7R9MPFR,a_plus,6,"https://m.media-amazon.com/images/S/aplus-media-library-service-media/1e389d75-902f-4e90-a106-c448dd82a9cb.__CR0,0,2928,1200_PT0_SX1464_V1___.jpg"
B0F7R9MPFR,a_plus,7,"https://m.media-amazon.com/images/S/aplus-media-library-service-media/a7216c75-b1d1-4cb6-b0f9-fc73ff044559.__CR0,0,1200,900_PT0_SX300_V1___.jpg"
B0F7R9MPFR,a_plus,8,"https://m.media-amazon.com/images/S/aplus-media-library-service-media/50541ad4-a786-41be-895f-28ab7748c0e8.__CR0,0,1200,900_PT0_SX300_V1___.jpg"
B0F7R9MPFR,a_plus,9,"https://m.media-amazon.com/images/S/aplus-media-library-service-media/ab1ad771-9c59-4d99-b1d5-1e34c54e21ad.__CR0,0,1200,900_PT0_SX300_V1___.jpg"
B0F7R9MPFR,a_plus,10,"https://m.media-amazon.com/images/S/aplus-media-library-service-media/c6367e99-4750-4ef4-b697-e7aa3afdf5bf.__CR0,0,1200,900_PT0_SX300_V1___.jpg"
B0F7R9MPFR,a_plus,11,"https://m.media-amazon.com/images/S/aplus-media-library-service-media/4a12b995-2232-4223-bdbc-05bd26a5f43e.__CR0,0,1200,900_PT0_SX800_V1___.jpg"
B0G12K198P,high_resolution,0,https://m.media-amazon.com/images/I/71-9qp8fW0L._AC_SL1500_.jpg
B0G12K198P,high_resolution,1,https://m.media-amazon.com/images/I/81OkuJ2CtFL._AC_SL1500_.jpg
B0G12K198P,high_resolution,2,https://m.media-amazon.com/images/I/61-oF1F3aeL._AC_SL1500_.jpg
B0G12K198P,high_resolution,3,https://m.media-amazon.com/images/I/71qeZ-ZRLrL._AC_SL1500_.jpg
B0G12K198P,high_resolution,4,https://m.media-amazon.com/images/I/719WdkehsRL._AC_SL1500_.jpg
B0G12K198P,high_resolution,5,https://m.media-amazon.com/images/I/813QZR2WsKL._AC_SL1500_.jpg
B0G12K198P,high_resolution,6,https://m.media-amazon.com/images/I/71FRGv5GwEL._AC_SL1500_.jpg
B0G12K198P,high_resolution,7,https://m.media-amazon.com/images/I/71ESDlQMBdL._AC_SL1500_.jpg
B0G12K198P,high_resolution,8,https://m.media-amazon.com/images/I/61YmbCL7LtL._AC_SL1500_.jpg
B0G12K198P,high_resolution,9,https://m.media-amazon.com/images/I/81Q+JUmxNpL._AC_SL1500_.jpg
B0G12K198P,high_resolution,10,https://m.media-amazon.com/images/I/71flCinQkKL._AC_SL1500_.jpg
B0G12K198P,a_plus,0,"https://m.media-amazon.com/images/S/aplus-media-library-service-media/8320449d-2c97-4592-9497-e37184fb3497.__CR0,0,1464,600_PT0_SX1464_V1___.jpg"
B0G12K198P,a_plus,1,"https://m.media-amazon.com/images/S/aplus-media-library-service-media/18bd8c40-938b-4b14-903b-7f88b3e5a3f5.__CR0,0,1464,600_PT0_SX1464_V1___.jpg"
B0G12K198P,a_plus,2,"https://m.media-amazon.com/images/S/aplus-media-library-service-media/89cd1e95-0231-4641-bac8-1d96c76817e3.__CR0,0,1464,600_PT0_SX1464_V1___.jpg"
B0G12K198P,a_plus,3,"https://m.media-amazon.com/images/S/aplus-media-library-service-media/dc30321f-2ffd-4550-befc-877ec1867420.__CR0,0,1464,600_PT0_SX1464_V1___.jpg"
B0G12K198P,a_plus,4,"https://m.media-amazon.com/images/S/aplus-media-library-service-media/a84dffe7-5f38-4eb6-b66f-e3956f816c83.__CR0,0,1464,600_PT0_SX1464_V1___.jpg"
B0G12K198P,a_plus,5,"https://m.media-amazon.com/images/S/aplus-media-library-service-media/617ceb3e-6283-48a3-9670-c853189bdd82.__CR0,0,1464,600_PT0_SX1464_V1___.jpg"
B0G12K198P,a_plus,6,"https://m.media-amazon.com/images/S/aplus-media-library-service-media/09725d55-4781-4f44-8f81-9ab74df8bd14.__CR0,0,1464,600_PT0_SX1464_V1___.jpg"
B0G12K198P,a_plus,7,"https://m.media-amazon.com/images/S/aplus-media-library-service-media/708c84bf-ae57-4812-9777-ba90fe2db696.__CR0,0,1464,600_PT0_SX1464_V1___.jpg"
B0G12K198P,a_plus,8,"https://m.media-amazon.com/images/S/aplus-media-library-service-media/efb6a3b8-4b5d-4b8d-80c3-30bc05521202.__CR0,0,1464,600_PT0_SX1464_V1___.jpg"
B0G12K198P,a_plus,9,"https://m.media-amazon.com/images/S/aplus-media-library-service-media/a511f291-fde2-4305-9a8e-56fa299c2066.__CR0,0,1464,600_PT0_SX1464_V1___.jpg"
B0G12K198P,a_plus,10,"https://m.media-amazon.com/images/S/aplus-media-library-service-media/6fa2b737-e64b-409d-a0dd-414998772278.__CR0,0,1464,600_PT0_SX1464_V1___.jpg"
B0G12K198P,a_plus,11,"https://m.media-amazon.com/images/S/aplus-media-library-service-media/1bf7fafc-dc93-4cb9-8a4d-ace8ba1c78b6.__CR0,0,1464,600_PT0_SX1464_V1___.jpg"
B0G12K198P,a_plus,12,"https://m.media-amazon.com/images/S/aplus-media-library-service-media/2afc4150-30eb-440e-a38a-d5f68c548583.__AC_SR200,225___.jpg"
B0G12K198P,a_plus,13,"https://m.media-amazon.com/images/I/51m%2Bzrn8ouL.__AC_SR200,225___.jpg"
B0G12K198P,a_plus,14,"https://m.media-amazon.com/images/S/aplus-media-library-service-media/aa78d756-66f2-45db-bb79-a767174f0a5c.__AC_SR200,225___.jpg"
B0G12K198P,a_plus,15,"https://m.media-amazon.com/images/I/41vxy5lHbEL.__AC_SR200,225___.jpg"
B0G12K198P,a_plus,16,"https://m.media-amazon.com/images/S/aplus-media-library-service-media/d594ca40-63e1-493f-9f78-4aadb12669f4.__AC_SR200,225___.jpg"
B0G12K198P,a_plus,17,"https://m.media-amazon.com/images/I/51vHq20WZbL.__AC_SR200,225___.jpg"
B0G12K198P,a_plus,18,"https://m.media-amazon.com/images/I/31GJgwvkhEL.__AC_SR200,225___.jpg"
B0G12K198P,a_plus,19,https://m.media-amazon.com/images/S/vse-vms-transcoding-artifact-eu-west-1-prod/ced90479-00f8-4187-9910-3d2c6842ff4a/default.jobtemplate.hls.m3u8
B0G12K198P,a_plus,20,https://m.media-amazon.com/images/S/vse-vms-transcoding-artifact-eu-west-1-prod/3bd5bfea-7dfc-44f0-9e0a-b2b973a6bfdf/default.jobtemplate.hls.m3u8
B0G12K198P,a_plus,21,"https://m.media-amazon.com/images/S/aplus-media-library-service-media/8320449d-2c97-4592-9497-e37184fb3497.__CR0,0,1464,600_PT0_SX1464_V1___.jpg"
B0G12K198P,a_plus,22,"https://m.media-amazon.com/images/S/aplus-media-library-service-media/18bd8c40-938b-4b14-903b-7f88b3e5a3f5.__CR0,0,1464,600_PT0_SX1464_V1___.jpg"
B0G12K198P,a_plus,23,"https://m.media-amazon.com/images/S/aplus-media-library-service-media/89cd1e95-0231-4641-bac8-1d96c76817e3.__CR0,0,1464,600_PT0_SX1464_V1___.jpg"
B0G12K198P,a_plus,24,"https://m.media-amazon.com/images/S/aplus-media-library-service-media/dc30321f-2ffd-4550-befc-877ec1867420.__CR0,0,1464,600_PT0_SX1464_V1___.jpg"
B0G12K198P,a_plus,25,"https://m.media-amazon.com/images/S/aplus-media-library-service-media/a84dffe7-5f38-4eb6-b66f-e3956f816c83.__CR0,0,1464,600_PT0_SX1464_V1___.jpg"
B0G12K198P,a_plus,26,https://m.media-amazon.com/images/S/vse-vms-transcoding-artifact-eu-west-1-prod/ced90479-00f8-4187-9910-3d2c6842ff4a/default.jobtemplate.hls.m3u8
B0G12K198P,a_plus,27,"https://m.media-amazon.com/images/S/aplus-media-library-service-media/617ceb3e-6283-48a3-9670-c853189bdd82.__CR0,0,1464,600_PT0_SX1464_V1___.jpg"
B0G12K198P,a_plus,28,"https://m.media-amazon.com/images/S/aplus-media-library-service-media/09725d55-4781-4f44-8f81-9ab74df8bd14.__CR0,0,1464,600_PT0_SX1464_V1___.jpg"
B0G12K198P,a_plus,29,"https://m.media-amazon.com/images/S/aplus-media-library-service-media/708c84bf-ae57-4812-9777-ba90fe2db696.__CR0,0,1464,600_PT0_SX1464_V1___.jpg"
B0G12K198P,a_plus,30,"https://m.media-amazon.com/images/S/aplus-media-library-service-media/efb6a3b8-4b5d-4b8d-80c3-30bc05521202.__CR0,0,1464,600_PT0_SX1464_V1___.jpg"
B0G12K198P,a_plus,31,"https://m.media-amazon.com/images/S/aplus-media-library-service-media/a511f291-fde2-4305-9a8e-56fa299c2066.__CR0,0,1464,600_PT0_SX1464_V1___.jpg"
B0G12K198P,a_plus,32,"https://m.media-amazon.com/images/S/aplus-media-library-service-media/6fa2b737-e64b-409d-a0dd-414998772278.__CR0,0,1464,600_PT0_SX1464_V1___.jpg"
B0G12K198P,a_plus,33,"https://m.media-amazon.com/images/S/aplus-media-library-service-media/1bf7fafc-dc93-4cb9-8a4d-ace8ba1c78b6.__CR0,0,1464,600_PT0_SX1464_V1___.jpg"
B0G12K198P,a_plus,34,https://m.media-amazon.com/images/S/vse-vms-transcoding-artifact-eu-west-1-prod/3bd5bfea-7dfc-44f0-9e0a-b2b973a6bfdf/default.jobtemplate.hls.m3u8
B0GWMC2ZLV,high_resolution,0,https://m.media-amazon.com/images/I/71glmXfQYlL._AC_SL1500_.jpg
B0GWMC2ZLV,high_resolution,1,https://m.media-amazon.com/images/I/81K1USd+-9L._AC_SL1500_.jpg
B0GWMC2ZLV,high_resolution,2,https://m.media-amazon.com/images/I/71iMM0Yc9bL._AC_SL1500_.jpg
B0GWMC2ZLV,high_resolution,3,https://m.media-amazon.com/images/I/81wiHmJWVWL._AC_SL1500_.jpg
B0GWMC2ZLV,high_resolution,4,https://m.media-amazon.com/images/I/81iM3me7TdL._AC_SL1500_.jpg
B0GWMC2ZLV,high_resolution,5,https://m.media-amazon.com/images/I/81GkXhEiJ1L._AC_SL1500_.jpg
B0GWMC2ZLV,high_resolution,6,https://m.media-amazon.com/images/I/81EDJTiSXWL._AC_SL1500_.jpg
B0GWMC2ZLV,high_resolution,7,https://m.media-amazon.com/images/I/71JQ0fKjufL._AC_SL1500_.jpg
B0GWMC2ZLV,high_resolution,8,https://m.media-amazon.com/images/I/719JMTpFk8L._AC_SL1500_.jpg
B0GWMC2ZLV,a_plus,0,"https://m.media-amazon.com/images/S/aplus-media-library-service-media/cae0a91b-c8a7-4517-a3f8-f24bde9a22fe.__CR0,0,1464,600_PT0_SX1464_V1___.jpg"
B0GWMC2ZLV,a_plus,1,"https://m.media-amazon.com/images/S/aplus-media-library-service-media/47bbced9-76e3-4f42-b237-d4e566ff7b9e.__CR0,0,1464,600_PT0_SX1464_V1___.jpg"
B0GWMC2ZLV,a_plus,2,"https://m.media-amazon.com/images/S/aplus-media-library-service-media/8c20171f-d250-40cf-b0b0-ef5df78f048c.__CR0,0,1464,600_PT0_SX1464_V1___.jpg"
B0GWMC2ZLV,a_plus,3,"https://m.media-amazon.com/images/S/aplus-media-library-service-media/75fbf367-dc92-4525-9f00-cbfa6bb37b96.__CR0,0,1464,600_PT0_SX1464_V1___.jpg"
B0GWMC2ZLV,a_plus,4,"https://m.media-amazon.com/images/S/aplus-media-library-service-media/3dbac03e-818c-4d14-b8ff-b3a8bc4e5df5.__CR0,0,1464,600_PT0_SX1464_V1___.jpg"
B0GWMC2ZLV,a_plus,5,"https://m.media-amazon.com/images/S/aplus-media-library-service-media/22f961fb-1342-4ecf-95a5-cefa6bfcd78f.__AC_SR488,700___.jpg"
B0GWMC2ZLV,a_plus,6,"https://m.media-amazon.com/images/S/aplus-media-library-service-media/65d1f872-2aee-4458-ada8-a7499449b48c.__AC_SR488,700___.jpg"
B0GWMC2ZLV,a_plus,7,"https://m.media-amazon.com/images/S/aplus-media-library-service-media/cae0a91b-c8a7-4517-a3f8-f24bde9a22fe.__CR0,0,1464,600_PT0_SX1464_V1___.jpg"
B0GWMC2ZLV,a_plus,8,"https://m.media-amazon.com/images/S/aplus-media-library-service-media/47bbced9-76e3-4f42-b237-d4e566ff7b9e.__CR0,0,1464,600_PT0_SX1464_V1___.jpg"
B0GWMC2ZLV,a_plus,9,"https://m.media-amazon.com/images/S/aplus-media-library-service-media/8c20171f-d250-40cf-b0b0-ef5df78f048c.__CR0,0,1464,600_PT0_SX1464_V1___.jpg"
B0GWMC2ZLV,a_plus,10,"https://m.media-amazon.com/images/S/aplus-media-library-service-media/75fbf367-dc92-4525-9f00-cbfa6bb37b96.__CR0,0,1464,600_PT0_SX1464_V1___.jpg"
B0GWMC2ZLV,a_plus,11,"https://m.media-amazon.com/images/S/aplus-media-library-service-media/3dbac03e-818c-4d14-b8ff-b3a8bc4e5df5.__CR0,0,1464,600_PT0_SX1464_V1___.jpg"
B0CQQ9W4BF,high_resolution,0,https://m.media-amazon.com/images/I/71h7YwbxxIL._AC_SL1500_.jpg
B0CQQ9W4BF,high_resolution,1,https://m.media-amazon.com/images/I/819HbsNnPnL._AC_SL1500_.jpg
B0CQQ9W4BF,high_resolution,2,https://m.media-amazon.com/images/I/81m0fr7UwBL._AC_SL1500_.jpg
B0CQQ9W4BF,high_resolution,3,https://m.media-amazon.com/images/I/81H8KgF5QbL._AC_SL1500_.jpg
B0CQQ9W4BF,high_resolution,4,https://m.media-amazon.com/images/I/81UrXgctI3L._AC_SL1500_.jpg
B0CQQ9W4BF,high_resolution,5,https://m.media-amazon.com/images/I/71E6EJdPUfL._AC_SL1500_.jpg
B0CQQ9W4BF,high_resolution,6,https://m.media-amazon.com/images/I/71Z6LhDeWSL._AC_SL1500_.jpg
B0CQQ9W4BF,high_resolution,7,https://m.media-amazon.com/images/I/81arldxihhL._AC_SL1500_.jpg
B0CQQ9W4BF,high_resolution,8,https://m.media-amazon.com/images/I/81TMbZNIY+L._AC_SL1500_.jpg
B0CQQ9W4BF,a_plus,0,"https://m.media-amazon.com/images/S/aplus-media-library-service-media/fb5cac4e-d046-4c53-9b4b-60b1a862bed3.__CR0,62,1939,795_PT0_SX1464_V1___.jpg"
B0CQQ9W4BF,a_plus,1,"https://m.media-amazon.com/images/S/aplus-media-library-service-media/63e63c1d-97dd-4c96-a60b-5679e6405d69.__CR0,73,2000,1077_PT0_SX650_V1___.jpg"
B0CQQ9W4BF,a_plus,2,"https://m.media-amazon.com/images/S/aplus-media-library-service-media/183c46f7-b01e-45df-9d21-a1c10d75f348.__CR0,50,650,350_PT0_SX650_V1___.jpg"
B0CQQ9W4BF,a_plus,3,"https://m.media-amazon.com/images/S/aplus-media-library-service-media/621290e9-9bd5-4857-873b-26093b450a62.__CR111,0,1778,2000_PT0_SX200_V1___.jpg"
B0CQQ9W4BF,a_plus,4,"https://m.media-amazon.com/images/S/aplus-media-library-service-media/41276e9d-b90f-4380-951f-21037065c652.__CR111,0,1778,2000_PT0_SX200_V1___.jpg"
B0CQQ9W4BF,a_plus,5,"https://m.media-amazon.com/images/S/aplus-media-library-service-media/1ef33331-2789-409d-9c2f-f53a759efcdd.__CR111,0,1778,2000_PT0_SX200_V1___.jpg"
B0CQQ9W4BF,a_plus,6,"https://m.media-amazon.com/images/S/aplus-media-library-service-media/b26c568b-de6c-4e6a-94da-9197052daff7.__CR111,0,1778,2000_PT0_SX200_V1___.jpg"
B0CQQ9W4BF,a_plus,7,"https://m.media-amazon.com/images/S/aplus-media-library-service-media/fb5cac4e-d046-4c53-9b4b-60b1a862bed3.__CR0,62,1939,795_PT0_SX1464_V1___.jpg"
B0CQQ9W4BF,a_plus,8,"https://m.media-amazon.com/images/S/aplus-media-library-service-media/63e63c1d-97dd-4c96-a60b-5679e6405d69.__CR0,73,2000,1077_PT0_SX650_V1___.jpg"
B0CQQ9W4BF,a_plus,9,"https://m.media-amazon.com/images/S/aplus-media-library-service-media/183c46f7-b01e-45df-9d21-a1c10d75f348.__CR0,50,650,350_PT0_SX650_V1___.jpg"
B0D962W8TP,high_resolution,0,https://m.media-amazon.com/images/I/61if-qB-ZXL._AC_SL1500_.jpg
B0D962W8TP,high_resolution,1,https://m.media-amazon.com/images/I/91V3SpHYeDL._AC_SL1500_.jpg
B0D962W8TP,high_resolution,2,https://m.media-amazon.com/images/I/61DaEtBlFWL._AC_SL1500_.jpg
B0D962W8TP,high_resolution,3,https://m.media-amazon.com/images/I/91RdFpXdH9L._AC_SL1500_.jpg
B0D962W8TP,high_resolution,4,https://m.media-amazon.com/images/I/71c2KTw0czL._AC_SL1500_.jpg
B0D962W8TP,high_resolution,5,https://m.media-amazon.com/images/I/81aM73CBDqL._AC_SL1500_.jpg
B0D962W8TP,high_resolution,6,https://m.media-amazon.com/images/I/81Wft+WFYFL._AC_SL1500_.jpg
B0D962W8TP,a_plus,0,"https://m.media-amazon.com/images/S/aplus-media-library-service-media/2dbc30b3-0255-4306-81d5-ebcb2cd70e77.__CR0,0,3000,1230_PT0_SX1464_V1___.jpg"
B0D962W8TP,a_plus,1,"https://m.media-amazon.com/images/S/aplus-media-library-service-media/879de5d6-465f-4eb3-b2e8-537da7a3f3b2.__CR0,0,3000,1230_PT0_SX1464_V1___.jpg"
B0D962W8TP,a_plus,2,"https://m.media-amazon.com/images/S/aplus-media-library-service-media/ee62a225-afeb-476b-aaef-b378d77c8e8d.__CR0,0,1464,600_PT0_SX1464_V1___.png"
B0D962W8TP,a_plus,3,"https://m.media-amazon.com/images/S/aplus-media-library-service-media/2dbc30b3-0255-4306-81d5-ebcb2cd70e77.__CR0,0,3000,1230_PT0_SX1464_V1___.jpg"
B0D962W8TP,a_plus,4,"https://m.media-amazon.com/images/S/aplus-media-library-service-media/879de5d6-465f-4eb3-b2e8-537da7a3f3b2.__CR0,0,3000,1230_PT0_SX1464_V1___.jpg"
B0D962W8TP,a_plus,5,"https://m.media-amazon.com/images/S/aplus-media-library-service-media/ee62a225-afeb-476b-aaef-b378d77c8e8d.__CR0,0,1464,600_PT0_SX1464_V1___.png"
B0FRFNKNB1,high_resolution,0,https://m.media-amazon.com/images/I/81VmQhie6LL._AC_SL1500_.jpg
B0FRFNKNB1,high_resolution,1,https://m.media-amazon.com/images/I/61D1jyYnVdL._AC_SL1500_.jpg
B0FRFNKNB1,high_resolution,2,https://m.media-amazon.com/images/I/712LoVB6H6L._AC_SL1500_.jpg
B0FRFNKNB1,high_resolution,3,https://m.media-amazon.com/images/I/717AmvAST7L._AC_SL1500_.jpg
B0FRFNKNB1,high_resolution,4,https://m.media-amazon.com/images/I/71xxQ4sD-TL._AC_SL1500_.jpg
B0FRFNKNB1,high_resolution,5,https://m.media-amazon.com/images/I/71SQS49YVTL._AC_SL1500_.jpg
B0FRFNKNB1,high_resolution,6,https://m.media-amazon.com/images/I/61q6FUC7sOL._AC_SL1500_.jpg
B0FRFNKNB1,high_resolution,7,https://m.media-amazon.com/images/I/51Myr2IHKcL._AC_SL1500_.jpg
B0FRFNKNB1,high_resolution,8,https://m.media-amazon.com/images/I/81E7iwbA2RL._AC_SL1500_.jpg
B0FRFNKNB1,a_plus,0,"https://m.media-amazon.com/images/S/aplus-media-library-service-media/22be0c1b-d322-4c68-a262-d1e2acd22d04.__CR0,0,1464,600_PT0_SX1464_V1___.jpg"
B0FRFNKNB1,a_plus,1,"https://m.media-amazon.com/images/S/aplus-media-library-service-media/08c570ac-74f4-436c-85d8-4c0133fbc7f8.__CR0,0,1464,600_PT0_SX1464_V1___.jpg"
B0FRFNKNB1,a_plus,2,"https://m.media-amazon.com/images/S/aplus-media-library-service-media/8fa14fc8-5bfe-48b2-b17c-f013189cf10e.__CR0,0,1464,600_PT0_SX1464_V1___.jpg"
B0FRFNKNB1,a_plus,3,"https://m.media-amazon.com/images/S/aplus-media-library-service-media/5f4d251f-79b8-45d9-9644-17fb6041a241.__CR0,0,1464,600_PT0_SX1464_V1___.jpg"
B0FRFNKNB1,a_plus,4,"https://m.media-amazon.com/images/S/aplus-media-library-service-media/c726ae32-e5bd-414f-8356-02bc26036778.__CR0,0,1464,600_PT0_SX1464_V1___.jpg"
B0FRFNKNB1,a_plus,5,"https://m.media-amazon.com/images/S/aplus-media-library-service-media/e9ddb770-7c8b-46d4-8cdd-a8ce86783500.__CR0,0,800,600_PT0_SX800_V1___.jpg"
B0FRFNKNB1,a_plus,6,"https://m.media-amazon.com/images/S/aplus-media-library-service-media/96b087cd-5e8a-4406-9c22-0f5fccfeb5ee.__CR0,0,1464,600_PT0_SX1464_V1___.jpg"
B0FRFNKNB1,a_plus,7,"https://m.media-amazon.com/images/S/aplus-media-library-service-media/d019d067-6a3c-4e66-ac18-2bceb857f104.__CR0,0,300,225_PT0_SX300_V1___.jpg"
B0FRFNKNB1,a_plus,8,"https://m.media-amazon.com/images/S/aplus-media-library-service-media/062736a1-1f23-4f24-8207-6b65b74b79f7.__CR0,0,300,225_PT0_SX300_V1___.jpg"
B0FRFNKNB1,a_plus,9,"https://m.media-amazon.com/images/S/aplus-media-library-service-media/7f3116c3-ffb3-43b0-87a1-4973d273eb47.__CR0,0,300,225_PT0_SX300_V1___.jpg"
B0FRFNKNB1,a_plus,10,"https://m.media-amazon.com/images/S/aplus-media-library-service-media/ea037f98-07aa-46e7-a732-66c82c6c8e52.__CR0,0,300,225_PT0_SX300_V1___.jpg"
B0FRFNKNB1,a_plus,11,"https://m.media-amazon.com/images/S/aplus-media-library-service-media/0320d80b-aa2d-4f1f-88cd-b3acea5b2408.__CR0,0,300,225_PT0_SX300_V1___.jpg"
B0FRFNKNB1,a_plus,12,"https://m.media-amazon.com/images/S/aplus-media-library-service-media/4e62dfde-2c4c-4256-a473-5f20c4101d18.__CR0,0,300,225_PT0_SX300_V1___.jpg"
B0FRFNKNB1,a_plus,13,"https://m.media-amazon.com/images/S/aplus-media-library-service-media/c4e30582-bcb9-42a1-9763-6877cb17ff9b.__CR0,0,300,225_PT0_SX300_V1___.jpg"
B0FRFNKNB1,a_plus,14,"https://m.media-amazon.com/images/S/aplus-media-library-service-media/52cd900a-514e-4018-8848-74fcb84cc11c.__CR0,0,300,225_PT0_SX300_V1___.jpg"
B0FRFNKNB1,a_plus,15,"https://m.media-amazon.com/images/S/aplus-media-library-service-media/b4a8d4aa-2d65-42cf-a8b3-7b8abc525803.__CR0,0,1464,600_PT0_SX1464_V1___.jpg"
B0FRFNKNB1,a_plus,16,"https://m.media-amazon.com/images/S/aplus-media-library-service-media/366d6444-557f-466c-8c1a-ee90a32586a6.__CR0,0,1464,600_PT0_SX1464_V1___.jpg"
B0FRFNKNB1,a_plus,17,"https://m.media-amazon.com/images/S/aplus-media-library-service-media/e4a64554-92c3-4f9a-a68c-9c2d511dc8cb.__CR0,0,1464,600_PT0_SX1464_V1___.jpg"
B0FRFNKNB1,a_plus,18,"https://m.media-amazon.com/images/S/aplus-media-library-service-media/52904217-0189-4727-b41b-4a49bdb43998.__CR0,0,1464,600_PT0_SX1464_V1___.jpg"
B0FRFNKNB1,a_plus,19,"https://m.media-amazon.com/images/S/aplus-media-library-service-media/f1fd946c-5caf-44f5-9c4f-3dd4f9000b30.__CR0,0,1464,600_PT0_SX1464_V1___.jpg"
B0FRFNKNB1,a_plus,20,"https://m.media-amazon.com/images/S/aplus-media-library-service-media/22be0c1b-d322-4c68-a262-d1e2acd22d04.__CR0,0,1464,600_PT0_SX1464_V1___.jpg"
B0FRFNKNB1,a_plus,21,"https://m.media-amazon.com/images/S/aplus-media-library-service-media/08c570ac-74f4-436c-85d8-4c0133fbc7f8.__CR0,0,1464,600_PT0_SX1464_V1___.jpg"
B0FRFNKNB1,a_plus,22,"https://m.media-amazon.com/images/S/aplus-media-library-service-media/8fa14fc8-5bfe-48b2-b17c-f013189cf10e.__CR0,0,1464,600_PT0_SX1464_V1___.jpg"
B0FRFNKNB1,a_plus,23,"https://m.media-amazon.com/images/S/aplus-media-library-service-media/5f4d251f-79b8-45d9-9644-17fb6041a241.__CR0,0,1464,600_PT0_SX1464_V1___.jpg"
B0FRFNKNB1,a_plus,24,"https://m.media-amazon.com/images/S/aplus-media-library-service-media/c726ae32-e5bd-414f-8356-02bc26036778.__CR0,0,1464,600_PT0_SX1464_V1___.jpg"
B0FRFNKNB1,a_plus,25,"https://m.media-amazon.com/images/S/aplus-media-library-service-media/e9ddb770-7c8b-46d4-8cdd-a8ce86783500.__CR0,0,800,600_PT0_SX800_V1___.jpg"
B0FRFNKNB1,a_plus,26,"https://m.media-amazon.com/images/S/aplus-media-library-service-media/96b087cd-5e8a-4406-9c22-0f5fccfeb5ee.__CR0,0,1464,600_PT0_SX1464_V1___.jpg"
B0FRFNKNB1,a_plus,27,"https://m.media-amazon.com/images/S/aplus-media-library-service-media/d019d067-6a3c-4e66-ac18-2bceb857f104.__CR0,0,300,225_PT0_SX300_V1___.jpg"
B0FRFNKNB1,a_plus,28,"https://m.media-amazon.com/images/S/aplus-media-library-service-media/062736a1-1f23-4f24-8207-6b65b74b79f7.__CR0,0,300,225_PT0_SX300_V1___.jpg"
B0FRFNKNB1,a_plus,29,"https://m.media-amazon.com/images/S/aplus-media-library-service-media/7f3116c3-ffb3-43b0-87a1-4973d273eb47.__CR0,0,300,225_PT0_SX300_V1___.jpg"
B0FRFNKNB1,a_plus,30,"https://m.media-amazon.com/images/S/aplus-media-library-service-media/ea037f98-07aa-46e7-a732-66c82c6c8e52.__CR0,0,300,225_PT0_SX300_V1___.jpg"
B0FRFNKNB1,a_plus,31,"https://m.media-amazon.com/images/S/aplus-media-library-service-media/0320d80b-aa2d-4f1f-88cd-b3acea5b2408.__CR0,0,300,225_PT0_SX300_V1___.jpg"
B0FRFNKNB1,a_plus,32,"https://m.media-amazon.com/images/S/aplus-media-library-service-media/4e62dfde-2c4c-4256-a473-5f20c4101d18.__CR0,0,300,225_PT0_SX300_V1___.jpg"
B0FRFNKNB1,a_plus,33,"https://m.media-amazon.com/images/S/aplus-media-library-service-media/c4e30582-bcb9-42a1-9763-6877cb17ff9b.__CR0,0,300,225_PT0_SX300_V1___.jpg"
B0FRFNKNB1,a_plus,34,"https://m.media-amazon.com/images/S/aplus-media-library-service-media/52cd900a-514e-4018-8848-74fcb84cc11c.__CR0,0,300,225_PT0_SX300_V1___.jpg"
B0FRFNKNB1,a_plus,35,"https://m.media-amazon.com/images/S/aplus-media-library-service-media/b4a8d4aa-2d65-42cf-a8b3-7b8abc525803.__CR0,0,1464,600_PT0_SX1464_V1___.jpg"
B0FRFNKNB1,a_plus,36,"https://m.media-amazon.com/images/S/aplus-media-library-service-media/366d6444-557f-466c-8c1a-ee90a32586a6.__CR0,0,1464,600_PT0_SX1464_V1___.jpg"
B0FRFNKNB1,a_plus,37,"https://m.media-amazon.com/images/S/aplus-media-library-service-media/e4a64554-92c3-4f9a-a68c-9c2d511dc8cb.__CR0,0,1464,600_PT0_SX1464_V1___.jpg"
B0FRFNKNB1,a_plus,38,"https://m.media-amazon.com/images/S/aplus-media-library-service-media/52904217-0189-4727-b41b-4a49bdb43998.__CR0,0,1464,600_PT0_SX1464_V1___.jpg"
B0FRFNKNB1,a_plus,39,"https://m.media-amazon.com/images/S/aplus-media-library-service-media/f1fd946c-5caf-44f5-9c4f-3dd4f9000b30.__CR0,0,1464,600_PT0_SX1464_V1___.jpg"
B0GYXYYQZZ,high_resolution,0,https://m.media-amazon.com/images/I/71ubSYdeEeL._AC_SL1500_.jpg
B0GYXYYQZZ,high_resolution,1,https://m.media-amazon.com/images/I/817IFMxgNTL._AC_SL1500_.jpg
B0GYXYYQZZ,high_resolution,2,https://m.media-amazon.com/images/I/71vfheQORiL._AC_SL1500_.jpg
B0GYXYYQZZ,high_resolution,3,https://m.media-amazon.com/images/I/71n3nllw+1L._AC_SL1500_.jpg
B0GYXYYQZZ,high_resolution,4,https://m.media-amazon.com/images/I/71zrdYWBYGL._AC_SL1500_.jpg
B0GYXYYQZZ,high_resolution,5,https://m.media-amazon.com/images/I/81pnfxvd2-L._AC_SL1500_.jpg
B0GYXYYQZZ,high_resolution,6,https://m.media-amazon.com/images/I/815cTsgNB4L._AC_SL1500_.jpg
B0GYXYYQZZ,high_resolution,7,https://m.media-amazon.com/images/I/81T4dCqJteL._AC_SL1500_.jpg
B0GYXYYQZZ,high_resolution,8,https://m.media-amazon.com/images/I/81lC3PEbG4L._AC_SL1500_.jpg
B0GYXYYQZZ,a_plus,0,"https://m.media-amazon.com/images/S/aplus-media-library-service-media/5da67ffe-2e1b-41b8-8c4c-521fb838ded7.__CR0,0,2928,1200_PT0_SX1464_V1___.jpg"
B0GYXYYQZZ,a_plus,1,"https://m.media-amazon.com/images/S/aplus-media-library-service-media/be848e87-45a6-4d04-a41f-4cd300b98941.__CR0,0,2928,1200_PT0_SX1464_V1___.jpg"
B0GYXYYQZZ,a_plus,2,"https://m.media-amazon.com/images/S/aplus-media-library-service-media/e03110fa-9182-4eef-b35d-58d14dc240a8.__CR0,0,2928,1200_PT0_SX1464_V1___.jpg"
B0GYXYYQZZ,a_plus,3,"https://m.media-amazon.com/images/S/aplus-media-library-service-media/b2a0c91c-6d91-404c-9257-ba61dd72f866.__CR0,0,2928,1200_PT0_SX1464_V1___.jpg"
B0GYXYYQZZ,a_plus,4,"https://m.media-amazon.com/images/S/aplus-media-library-service-media/e405696f-3d79-4dea-bf42-5e375432b819.__CR0,0,2928,1200_PT0_SX1464_V1___.jpg"
B0GYXYYQZZ,a_plus,5,"https://m.media-amazon.com/images/S/aplus-media-library-service-media/ac8f0ea7-dff2-4548-bb44-b15efbb89975.__CR0,0,2928,1200_PT0_SX1464_V1___.jpg"
B0GYXYYQZZ,a_plus,6,"https://m.media-amazon.com/images/S/aplus-media-library-service-media/5da67ffe-2e1b-41b8-8c4c-521fb838ded7.__CR0,0,2928,1200_PT0_SX1464_V1___.jpg"
B0GYXYYQZZ,a_plus,7,"https://m.media-amazon.com/images/S/aplus-media-library-service-media/be848e87-45a6-4d04-a41f-4cd300b98941.__CR0,0,2928,1200_PT0_SX1464_V1___.jpg"
B0GYXYYQZZ,a_plus,8,"https://m.media-amazon.com/images/S/aplus-media-library-service-media/e03110fa-9182-4eef-b35d-58d14dc240a8.__CR0,0,2928,1200_PT0_SX1464_V1___.jpg"
B0GYXYYQZZ,a_plus,9,"https://m.media-amazon.com/images/S/aplus-media-library-service-media/b2a0c91c-6d91-404c-9257-ba61dd72f866.__CR0,0,2928,1200_PT0_SX1464_V1___.jpg"
B0GYXYYQZZ,a_plus,10,"https://m.media-amazon.com/images/S/aplus-media-library-service-media/e405696f-3d79-4dea-bf42-5e375432b819.__CR0,0,2928,1200_PT0_SX1464_V1___.jpg"
B0GYXYYQZZ,a_plus,11,"https://m.media-amazon.com/images/S/aplus-media-library-service-media/ac8f0ea7-dff2-4548-bb44-b15efbb89975.__CR0,0,2928,1200_PT0_SX1464_V1___.jpg"
B0D2PSLT9F,high_resolution,0,https://m.media-amazon.com/images/I/61zGtLGmAcL._AC_SL1500_.jpg
B0D2PSLT9F,high_resolution,1,https://m.media-amazon.com/images/I/91qDL5Qw1CL._AC_SL1500_.jpg
B0D2PSLT9F,high_resolution,2,https://m.media-amazon.com/images/I/71xrB1LCAWL._AC_SL1500_.jpg
B0D2PSLT9F,high_resolution,3,https://m.media-amazon.com/images/I/81gH6fV6oyL._AC_SL1500_.jpg
B0D2PSLT9F,high_resolution,4,https://m.media-amazon.com/images/I/61sxc-OV3OL._AC_SL1500_.jpg
B0D2PSLT9F,high_resolution,5,https://m.media-amazon.com/images/I/71mrIi012PL._AC_SL1500_.jpg
B0D2PSLT9F,high_resolution,6,https://m.media-amazon.com/images/I/81nvq+PwnWL._AC_SL1500_.jpg
B0D2PSLT9F,high_resolution,7,https://m.media-amazon.com/images/I/81CCkxxxjJL._AC_SL1500_.jpg
B0D2PSLT9F,high_resolution,8,https://m.media-amazon.com/images/I/71KKNYLfOML._AC_SL1500_.jpg
B0D2PSLT9F,a_plus,0,"https://m.media-amazon.com/images/S/aplus-media-library-service-media/9f33c956-571f-4d29-a162-084dac83350e.__CR0,0,970,600_PT0_SX970_V1___.jpg"
B0D2PSLT9F,a_plus,1,"https://m.media-amazon.com/images/S/aplus-media-library-service-media/f6fca205-5756-4c95-8d72-e2ad01b9c3d1.__CR0,0,300,400_PT0_SX300_V1___.jpg"
B0D2PSLT9F,a_plus,2,"https://m.media-amazon.com/images/S/aplus-media-library-service-media/b756b137-9304-4a1f-b646-e36778ab785c.__CR0,0,350,175_PT0_SX350_V1___.jpg"
B0D2PSLT9F,a_plus,3,"https://m.media-amazon.com/images/S/aplus-media-library-service-media/9019adb9-ceb6-4e46-9c94-8571be6af851.__CR0,0,150,300_PT0_SX150_V1___.jpg"
B0D2PSLT9F,a_plus,4,"https://m.media-amazon.com/images/S/aplus-media-library-service-media/a442c2c0-236d-4c69-b489-4cf0841bc799.__CR0,0,150,300_PT0_SX150_V1___.jpg"
B0D2PSLT9F,a_plus,5,"https://m.media-amazon.com/images/S/aplus-media-library-service-media/6a8180a4-eb1d-4f2e-90cc-b1f7ba536ebe.__CR0,0,150,300_PT0_SX150_V1___.jpg"
B0D2PSLT9F,a_plus,6,"https://m.media-amazon.com/images/S/aplus-media-library-service-media/94f243f1-fd93-49c9-8fd6-496ea9ad1027.__CR0,0,150,300_PT0_SX150_V1___.jpg"
B0D2PSLT9F,a_plus,7,"https://m.media-amazon.com/images/S/aplus-media-library-service-media/980f4618-59d9-42b0-aeab-996ee08b8f07.__CR0,0,150,300_PT0_SX150_V1___.jpg"
B0D2PSLT9F,a_plus,8,"https://m.media-amazon.com/images/S/aplus-media-library-service-media/9f33c956-571f-4d29-a162-084dac83350e.__CR0,0,970,600_PT0_SX970_V1___.jpg"
B0D2PSLT9F,a_plus,9,"https://m.media-amazon.com/images/S/aplus-media-library-service-media/f6fca205-5756-4c95-8d72-e2ad01b9c3d1.__CR0,0,300,400_PT0_SX300_V1___.jpg"
B0D2PSLT9F,a_plus,10,"https://m.media-amazon.com/images/S/aplus-media-library-service-media/b756b137-9304-4a1f-b646-e36778ab785c.__CR0,0,350,175_PT0_SX350_V1___.jpg"
B0D2PSLT9F,a_plus,11,"https://m.media-amazon.com/images/S/aplus-media-library-service-media/9019adb9-ceb6-4e46-9c94-8571be6af851.__CR0,0,150,300_PT0_SX150_V1___.jpg"
B0D2PSLT9F,a_plus,12,https://www.amazon.de/dp/B0DM75CMJT?ref=emc_s_m_5_i_atc
B0D2PSLT9F,a_plus,13,"https://m.media-amazon.com/images/S/aplus-media-library-service-media/a442c2c0-236d-4c69-b489-4cf0841bc799.__CR0,0,150,300_PT0_SX150_V1___.jpg"
B0D2PSLT9F,a_plus,14,https://www.amazon.de/dp/B07V3HFVWT?ref=emc_s_m_5_i_atc
B0D2PSLT9F,a_plus,15,"https://m.media-amazon.com/images/S/aplus-media-library-service-media/6a8180a4-eb1d-4f2e-90cc-b1f7ba536ebe.__CR0,0,150,300_PT0_SX150_V1___.jpg"
B0D2PSLT9F,a_plus,16,https://www.amazon.de/dp/B0DTK1ZVK8?ref=emc_s_m_5_i_atc
B0D2PSLT9F,a_plus,17,"https://m.media-amazon.com/images/S/aplus-media-library-service-media/94f243f1-fd93-49c9-8fd6-496ea9ad1027.__CR0,0,150,300_PT0_SX150_V1___.jpg"
B0D2PSLT9F,a_plus,18,https://www.amazon.de/dp/B0BF46JJB8?ref=emc_s_m_5_i_atc
B0D2PSLT9F,a_plus,19,"https://m.media-amazon.com/images/S/aplus-media-library-service-media/980f4618-59d9-42b0-aeab-996ee08b8f07.__CR0,0,150,300_PT0_SX150_V1___.jpg"
B0D2PSLT9F,a_plus,20,https://www.amazon.de/dp/B0F9Z6H5ST?ref=emc_s_m_5_i_atc
B0CTSXTGPF,high_resolution,0,https://m.media-amazon.com/images/I/614cTR-oqoL._AC_SL1500_.jpg
B0CTSXTGPF,high_resolution,1,https://m.media-amazon.com/images/I/81LAtWjkV+L._AC_SL1500_.jpg
B0CTSXTGPF,high_resolution,2,https://m.media-amazon.com/images/I/81kLD2p4-oL._AC_SL1500_.jpg
B0CTSXTGPF,high_resolution,3,https://m.media-amazon.com/images/I/81QIlzgrajL._AC_SL1500_.jpg
B0CTSXTGPF,high_resolution,4,https://m.media-amazon.com/images/I/81sqLxtXfRL._AC_SL1500_.jpg
B0CTSXTGPF,high_resolution,5,https://m.media-amazon.com/images/I/71A8jbsroUL._AC_SL1500_.jpg
B0CTSXTGPF,high_resolution,6,https://m.media-amazon.com/images/I/610YZYrknSL._AC_SL1500_.jpg
B0CTSXTGPF,high_resolution,7,https://m.media-amazon.com/images/I/71abLOZCTEL._AC_SL1500_.jpg
B0CTSXTGPF,high_resolution,8,https://m.media-amazon.com/images/I/81atOhDudkL._AC_SL1500_.jpg
B0CTSXTGPF,a_plus,0,"https://m.media-amazon.com/images/S/aplus-media-library-service-media/ee8a26df-bcba-4f09-9f1c-12dd9003c929.__CR0,0,970,600_PT0_SX970_V1___.jpg"
B0CTSXTGPF,a_plus,1,"https://m.media-amazon.com/images/S/aplus-media-library-service-media/47cf878c-6831-4a02-969d-66823031dc07.__CR0,0,300,400_PT0_SX300_V1___.jpg"
B0CTSXTGPF,a_plus,2,"https://m.media-amazon.com/images/S/aplus-media-library-service-media/b756b137-9304-4a1f-b646-e36778ab785c.__CR0,0,350,175_PT0_SX350_V1___.jpg"
B0CTSXTGPF,a_plus,3,"https://m.media-amazon.com/images/S/aplus-media-library-service-media/9019adb9-ceb6-4e46-9c94-8571be6af851.__CR0,0,150,300_PT0_SX150_V1___.jpg"
B0CTSXTGPF,a_plus,4,"https://m.media-amazon.com/images/S/aplus-media-library-service-media/9c5d1e54-dbf2-4831-b06e-16c8f9a5be7f.__CR0,0,150,300_PT0_SX150_V1___.jpg"
B0CTSXTGPF,a_plus,5,"https://m.media-amazon.com/images/S/aplus-media-library-service-media/e4b6f163-f988-4995-a176-bb0e32cd2ada.__CR0,0,150,300_PT0_SX150_V1___.jpg"
B0CTSXTGPF,a_plus,6,"https://m.media-amazon.com/images/S/aplus-media-library-service-media/6a84f86a-ed9e-4590-9aa4-799cab5c36b1.__CR0,0,150,300_PT0_SX150_V1___.jpg"
B0CTSXTGPF,a_plus,7,"https://m.media-amazon.com/images/S/aplus-media-library-service-media/07017830-6891-4c21-836e-6fa965f11fb4.__CR0,0,150,300_PT0_SX150_V1___.jpg"
B0CTSXTGPF,a_plus,8,"https://m.media-amazon.com/images/S/aplus-media-library-service-media/ee8a26df-bcba-4f09-9f1c-12dd9003c929.__CR0,0,970,600_PT0_SX970_V1___.jpg"
B0CTSXTGPF,a_plus,9,"https://m.media-amazon.com/images/S/aplus-media-library-service-media/47cf878c-6831-4a02-969d-66823031dc07.__CR0,0,300,400_PT0_SX300_V1___.jpg"
B0CTSXTGPF,a_plus,10,"https://m.media-amazon.com/images/S/aplus-media-library-service-media/b756b137-9304-4a1f-b646-e36778ab785c.__CR0,0,350,175_PT0_SX350_V1___.jpg"
B0CTSXTGPF,a_plus,11,"https://m.media-amazon.com/images/S/aplus-media-library-service-media/9019adb9-ceb6-4e46-9c94-8571be6af851.__CR0,0,150,300_PT0_SX150_V1___.jpg"
B0CTSXTGPF,a_plus,12,https://www.amazon.de/dp/B0DM75CMJT?ref=emc_s_m_5_i_atc
B0CTSXTGPF,a_plus,13,"https://m.media-amazon.com/images/S/aplus-media-library-service-media/9c5d1e54-dbf2-4831-b06e-16c8f9a5be7f.__CR0,0,150,300_PT0_SX150_V1___.jpg"
B0CTSXTGPF,a_plus,14,https://www.amazon.de/dp/B0BPRQM4CT?ref=emc_s_m_5_i_atc
B0CTSXTGPF,a_plus,15,"https://m.media-amazon.com/images/S/aplus-media-library-service-media/e4b6f163-f988-4995-a176-bb0e32cd2ada.__CR0,0,150,300_PT0_SX150_V1___.jpg"
B0CTSXTGPF,a_plus,16,https://www.amazon.de/dp/B0FW57RZZN?ref=emc_s_m_5_i_atc
B0CTSXTGPF,a_plus,17,"https://m.media-amazon.com/images/S/aplus-media-library-service-media/6a84f86a-ed9e-4590-9aa4-799cab5c36b1.__CR0,0,150,300_PT0_SX150_V1___.jpg"
B0CTSXTGPF,a_plus,18,https://www.amazon.de/dp/B0C5QWMJRD?ref=emc_s_m_5_i_atc
B0CTSXTGPF,a_plus,19,"https://m.media-amazon.com/images/S/aplus-media-library-service-media/07017830-6891-4c21-836e-6fa965f11fb4.__CR0,0,150,300_PT0_SX150_V1___.jpg"
B0CTSXTGPF,a_plus,20,https://www.amazon.de/dp/B0DM4WJYZ8?ref=emc_s_m_5_i_atc
B0GWM467TJ,high_resolution,0,https://m.media-amazon.com/images/I/819wHwl5CHL._AC_SL1500_.jpg
B0GWM467TJ,high_resolution,1,https://m.media-amazon.com/images/I/81MmuqHGyRL._AC_SL1500_.jpg
B0GWM467TJ,high_resolution,2,https://m.media-amazon.com/images/I/61tNmqG5tyL._AC_SL1500_.jpg
B0GWM467TJ,high_resolution,3,https://m.media-amazon.com/images/I/81tilhjHYPL._AC_SL1500_.jpg
B0GWM467TJ,high_resolution,4,https://m.media-amazon.com/images/I/71uxU1mKXKL._AC_SL1500_.jpg
B0GWM467TJ,high_resolution,5,https://m.media-amazon.com/images/I/71LQBHgbL5L._AC_SL1500_.jpg
B0GWM467TJ,high_resolution,6,https://m.media-amazon.com/images/I/61z3uxuOn1L._AC_SL1500_.jpg
B0GWM467TJ,high_resolution,7,https://m.media-amazon.com/images/I/61BYQrarKUL._AC_SL1500_.jpg
B0GWM467TJ,a_plus,0,"https://m.media-amazon.com/images/S/aplus-media-library-service-media/81c75c64-9643-432c-9537-4b9a9b47eba5.__CR0,0,1464,600_PT0_SX1464_V1___.jpg"
B0GWM467TJ,a_plus,1,"https://m.media-amazon.com/images/S/aplus-media-library-service-media/01fe7474-e0e6-4a09-8b1c-afee0bb41bf7.__CR0,0,800,600_PT0_SX800_V1___.jpg"
B0GWM467TJ,a_plus,2,"https://m.media-amazon.com/images/S/aplus-media-library-service-media/360d8b45-ea72-4479-a6b1-50e80130292d.__CR0,0,650,350_PT0_SX650_V1___.jpg"
B0GWM467TJ,a_plus,3,"https://m.media-amazon.com/images/S/aplus-media-library-service-media/d88958e1-67d5-4a4a-af8a-14ccbbd52885.__CR0,0,650,350_PT0_SX650_V1___.jpg"
B0GWM467TJ,a_plus,4,"https://m.media-amazon.com/images/S/aplus-media-library-service-media/dd946fa2-a9df-4519-bdf8-7adc2d8aa94e.__CR0,0,300,225_PT0_SX300_V1___.jpg"
B0GWM467TJ,a_plus,5,"https://m.media-amazon.com/images/S/aplus-media-library-service-media/ef3fafed-9a58-4c84-86fc-1eb091f46000.__CR0,0,300,225_PT0_SX300_V1___.jpg"
B0GWM467TJ,a_plus,6,"https://m.media-amazon.com/images/S/aplus-media-library-service-media/a16e844c-5c26-4935-b400-6953ab8e4ad6.__CR0,0,300,225_PT0_SX300_V1___.jpg"
B0GWM467TJ,a_plus,7,"https://m.media-amazon.com/images/S/aplus-media-library-service-media/34ea0840-3f35-4a96-ac29-c8c829e7a51a.__CR0,0,300,225_PT0_SX300_V1___.jpg"
B0GWM467TJ,a_plus,8,"https://m.media-amazon.com/images/S/aplus-media-library-service-media/9c48c361-13bc-48b5-b6d7-6bc56810ceb7.__CR0,0,300,225_PT0_SX300_V1___.jpg"
B0GWM467TJ,a_plus,9,"https://m.media-amazon.com/images/S/aplus-media-library-service-media/2420d9e2-0d58-43bb-9357-31b5566d24cc.__CR0,0,300,225_PT0_SX300_V1___.jpg"
B0GWM467TJ,a_plus,10,"https://m.media-amazon.com/images/S/aplus-media-library-service-media/5ab1bd22-0ec2-47fd-884a-2c24f34eb77c.__CR0,0,300,225_PT0_SX300_V1___.jpg"
B0GWM467TJ,a_plus,11,"https://m.media-amazon.com/images/S/aplus-media-library-service-media/2f7a15b2-1e9e-4a2f-9cf6-c3aa79f7fd1a.__CR0,0,300,225_PT0_SX300_V1___.jpg"
B0GWM467TJ,a_plus,12,"https://m.media-amazon.com/images/S/aplus-media-library-service-media/25b6b2fd-8a3b-45d7-95a2-630594a558e9.__CR0,0,1464,600_PT0_SX1464_V1___.jpg"
B0GWM467TJ,a_plus,13,"https://m.media-amazon.com/images/S/aplus-media-library-service-media/81c75c64-9643-432c-9537-4b9a9b47eba5.__CR0,0,1464,600_PT0_SX1464_V1___.jpg"
B0GWM467TJ,a_plus,14,"https://m.media-amazon.com/images/S/aplus-media-library-service-media/01fe7474-e0e6-4a09-8b1c-afee0bb41bf7.__CR0,0,800,600_PT0_SX800_V1___.jpg"
B0GWM467TJ,a_plus,15,"https://m.media-amazon.com/images/S/aplus-media-library-service-media/360d8b45-ea72-4479-a6b1-50e80130292d.__CR0,0,650,350_PT0_SX650_V1___.jpg"
B0GWM467TJ,a_plus,16,"https://m.media-amazon.com/images/S/aplus-media-library-service-media/d88958e1-67d5-4a4a-af8a-14ccbbd52885.__CR0,0,650,350_PT0_SX650_V1___.jpg"
B0GWM467TJ,a_plus,17,"https://m.media-amazon.com/images/S/aplus-media-library-service-media/dd946fa2-a9df-4519-bdf8-7adc2d8aa94e.__CR0,0,300,225_PT0_SX300_V1___.jpg"
B0GWM467TJ,a_plus,18,"https://m.media-amazon.com/images/S/aplus-media-library-service-media/ef3fafed-9a58-4c84-86fc-1eb091f46000.__CR0,0,300,225_PT0_SX300_V1___.jpg"
B0GWM467TJ,a_plus,19,"https://m.media-amazon.com/images/S/aplus-media-library-service-media/a16e844c-5c26-4935-b400-6953ab8e4ad6.__CR0,0,300,225_PT0_SX300_V1___.jpg"
B0GWM467TJ,a_plus,20,"https://m.media-amazon.com/images/S/aplus-media-library-service-media/34ea0840-3f35-4a96-ac29-c8c829e7a51a.__CR0,0,300,225_PT0_SX300_V1___.jpg"
B0GWM467TJ,a_plus,21,"https://m.media-amazon.com/images/S/aplus-media-library-service-media/9c48c361-13bc-48b5-b6d7-6bc56810ceb7.__CR0,0,300,225_PT0_SX300_V1___.jpg"
B0GWM467TJ,a_plus,22,"https://m.media-amazon.com/images/S/aplus-media-library-service-media/2420d9e2-0d58-43bb-9357-31b5566d24cc.__CR0,0,300,225_PT0_SX300_V1___.jpg"
B0GWM467TJ,a_plus,23,"https://m.media-amazon.com/images/S/aplus-media-library-service-media/5ab1bd22-0ec2-47fd-884a-2c24f34eb77c.__CR0,0,300,225_PT0_SX300_V1___.jpg"
B0GWM467TJ,a_plus,24,"https://m.media-amazon.com/images/S/aplus-media-library-service-media/2f7a15b2-1e9e-4a2f-9cf6-c3aa79f7fd1a.__CR0,0,300,225_PT0_SX300_V1___.jpg"
B0GWM467TJ,a_plus,25,"https://m.media-amazon.com/images/S/aplus-media-library-service-media/25b6b2fd-8a3b-45d7-95a2-630594a558e9.__CR0,0,1464,600_PT0_SX1464_V1___.jpg"
B08QM8VTMW,high_resolution,0,https://m.media-amazon.com/images/I/81N3UJM9X1L._AC_SL1500_.jpg
B08QM8VTMW,high_resolution,1,https://m.media-amazon.com/images/I/81uCGSrAk7L._AC_SL1500_.jpg
B08QM8VTMW,high_resolution,2,https://m.media-amazon.com/images/I/81sFiirZ7tL._AC_SL1500_.jpg
B08QM8VTMW,high_resolution,3,https://m.media-amazon.com/images/I/61gS5oj8hpL._AC_SL1500_.jpg
B08QM8VTMW,high_resolution,4,https://m.media-amazon.com/images/I/71vTv416-jL._AC_SL1500_.jpg
B08QM8VTMW,high_resolution,5,https://m.media-amazon.com/images/I/71fcDM45Q4L._AC_SL1500_.jpg
B08QM8VTMW,high_resolution,6,https://m.media-amazon.com/images/I/81c3RobFK3L._AC_SL1500_.jpg
B08QM8VTMW,high_resolution,7,https://m.media-amazon.com/images/I/71kjgoSEgVL._AC_SL1500_.jpg
B08QM8VTMW,high_resolution,8,https://m.media-amazon.com/images/I/91foA0oilIL._AC_SL1500_.jpg
B08QM8VTMW,high_resolution,9,https://m.media-amazon.com/images/I/81LC+gLPUJL._AC_SL1500_.jpg
B08QM8VTMW,high_resolution,10,https://m.media-amazon.com/images/I/81G2XxViC6L._AC_SL1500_.jpg
B08QM8VTMW,a_plus,0,"https://m.media-amazon.com/images/S/aplus-media-library-service-media/90791289-fe05-4df3-b849-be9f61602eb9.__CR0,0,1464,600_PT0_SX1464_V1___.jpg"
B08QM8VTMW,a_plus,1,"https://m.media-amazon.com/images/S/aplus-media-library-service-media/1f4bb83d-fcc3-461b-8d9d-c1dff8845cab.__CR0,0,1464,600_PT0_SX1464_V1___.jpg"
B08QM8VTMW,a_plus,2,"https://m.media-amazon.com/images/S/aplus-media-library-service-media/66088157-68e2-4cc1-bf1a-0658c9bee55d.__CR0,0,1464,600_PT0_SX1464_V1___.jpg"
B08QM8VTMW,a_plus,3,"https://m.media-amazon.com/images/S/aplus-media-library-service-media/b8ddfbc0-c9f8-4b3c-9796-01c5bde366c3.__CR0,0,1464,600_PT0_SX1464_V1___.jpg"
B08QM8VTMW,a_plus,4,"https://m.media-amazon.com/images/S/aplus-media-library-service-media/27ab54fd-6d37-4ba8-b37c-cfd5673f93c3.__CR0,0,1464,600_PT0_SX1464_V1___.jpg"
B08QM8VTMW,a_plus,5,"https://m.media-amazon.com/images/S/aplus-media-library-service-media/9b5eb743-8dfb-4675-89a6-5b3e3837f9b2.__CR0,0,1464,600_PT0_SX1464_V1___.jpg"
B08QM8VTMW,a_plus,6,"https://m.media-amazon.com/images/S/aplus-media-library-service-media/6c19b80b-d647-4fc4-884d-d7aee3d2ea60.__CR0,0,1464,600_PT0_SX1464_V1___.jpg"
B08QM8VTMW,a_plus,7,"https://m.media-amazon.com/images/S/aplus-media-library-service-media/90791289-fe05-4df3-b849-be9f61602eb9.__CR0,0,1464,600_PT0_SX1464_V1___.jpg"
B08QM8VTMW,a_plus,8,"https://m.media-amazon.com/images/S/aplus-media-library-service-media/1f4bb83d-fcc3-461b-8d9d-c1dff8845cab.__CR0,0,1464,600_PT0_SX1464_V1___.jpg"
B08QM8VTMW,a_plus,9,"https://m.media-amazon.com/images/S/aplus-media-library-service-media/66088157-68e2-4cc1-bf1a-0658c9bee55d.__CR0,0,1464,600_PT0_SX1464_V1___.jpg"
B08QM8VTMW,a_plus,10,"https://m.media-amazon.com/images/S/aplus-media-library-service-media/b8ddfbc0-c9f8-4b3c-9796-01c5bde366c3.__CR0,0,1464,600_PT0_SX1464_V1___.jpg"
B08QM8VTMW,a_plus,11,"https://m.media-amazon.com/images/S/aplus-media-library-service-media/27ab54fd-6d37-4ba8-b37c-cfd5673f93c3.__CR0,0,1464,600_PT0_SX1464_V1___.jpg"
B08QM8VTMW,a_plus,12,"https://m.media-amazon.com/images/S/aplus-media-library-service-media/9b5eb743-8dfb-4675-89a6-5b3e3837f9b2.__CR0,0,1464,600_PT0_SX1464_V1___.jpg"
B08QM8VTMW,a_plus,13,"https://m.media-amazon.com/images/S/aplus-media-library-service-media/6c19b80b-d647-4fc4-884d-d7aee3d2ea60.__CR0,0,1464,600_PT0_SX1464_V1___.jpg"
B08GYPL6X9,high_resolution,0,https://m.media-amazon.com/images/I/71N99Vn9rBL._AC_SL1500_.jpg
B08GYPL6X9,high_resolution,1,https://m.media-amazon.com/images/I/81+Y7atU0EL._AC_SL1500_.jpg
B08GYPL6X9,high_resolution,2,https://m.media-amazon.com/images/I/71Oeofi628L._AC_SL1500_.jpg
B08GYPL6X9,high_resolution,3,https://m.media-amazon.com/images/I/81R7Ld-gryL._AC_SL1500_.jpg
B08GYPL6X9,high_resolution,4,https://m.media-amazon.com/images/I/718KH36yWKL._AC_SL1500_.jpg
B08GYPL6X9,high_resolution,5,https://m.media-amazon.com/images/I/611+Cj+VDDL._AC_SL1500_.jpg
B08GYPL6X9,high_resolution,6,https://m.media-amazon.com/images/I/71NcjyEXntL._AC_SL1500_.jpg
B08GYPL6X9,high_resolution,7,https://m.media-amazon.com/images/I/81OS9J+iWKL._AC_SL1500_.jpg
B08GYPL6X9,high_resolution,8,https://m.media-amazon.com/images/I/71Baga4P9NL._AC_SL1500_.jpg
B08GYPL6X9,a_plus,0,"https://m.media-amazon.com/images/S/aplus-media-library-service-media/436ab729-3897-4fee-93cf-641831a2d4cb.__CR0,0,1464,600_PT0_SX1464_V1___.jpg"
B08GYPL6X9,a_plus,1,"https://m.media-amazon.com/images/S/aplus-media-library-service-media/bad44fd8-de84-4f2d-abc0-2490d8d2e539.__CR0,0,650,350_PT0_SX650_V1___.jpg"
B08GYPL6X9,a_plus,2,"https://m.media-amazon.com/images/S/aplus-media-library-service-media/0ab7e640-7e0b-41e6-86cf-08670102655e.__CR0,0,650,350_PT0_SX650_V1___.jpg"
B08GYPL6X9,a_plus,3,"https://m.media-amazon.com/images/S/aplus-media-library-service-media/2c3eb85f-71dc-4c57-b8ba-cb2d58863be2.__CR0,0,1464,600_PT0_SX1464_V1___.jpg"
B08GYPL6X9,a_plus,4,"https://m.media-amazon.com/images/S/aplus-media-library-service-media/436ab729-3897-4fee-93cf-641831a2d4cb.__CR0,0,1464,600_PT0_SX1464_V1___.jpg"
B08GYPL6X9,a_plus,5,"https://m.media-amazon.com/images/S/aplus-media-library-service-media/bad44fd8-de84-4f2d-abc0-2490d8d2e539.__CR0,0,650,350_PT0_SX650_V1___.jpg"
B08GYPL6X9,a_plus,6,"https://m.media-amazon.com/images/S/aplus-media-library-service-media/0ab7e640-7e0b-41e6-86cf-08670102655e.__CR0,0,650,350_PT0_SX650_V1___.jpg"
B08GYPL6X9,a_plus,7,"https://m.media-amazon.com/images/S/aplus-media-library-service-media/2c3eb85f-71dc-4c57-b8ba-cb2d58863be2.__CR0,0,1464,600_PT0_SX1464_V1___.jpg"
B0GHWMPHZZ,high_resolution,0,https://m.media-amazon.com/images/I/71JnfuQ+6EL._AC_SL1500_.jpg
B0GHWMPHZZ,high_resolution,1,https://m.media-amazon.com/images/I/61W1X-80GKL._AC_SL1477_.jpg
B0GHWMPHZZ,high_resolution,2,https://m.media-amazon.com/images/I/81R6ExxahsL._AC_SL1500_.jpg
B0GHWMPHZZ,high_resolution,3,https://m.media-amazon.com/images/I/71YVqGHv6UL._AC_SL1500_.jpg
B0GHWMPHZZ,high_resolution,4,https://m.media-amazon.com/images/I/813JweupyIL._AC_SL1500_.jpg
B0GHWMPHZZ,high_resolution,5,https://m.media-amazon.com/images/I/71eSsVG39bL._AC_SL1500_.jpg
B0GHWMPHZZ,high_resolution,6,https://m.media-amazon.com/images/I/71NVxgJQTAL._AC_SL1500_.jpg
B0GHWMPHZZ,high_resolution,7,https://m.media-amazon.com/images/I/712SYCVam+L._AC_SL1500_.jpg
B0GHWMPHZZ,a_plus,0,"https://m.media-amazon.com/images/S/aplus-media-library-service-media/3495848d-c5f7-4538-a06a-7da27867ad56.__CR0,0,1464,600_PT0_SX1464_V1___.jpg"
B0GHWMPHZZ,a_plus,1,"https://m.media-amazon.com/images/S/aplus-media-library-service-media/e425805a-6bf2-443b-a8e1-28294746b9ba.__CR0,0,1464,600_PT0_SX1464_V1___.jpg"
B0GHWMPHZZ,a_plus,2,"https://m.media-amazon.com/images/S/aplus-media-library-service-media/7888650f-5a20-483f-a3dd-ca2f847305ec.__CR0,0,1464,600_PT0_SX1464_V1___.jpg"
B0GHWMPHZZ,a_plus,3,"https://m.media-amazon.com/images/S/aplus-media-library-service-media/7fbe2a93-4ae0-4aba-b649-45f67e13b702.__CR0,0,1464,600_PT0_SX1464_V1___.jpg"
B0GHWMPHZZ,a_plus,4,"https://m.media-amazon.com/images/S/aplus-media-library-service-media/706856f5-246f-4a08-9efc-73baae49aed1.__CR0,0,1464,600_PT0_SX1464_V1___.jpg"
B0GHWMPHZZ,a_plus,5,"https://m.media-amazon.com/images/S/aplus-media-library-service-media/89cadabd-a86b-4b3c-a72c-2e608ff09e30.__CR0,0,1464,600_PT0_SX1464_V1___.jpg"
B0GHWMPHZZ,a_plus,6,"https://m.media-amazon.com/images/S/aplus-media-library-service-media/69ad6b4c-a4aa-4192-a85f-215ef3dab5da.__CR0,0,300,225_PT0_SX300_V1___.jpg"
B0GHWMPHZZ,a_plus,7,"https://m.media-amazon.com/images/S/aplus-media-library-service-media/20c49a92-c9f4-4524-b3a2-e70baf88700e.__CR0,0,300,225_PT0_SX300_V1___.jpg"
B0GHWMPHZZ,a_plus,8,"https://m.media-amazon.com/images/S/aplus-media-library-service-media/d1c3372d-f2be-4269-82b0-a70cca8300e3.__CR0,0,300,225_PT0_SX300_V1___.jpg"
B0GHWMPHZZ,a_plus,9,"https://m.media-amazon.com/images/S/aplus-media-library-service-media/e062a91a-c094-4b8a-9eb2-54b662398273.__CR0,0,300,225_PT0_SX300_V1___.jpg"
B0GHWMPHZZ,a_plus,10,"https://m.media-amazon.com/images/S/aplus-media-library-service-media/0e64fe11-7089-4322-85ab-0295a64a61c4.__CR0,0,300,225_PT0_SX300_V1___.jpg"
B0GHWMPHZZ,a_plus,11,"https://m.media-amazon.com/images/S/aplus-media-library-service-media/3e84538e-2774-4b57-9b6e-d1702ea7902b.__CR0,0,300,225_PT0_SX300_V1___.jpg"
B0GHWMPHZZ,a_plus,12,"https://m.media-amazon.com/images/S/aplus-media-library-service-media/2ee2f87e-a205-4748-be35-5c89df7d84db.__CR0,0,300,225_PT0_SX300_V1___.jpg"
B0GHWMPHZZ,a_plus,13,"https://m.media-amazon.com/images/S/aplus-media-library-service-media/01caa480-cfd3-4c01-a10c-1c87c59a290a.__CR0,0,300,225_PT0_SX300_V1___.jpg"
B0GHWMPHZZ,a_plus,14,"https://m.media-amazon.com/images/S/aplus-media-library-service-media/58984926-e4b7-443f-aa7e-fbbea262f723.__CR0,0,1464,600_PT0_SX1464_V1___.jpg"
B0GHWMPHZZ,a_plus,15,"https://m.media-amazon.com/images/S/aplus-media-library-service-media/eb38a5e7-fb13-4823-83a7-8242e31a8fa0.__CR0,0,1464,600_PT0_SX1464_V1___.jpg"
B0GHWMPHZZ,a_plus,16,"https://m.media-amazon.com/images/S/aplus-media-library-service-media/8cf898bd-6e96-4f79-b52c-6f7e559f347b.__CR0,0,1464,600_PT0_SX1464_V1___.jpg"
B0GHWMPHZZ,a_plus,17,"https://m.media-amazon.com/images/S/aplus-media-library-service-media/12713805-8c7f-4a82-a282-04eadb8a9a10.__CR0,0,1464,600_PT0_SX1464_V1___.jpg"
B0GHWMPHZZ,a_plus,18,"https://m.media-amazon.com/images/S/aplus-media-library-service-media/07880428-3179-4b7a-bc3b-74807e11da83.__CR0,0,1464,600_PT0_SX1464_V1___.jpg"
B0GHWMPHZZ,a_plus,19,"https://m.media-amazon.com/images/S/aplus-media-library-service-media/7888650f-5a20-483f-a3dd-ca2f847305ec.__CR0,0,1464,600_PT0_SX1464_V1___.jpg"
B0GHWMPHZZ,a_plus,20,"https://m.media-amazon.com/images/S/aplus-media-library-service-media/87c6f0d9-caee-4240-aed7-8ba15fa62bd8.__CR0,0,650,350_PT0_SX650_V1___.jpg"
B0GHWMPHZZ,a_plus,21,"https://m.media-amazon.com/images/S/aplus-media-library-service-media/ad7160d7-1967-4676-b7ff-e87442ca32e0.__CR0,0,650,350_PT0_SX650_V1___.jpg"
B0GHWMPHZZ,a_plus,22,"https://m.media-amazon.com/images/S/aplus-media-library-service-media/7fbe2a93-4ae0-4aba-b649-45f67e13b702.__CR0,0,1464,600_PT0_SX1464_V1___.jpg"
B0GHWMPHZZ,a_plus,23,"https://m.media-amazon.com/images/S/aplus-media-library-service-media/3495848d-c5f7-4538-a06a-7da27867ad56.__CR0,0,1464,600_PT0_SX1464_V1___.jpg"
B0GHWMPHZZ,a_plus,24,"https://m.media-amazon.com/images/S/aplus-media-library-service-media/e425805a-6bf2-443b-a8e1-28294746b9ba.__CR0,0,1464,600_PT0_SX1464_V1___.jpg"
B0GHWMPHZZ,a_plus,25,"https://m.media-amazon.com/images/S/aplus-media-library-service-media/7888650f-5a20-483f-a3dd-ca2f847305ec.__CR0,0,1464,600_PT0_SX1464_V1___.jpg"
B0GHWMPHZZ,a_plus,26,"https://m.media-amazon.com/images/S/aplus-media-library-service-media/7fbe2a93-4ae0-4aba-b649-45f67e13b702.__CR0,0,1464,600_PT0_SX1464_V1___.jpg"
B0GHWMPHZZ,a_plus,27,"https://m.media-amazon.com/images/S/aplus-media-library-service-media/706856f5-246f-4a08-9efc-73baae49aed1.__CR0,0,1464,600_PT0_SX1464_V1___.jpg"
B0GHWMPHZZ,a_plus,28,"https://m.media-amazon.com/images/S/aplus-media-library-service-media/89cadabd-a86b-4b3c-a72c-2e608ff09e30.__CR0,0,1464,600_PT0_SX1464_V1___.jpg"
B0GHWMPHZZ,a_plus,29,"https://m.media-amazon.com/images/S/aplus-media-library-service-media/69ad6b4c-a4aa-4192-a85f-215ef3dab5da.__CR0,0,300,225_PT0_SX300_V1___.jpg"
B0GHWMPHZZ,a_plus,30,"https://m.media-amazon.com/images/S/aplus-media-library-service-media/20c49a92-c9f4-4524-b3a2-e70baf88700e.__CR0,0,300,225_PT0_SX300_V1___.jpg"
B0GHWMPHZZ,a_plus,31,"https://m.media-amazon.com/images/S/aplus-media-library-service-media/d1c3372d-f2be-4269-82b0-a70cca8300e3.__CR0,0,300,225_PT0_SX300_V1___.jpg"
B0GHWMPHZZ,a_plus,32,"https://m.media-amazon.com/images/S/aplus-media-library-service-media/e062a91a-c094-4b8a-9eb2-54b662398273.__CR0,0,300,225_PT0_SX300_V1___.jpg"
B0GHWMPHZZ,a_plus,33,"https://m.media-amazon.com/images/S/aplus-media-library-service-media/0e64fe11-7089-4322-85ab-0295a64a61c4.__CR0,0,300,225_PT0_SX300_V1___.jpg"
B0GHWMPHZZ,a_plus,34,"https://m.media-amazon.com/images/S/aplus-media-library-service-media/3e84538e-2774-4b57-9b6e-d1702ea7902b.__CR0,0,300,225_PT0_SX300_V1___.jpg"
B0GHWMPHZZ,a_plus,35,"https://m.media-amazon.com/images/S/aplus-media-library-service-media/2ee2f87e-a205-4748-be35-5c89df7d84db.__CR0,0,300,225_PT0_SX300_V1___.jpg"
B0GHWMPHZZ,a_plus,36,"https://m.media-amazon.com/images/S/aplus-media-library-service-media/01caa480-cfd3-4c01-a10c-1c87c59a290a.__CR0,0,300,225_PT0_SX300_V1___.jpg"
B0GHWMPHZZ,a_plus,37,"https://m.media-amazon.com/images/S/aplus-media-library-service-media/58984926-e4b7-443f-aa7e-fbbea262f723.__CR0,0,1464,600_PT0_SX1464_V1___.jpg"
B0GHWMPHZZ,a_plus,38,"https://m.media-amazon.com/images/S/aplus-media-library-service-media/eb38a5e7-fb13-4823-83a7-8242e31a8fa0.__CR0,0,1464,600_PT0_SX1464_V1___.jpg"
B0GHWMPHZZ,a_plus,39,"https://m.media-amazon.com/images/S/aplus-media-library-service-media/8cf898bd-6e96-4f79-b52c-6f7e559f347b.__CR0,0,1464,600_PT0_SX1464_V1___.jpg"
B0GHWMPHZZ,a_plus,40,"https://m.media-amazon.com/images/S/aplus-media-library-service-media/12713805-8c7f-4a82-a282-04eadb8a9a10.__CR0,0,1464,600_PT0_SX1464_V1___.jpg"
B0GHWMPHZZ,a_plus,41,"https://m.media-amazon.com/images/S/aplus-media-library-service-media/07880428-3179-4b7a-bc3b-74807e11da83.__CR0,0,1464,600_PT0_SX1464_V1___.jpg"
B0GHWMPHZZ,a_plus,42,"https://m.media-amazon.com/images/S/aplus-media-library-service-media/7888650f-5a20-483f-a3dd-ca2f847305ec.__CR0,0,1464,600_PT0_SX1464_V1___.jpg"
B0GHWMPHZZ,a_plus,43,"https://m.media-amazon.com/images/S/aplus-media-library-service-media/87c6f0d9-caee-4240-aed7-8ba15fa62bd8.__CR0,0,650,350_PT0_SX650_V1___.jpg"
B0GHWMPHZZ,a_plus,44,"https://m.media-amazon.com/images/S/aplus-media-library-service-media/ad7160d7-1967-4676-b7ff-e87442ca32e0.__CR0,0,650,350_PT0_SX650_V1___.jpg"
B0GHWMPHZZ,a_plus,45,"https://m.media-amazon.com/images/S/aplus-media-library-service-media/7fbe2a93-4ae0-4aba-b649-45f67e13b702.__CR0,0,1464,600_PT0_SX1464_V1___.jpg"
B0F8N5NND2,high_resolution,0,https://m.media-amazon.com/images/I/717NWJulYPL._AC_SL1500_.jpg
B0F8N5NND2,high_resolution,1,https://m.media-amazon.com/images/I/91BW4xZMYPL._AC_SL1500_.jpg
B0F8N5NND2,high_resolution,2,https://m.media-amazon.com/images/I/71O5vHQKacL._AC_SL1500_.jpg
B0F8N5NND2,high_resolution,3,https://m.media-amazon.com/images/I/81PRIu-iGOL._AC_SL1500_.jpg
B0F8N5NND2,high_resolution,4,https://m.media-amazon.com/images/I/81Escyz535L._AC_SL1500_.jpg
B0F8N5NND2,high_resolution,5,https://m.media-amazon.com/images/I/916CoYN6j4L._AC_SL1500_.jpg
B0F8N5NND2,high_resolution,6,https://m.media-amazon.com/images/I/81+nNx9P31L._AC_SL1500_.jpg
B0F8N5NND2,a_plus,0,"https://m.media-amazon.com/images/S/aplus-media-library-service-media/821fc7f0-4f31-4b7e-a159-03a634fddcb5.__CR0,0,1464,600_PT0_SX1464_V1___.jpg"
B0F8N5NND2,a_plus,1,"https://m.media-amazon.com/images/S/aplus-media-library-service-media/95ed0b50-2957-48d2-955e-b1025fbe2b0b.__CR0,0,1464,600_PT0_SX1464_V1___.jpg"
B0F8N5NND2,a_plus,2,"https://m.media-amazon.com/images/S/aplus-media-library-service-media/214d946b-e849-4277-99fb-507c4b9dccdf.__CR0,0,1464,600_PT0_SX1464_V1___.jpg"
B0F8N5NND2,a_plus,3,"https://m.media-amazon.com/images/S/aplus-media-library-service-media/58bb4c04-03f0-44b6-8997-f5ebbce8da1d.__CR0,0,300,225_PT0_SX300_V1___.jpg"
B0F8N5NND2,a_plus,4,"https://m.media-amazon.com/images/S/aplus-media-library-service-media/260bebb6-3467-4f27-85f9-ab1c0b085c14.__CR0,0,300,225_PT0_SX300_V1___.jpg"
B0F8N5NND2,a_plus,5,"https://m.media-amazon.com/images/S/aplus-media-library-service-media/0b47f885-91cd-4675-9e36-0554e622a35a.__CR0,0,300,225_PT0_SX300_V1___.jpg"
B0F8N5NND2,a_plus,6,"https://m.media-amazon.com/images/S/aplus-media-library-service-media/45bf81c5-6181-464b-ae7e-f247f70b8c61.__CR0,0,300,225_PT0_SX300_V1___.jpg"
B0F8N5NND2,a_plus,7,"https://m.media-amazon.com/images/S/aplus-media-library-service-media/706ce652-3356-4ae6-9abd-eee4f6a5e965.__CR0,0,650,350_PT0_SX650_V1___.jpg"
B0F8N5NND2,a_plus,8,"https://m.media-amazon.com/images/S/aplus-media-library-service-media/397b1115-88f8-4de8-94ee-a4d7ad1df8e1.__CR0,0,650,350_PT0_SX650_V1___.jpg"
B0F8N5NND2,a_plus,9,"https://m.media-amazon.com/images/S/aplus-media-library-service-media/892f6382-d80d-4213-a5fc-4844e4e6f654.__CR0,0,1464,600_PT0_SX1464_V1___.jpg"
B0F8N5NND2,a_plus,10,"https://m.media-amazon.com/images/S/aplus-media-library-service-media/3d3c5e41-a1f5-4a76-bad4-6bdbd4e26a7c.__CR0,0,1464,600_PT0_SX1464_V1___.jpg"
B0F8N5NND2,a_plus,11,"https://m.media-amazon.com/images/S/aplus-media-library-service-media/94dff6a3-3312-4e9d-9836-d047f53b6f5f.__CR0,0,1464,600_PT0_SX1464_V1___.jpg"
B0F8N5NND2,a_plus,12,"https://m.media-amazon.com/images/S/aplus-media-library-service-media/72cdb787-9747-46a1-9f9c-d685fc1ce79e.__CR0,0,1464,600_PT0_SX1464_V1___.jpg"
B0F8N5NND2,a_plus,13,"https://m.media-amazon.com/images/S/aplus-media-library-service-media/27fabd29-bb40-41bc-afa8-3f8d122132b5.__CR0,0,1464,600_PT0_SX1464_V1___.jpg"
B0F8N5NND2,a_plus,14,"https://m.media-amazon.com/images/S/aplus-media-library-service-media/821fc7f0-4f31-4b7e-a159-03a634fddcb5.__CR0,0,1464,600_PT0_SX1464_V1___.jpg"
B0F8N5NND2,a_plus,15,"https://m.media-amazon.com/images/S/aplus-media-library-service-media/95ed0b50-2957-48d2-955e-b1025fbe2b0b.__CR0,0,1464,600_PT0_SX1464_V1___.jpg"
B0F8N5NND2,a_plus,16,"https://m.media-amazon.com/images/S/aplus-media-library-service-media/214d946b-e849-4277-99fb-507c4b9dccdf.__CR0,0,1464,600_PT0_SX1464_V1___.jpg"
B0F8N5NND2,a_plus,17,"https://m.media-amazon.com/images/S/aplus-media-library-service-media/58bb4c04-03f0-44b6-8997-f5ebbce8da1d.__CR0,0,300,225_PT0_SX300_V1___.jpg"
B0F8N5NND2,a_plus,18,"https://m.media-amazon.com/images/S/aplus-media-library-service-media/260bebb6-3467-4f27-85f9-ab1c0b085c14.__CR0,0,300,225_PT0_SX300_V1___.jpg"
B0F8N5NND2,a_plus,19,"https://m.media-amazon.com/images/S/aplus-media-library-service-media/0b47f885-91cd-4675-9e36-0554e622a35a.__CR0,0,300,225_PT0_SX300_V1___.jpg"
B0F8N5NND2,a_plus,20,"https://m.media-amazon.com/images/S/aplus-media-library-service-media/45bf81c5-6181-464b-ae7e-f247f70b8c61.__CR0,0,300,225_PT0_SX300_V1___.jpg"
B0F8N5NND2,a_plus,21,"https://m.media-amazon.com/images/S/aplus-media-library-service-media/706ce652-3356-4ae6-9abd-eee4f6a5e965.__CR0,0,650,350_PT0_SX650_V1___.jpg"
B0F8N5NND2,a_plus,22,"https://m.media-amazon.com/images/S/aplus-media-library-service-media/397b1115-88f8-4de8-94ee-a4d7ad1df8e1.__CR0,0,650,350_PT0_SX650_V1___.jpg"
B0F8N5NND2,a_plus,23,"https://m.media-amazon.com/images/S/aplus-media-library-service-media/892f6382-d80d-4213-a5fc-4844e4e6f654.__CR0,0,1464,600_PT0_SX1464_V1___.jpg"
B0F8N5NND2,a_plus,24,"https://m.media-amazon.com/images/S/aplus-media-library-service-media/3d3c5e41-a1f5-4a76-bad4-6bdbd4e26a7c.__CR0,0,1464,600_PT0_SX1464_V1___.jpg"
B0F8N5NND2,a_plus,25,"https://m.media-amazon.com/images/S/aplus-media-library-service-media/94dff6a3-3312-4e9d-9836-d047f53b6f5f.__CR0,0,1464,600_PT0_SX1464_V1___.jpg"
B0F8N5NND2,a_plus,26,"https://m.media-amazon.com/images/S/aplus-media-library-service-media/72cdb787-9747-46a1-9f9c-d685fc1ce79e.__CR0,0,1464,600_PT0_SX1464_V1___.jpg"
B0F8N5NND2,a_plus,27,"https://m.media-amazon.com/images/S/aplus-media-library-service-media/27fabd29-bb40-41bc-afa8-3f8d122132b5.__CR0,0,1464,600_PT0_SX1464_V1___.jpg"
B08H254XCB,high_resolution,0,https://m.media-amazon.com/images/I/81iD7J4EuXL._AC_SL1500_.jpg
B08H254XCB,high_resolution,1,https://m.media-amazon.com/images/I/51xy2IQXhLL._AC_SL1500_.jpg
B08H254XCB,high_resolution,2,https://m.media-amazon.com/images/I/51a0emG1pSL._AC_SL1500_.jpg
B08H254XCB,high_resolution,3,https://m.media-amazon.com/images/I/512VJ9HrFdL._AC_SL1100_.jpg
B08H254XCB,high_resolution,4,https://m.media-amazon.com/images/I/61r74TSqgvL._AC_SL1500_.jpg
B08H254XCB,high_resolution,5,https://m.media-amazon.com/images/I/71x67Pg5SXL._AC_SL1500_.jpg
B08H254XCB,high_resolution,6,https://m.media-amazon.com/images/I/51YChpnlPdL._AC_SL1500_.jpg
B08H254XCB,high_resolution,7,https://m.media-amazon.com/images/I/61Zn31vYiJL._AC_SL1500_.jpg
B08H254XCB,high_resolution,8,https://m.media-amazon.com/images/I/61lKH-OWXqL._AC_SL1200_.jpg
B08H254XCB,a_plus,0,"https://m.media-amazon.com/images/S/aplus-media-library-service-media/f89bf815-2fe9-49e8-96de-8e2daed05369.__CR0,22,600,180_PT0_SX600_V1___.jpg"
B08H254XCB,a_plus,1,"https://m.media-amazon.com/images/S/aplus-media-library-service-media/b3d98a95-a50b-41b3-ad0d-194127b3497c.__CR0,576,1800,1113_PT0_SX970_V1___.jpg"
B08H254XCB,a_plus,2,"https://m.media-amazon.com/images/S/aplus-media-library-service-media/cce558bf-ac59-40db-b3ee-4b3ded07463b.__CR0,0,1500,1500_PT0_SX300_V1___.jpg"
B08H254XCB,a_plus,3,"https://m.media-amazon.com/images/S/aplus-media-library-service-media/4121ba76-6dcb-453c-bbd0-d414cdfae552.__CR0,0,300,300_PT0_SX300_V1___.jpg"
B08H254XCB,a_plus,4,"https://m.media-amazon.com/images/S/aplus-media-library-service-media/f40da35b-221d-4722-b628-02da026e059e.__CR0,0,1500,1500_PT0_SX300_V1___.jpg"
B08H254XCB,a_plus,5,"https://m.media-amazon.com/images/S/aplus-media-library-service-media/1e1f73a6-4651-4913-ad30-f9f9c0db8423.__CR0,0,1500,1500_PT0_SX300_V1___.jpg"
B08H254XCB,a_plus,6,"https://m.media-amazon.com/images/S/aplus-media-library-service-media/cce558bf-ac59-40db-b3ee-4b3ded07463b.__CR0,0,1500,1500_PT0_SX300_V1___.jpg"
B08H254XCB,a_plus,7,"https://m.media-amazon.com/images/S/aplus-media-library-service-media/4121ba76-6dcb-453c-bbd0-d414cdfae552.__CR0,0,300,300_PT0_SX300_V1___.jpg"
B08H254XCB,a_plus,8,"https://m.media-amazon.com/images/S/aplus-media-library-service-media/f40da35b-221d-4722-b628-02da026e059e.__CR0,0,1500,1500_PT0_SX300_V1___.jpg"
B08H254XCB,a_plus,9,"https://m.media-amazon.com/images/S/aplus-media-library-service-media/1e1f73a6-4651-4913-ad30-f9f9c0db8423.__CR0,0,1500,1500_PT0_SX300_V1___.jpg"
B08H254XCB,a_plus,10,"https://m.media-amazon.com/images/S/aplus-media-library-service-media/7a49030d-05a9-4875-84c2-a59e52cbabca.__CR0,0,1200,1200_PT0_SX300_V1___.png"
B08H254XCB,a_plus,11,"https://m.media-amazon.com/images/S/aplus-media-library-service-media/2179b1ef-57b6-4ddd-aa89-14d95bd82128.__CR0,0,1200,1200_PT0_SX300_V1___.jpg"
B08H254XCB,a_plus,12,"https://m.media-amazon.com/images/S/aplus-media-library-service-media/579bc3c0-c430-44a2-b60c-1bb073de60c1.__CR3,0,964,964_PT0_SX300_V1___.jpg"
B08H254XCB,a_plus,13,"https://m.media-amazon.com/images/S/aplus-media-library-service-media/7b766934-2ae1-4e4e-96c3-e564fd84d018.__CR0,0,500,500_PT0_SX300_V1___.jpg"
B08H254XCB,a_plus,14,"https://m.media-amazon.com/images/S/aplus-media-library-service-media/7a49030d-05a9-4875-84c2-a59e52cbabca.__CR0,0,1200,1200_PT0_SX300_V1___.png"
B08H254XCB,a_plus,15,"https://m.media-amazon.com/images/S/aplus-media-library-service-media/2179b1ef-57b6-4ddd-aa89-14d95bd82128.__CR0,0,1200,1200_PT0_SX300_V1___.jpg"
B08H254XCB,a_plus,16,"https://m.media-amazon.com/images/S/aplus-media-library-service-media/579bc3c0-c430-44a2-b60c-1bb073de60c1.__CR3,0,964,964_PT0_SX300_V1___.jpg"
B08H254XCB,a_plus,17,"https://m.media-amazon.com/images/S/aplus-media-library-service-media/7b766934-2ae1-4e4e-96c3-e564fd84d018.__CR0,0,500,500_PT0_SX300_V1___.jpg"
B08H254XCB,a_plus,18,"https://m.media-amazon.com/images/S/aplus-media-library-service-media/c09a038d-afe4-42b2-b8a5-8e3fba8e6a03.__CR0,298,1000,619_PT0_SX970_V1___.jpg"
B08H254XCB,a_plus,19,"https://m.media-amazon.com/images/S/aplus-media-library-service-media/5409565b-44ca-4541-9094-2bf5f3e61cf7.__CR0,0,970,600_PT0_SX970_V1___.jpg"
B08H254XCB,a_plus,20,"https://m.media-amazon.com/images/S/aplus-media-library-service-media/f89bf815-2fe9-49e8-96de-8e2daed05369.__CR0,22,600,180_PT0_SX600_V1___.jpg"
B08H254XCB,a_plus,21,"https://m.media-amazon.com/images/S/aplus-media-library-service-media/b3d98a95-a50b-41b3-ad0d-194127b3497c.__CR0,576,1800,1113_PT0_SX970_V1___.jpg"
B08H254XCB,a_plus,22,"https://m.media-amazon.com/images/S/aplus-media-library-service-media/cce558bf-ac59-40db-b3ee-4b3ded07463b.__CR0,0,1500,1500_PT0_SX300_V1___.jpg"
B08H254XCB,a_plus,23,"https://m.media-amazon.com/images/S/aplus-media-library-service-media/4121ba76-6dcb-453c-bbd0-d414cdfae552.__CR0,0,300,300_PT0_SX300_V1___.jpg"
B08H254XCB,a_plus,24,"https://m.media-amazon.com/images/S/aplus-media-library-service-media/f40da35b-221d-4722-b628-02da026e059e.__CR0,0,1500,1500_PT0_SX300_V1___.jpg"
B08H254XCB,a_plus,25,"https://m.media-amazon.com/images/S/aplus-media-library-service-media/1e1f73a6-4651-4913-ad30-f9f9c0db8423.__CR0,0,1500,1500_PT0_SX300_V1___.jpg"
B08H254XCB,a_plus,26,"https://m.media-amazon.com/images/S/aplus-media-library-service-media/7a49030d-05a9-4875-84c2-a59e52cbabca.__CR0,0,1200,1200_PT0_SX300_V1___.png"
B08H254XCB,a_plus,27,"https://m.media-amazon.com/images/S/aplus-media-library-service-media/2179b1ef-57b6-4ddd-aa89-14d95bd82128.__CR0,0,1200,1200_PT0_SX300_V1___.jpg"
B08H254XCB,a_plus,28,"https://m.media-amazon.com/images/S/aplus-media-library-service-media/579bc3c0-c430-44a2-b60c-1bb073de60c1.__CR3,0,964,964_PT0_SX300_V1___.jpg"
B08H254XCB,a_plus,29,"https://m.media-amazon.com/images/S/aplus-media-library-service-media/7b766934-2ae1-4e4e-96c3-e564fd84d018.__CR0,0,500,500_PT0_SX300_V1___.jpg"
B08H254XCB,a_plus,30,"https://m.media-amazon.com/images/S/aplus-media-library-service-media/c09a038d-afe4-42b2-b8a5-8e3fba8e6a03.__CR0,298,1000,619_PT0_SX970_V1___.jpg"
B08H254XCB,a_plus,31,"https://m.media-amazon.com/images/S/aplus-media-library-service-media/5409565b-44ca-4541-9094-2bf5f3e61cf7.__CR0,0,970,600_PT0_SX970_V1___.jpg"
B0C7KC7R6Y,high_resolution,0,https://m.media-amazon.com/images/I/71bfbAh6c2L._AC_SL1500_.jpg
B0C7KC7R6Y,high_resolution,1,https://m.media-amazon.com/images/I/61Vlfr3PtdL._AC_SL1500_.jpg
B0C7KC7R6Y,high_resolution,2,https://m.media-amazon.com/images/I/71PtfbqpWyL._AC_SL1500_.jpg
B0C7KC7R6Y,high_resolution,3,https://m.media-amazon.com/images/I/714KPh8HZwL._AC_SL1500_.jpg
B0C7KC7R6Y,high_resolution,4,https://m.media-amazon.com/images/I/71jd9UX0JgL._AC_SL1500_.jpg
B0C7KC7R6Y,high_resolution,5,https://m.media-amazon.com/images/I/61G5XlBsGYL._AC_SL1500_.jpg
B0C7KC7R6Y,high_resolution,6,https://m.media-amazon.com/images/I/51RvJYB1YNL._AC_SL1500_.jpg
B0C7KC7R6Y,high_resolution,7,https://m.media-amazon.com/images/I/51JKBQ2bIcL._AC_SL1500_.jpg
B0C7KC7R6Y,high_resolution,8,https://m.media-amazon.com/images/I/61J2nFOeZXL._AC_SL1500_.jpg
B0C7KC7R6Y,a_plus,0,"https://m.media-amazon.com/images/S/aplus-media-library-service-media/32428fef-8eb5-40d5-9cc5-bba7192ce1a3.__CR0,0,1464,600_PT0_SX1464_V1___.jpg"
B0C7KC7R6Y,a_plus,1,"https://m.media-amazon.com/images/S/aplus-media-library-service-media/46fc0117-82da-4c0a-b87a-0422c5917096.__CR0,0,650,350_PT0_SX650_V1___.jpg"
B0C7KC7R6Y,a_plus,2,"https://m.media-amazon.com/images/S/aplus-media-library-service-media/e2ea2184-3a31-4b3a-9247-417effabe868.__CR0,0,650,350_PT0_SX650_V1___.jpg"
B0C7KC7R6Y,a_plus,3,"https://m.media-amazon.com/images/S/aplus-media-library-service-media/6948fca0-1077-4275-a066-4f478838e096.__CR0,0,300,225_PT0_SX300_V1___.jpg"
B0C7KC7R6Y,a_plus,4,"https://m.media-amazon.com/images/S/aplus-media-library-service-media/dad1ce17-a416-4a20-8892-6281b6f17f04.__CR0,0,300,225_PT0_SX300_V1___.jpg"
B0C7KC7R6Y,a_plus,5,"https://m.media-amazon.com/images/S/aplus-media-library-service-media/178cc893-195f-43fd-af4d-74dcc080b6fe.__CR0,0,300,225_PT0_SX300_V1___.jpg"
B0C7KC7R6Y,a_plus,6,"https://m.media-amazon.com/images/S/aplus-media-library-service-media/92e2dc97-f218-4269-a6fb-4bb7f06eff7a.__CR0,0,300,225_PT0_SX300_V1___.jpg"
B0C7KC7R6Y,a_plus,7,"https://m.media-amazon.com/images/S/aplus-media-library-service-media/9284644c-f541-4ada-98a0-0f61caa969ab.__CR0,0,300,225_PT0_SX300_V1___.jpg"
B0C7KC7R6Y,a_plus,8,"https://m.media-amazon.com/images/S/aplus-media-library-service-media/f603b049-dafc-4608-9456-351a70e49999.__CR0,0,300,225_PT0_SX300_V1___.jpg"
B0C7KC7R6Y,a_plus,9,"https://m.media-amazon.com/images/S/aplus-media-library-service-media/9ea6cbb9-2e9d-494e-a4e9-7f90b9784d3d.__CR0,0,300,225_PT0_SX300_V1___.jpg"
B0C7KC7R6Y,a_plus,10,"https://m.media-amazon.com/images/S/aplus-media-library-service-media/23f9d476-f499-4948-a961-120f99bbc4dc.__CR0,0,300,225_PT0_SX300_V1___.jpg"
B0C7KC7R6Y,a_plus,11,"https://m.media-amazon.com/images/S/aplus-media-library-service-media/32428fef-8eb5-40d5-9cc5-bba7192ce1a3.__CR0,0,1464,600_PT0_SX1464_V1___.jpg"
B0C7KC7R6Y,a_plus,12,"https://m.media-amazon.com/images/S/aplus-media-library-service-media/46fc0117-82da-4c0a-b87a-0422c5917096.__CR0,0,650,350_PT0_SX650_V1___.jpg"
B0C7KC7R6Y,a_plus,13,"https://m.media-amazon.com/images/S/aplus-media-library-service-media/e2ea2184-3a31-4b3a-9247-417effabe868.__CR0,0,650,350_PT0_SX650_V1___.jpg"
B0C7KC7R6Y,a_plus,14,"https://m.media-amazon.com/images/S/aplus-media-library-service-media/6948fca0-1077-4275-a066-4f478838e096.__CR0,0,300,225_PT0_SX300_V1___.jpg"
B0C7KC7R6Y,a_plus,15,"https://m.media-amazon.com/images/S/aplus-media-library-service-media/dad1ce17-a416-4a20-8892-6281b6f17f04.__CR0,0,300,225_PT0_SX300_V1___.jpg"
B0C7KC7R6Y,a_plus,16,"https://m.media-amazon.com/images/S/aplus-media-library-service-media/178cc893-195f-43fd-af4d-74dcc080b6fe.__CR0,0,300,225_PT0_SX300_V1___.jpg"
B0C7KC7R6Y,a_plus,17,"https://m.media-amazon.com/images/S/aplus-media-library-service-media/92e2dc97-f218-4269-a6fb-4bb7f06eff7a.__CR0,0,300,225_PT0_SX300_V1___.jpg"
B0C7KC7R6Y,a_plus,18,"https://m.media-amazon.com/images/S/aplus-media-library-service-media/9284644c-f541-4ada-98a0-0f61caa969ab.__CR0,0,300,225_PT0_SX300_V1___.jpg"
B0C7KC7R6Y,a_plus,19,"https://m.media-amazon.com/images/S/aplus-media-library-service-media/f603b049-dafc-4608-9456-351a70e49999.__CR0,0,300,225_PT0_SX300_V1___.jpg"
B0C7KC7R6Y,a_plus,20,"https://m.media-amazon.com/images/S/aplus-media-library-service-media/9ea6cbb9-2e9d-494e-a4e9-7f90b9784d3d.__CR0,0,300,225_PT0_SX300_V1___.jpg"
B0C7KC7R6Y,a_plus,21,"https://m.media-amazon.com/images/S/aplus-media-library-service-media/23f9d476-f499-4948-a961-120f99bbc4dc.__CR0,0,300,225_PT0_SX300_V1___.jpg"
B079DT9THL,high_resolution,0,https://m.media-amazon.com/images/I/61Xyph9sPFL._AC_SL1500_.jpg
B079DT9THL,high_resolution,1,https://m.media-amazon.com/images/I/71aGnFdMQWL._AC_SL1500_.jpg
B079DT9THL,high_resolution,2,https://m.media-amazon.com/images/I/61ZWNvRU58L._AC_SL1500_.jpg
B079DT9THL,high_resolution,3,https://m.media-amazon.com/images/I/61xsZKHGvfL._AC_SL1500_.jpg
B079DT9THL,high_resolution,4,https://m.media-amazon.com/images/I/619Ch4kh+UL._AC_SL1500_.jpg
B079DT9THL,high_resolution,5,https://m.media-amazon.com/images/I/6104qxmMBnL._AC_SL1500_.jpg
B079DT9THL,high_resolution,6,https://m.media-amazon.com/images/I/71V9zjBfboL._AC_SL1500_.jpg
B079DT9THL,a_plus,0,"https://m.media-amazon.com/images/S/aplus-media-library-service-media/cf28cf2f-b40f-4af4-b384-4b47c7f3e9eb.__CR0,0,970,600_PT0_SX970_V1___.jpg"
B079DT9THL,a_plus,1,"https://m.media-amazon.com/images/S/aplus-media-library-service-media/6d0bc3e6-53d6-4e25-b447-e0851ed3c51d.__CR0,0,300,300_PT0_SX300_V1___.jpg"
B079DT9THL,a_plus,2,"https://m.media-amazon.com/images/S/aplus-media-library-service-media/b76f1511-867e-471e-84eb-265198f2d8c1.__CR0,0,300,300_PT0_SX220_V1___.jpg"
B079DT9THL,a_plus,3,"https://m.media-amazon.com/images/S/aplus-media-library-service-media/8911562a-6b4f-4d47-8b39-28fea6b76c18.__CR0,0,300,300_PT0_SX220_V1___.jpg"
B079DT9THL,a_plus,4,"https://m.media-amazon.com/images/S/aplus-media-library-service-media/fbb3d7e7-bbc9-4f30-afb5-755805574327.__CR0,0,300,300_PT0_SX220_V1___.jpg"
B079DT9THL,a_plus,5,"https://m.media-amazon.com/images/S/aplus-media-library-service-media/aa07e122-fa0f-47cc-8cae-f4eac5ea12b2.__CR0,0,300,300_PT0_SX220_V1___.jpg"
B079DT9THL,a_plus,6,"https://m.media-amazon.com/images/S/aplus-media-library-service-media/8ff0386d-7a5b-4509-8264-27b9c34a32e5.__AC_SR150,300___.jpg"
B079DT9THL,a_plus,7,"https://m.media-amazon.com/images/S/aplus-media-library-service-media/10a14ac5-0384-46a5-a23c-a8c3ffc630e7.__AC_SR150,300___.jpg"
B079DT9THL,a_plus,8,"https://m.media-amazon.com/images/S/aplus-media-library-service-media/1e2f0e4f-452c-483f-8a48-6f7f8ca6d2c1.__AC_SR150,300___.jpg"
B079DT9THL,a_plus,9,"https://m.media-amazon.com/images/S/aplus-media-library-service-media/81ca7802-b5ea-4eef-8c8c-0773ac631254.__AC_SR150,300___.jpg"
B079DT9THL,a_plus,10,"https://m.media-amazon.com/images/S/aplus-media-library-service-media/cf12f642-58a5-4650-ae9e-08289b4af9d7.__AC_SR150,300___.jpg"
B079DT9THL,a_plus,11,"https://m.media-amazon.com/images/S/aplus-media-library-service-media/e4b38624-5e03-443e-b40f-b044b8b7b10a.__AC_SR150,300___.jpg"
B079DT9THL,a_plus,12,"https://m.media-amazon.com/images/S/aplus-media-library-service-media/cf28cf2f-b40f-4af4-b384-4b47c7f3e9eb.__CR0,0,970,600_PT0_SX970_V1___.jpg"
B079DT9THL,a_plus,13,"https://m.media-amazon.com/images/S/aplus-media-library-service-media/6d0bc3e6-53d6-4e25-b447-e0851ed3c51d.__CR0,0,300,300_PT0_SX300_V1___.jpg"
B079DT9THL,a_plus,14,"https://m.media-amazon.com/images/S/aplus-media-library-service-media/b76f1511-867e-471e-84eb-265198f2d8c1.__CR0,0,300,300_PT0_SX220_V1___.jpg"
B079DT9THL,a_plus,15,"https://m.media-amazon.com/images/S/aplus-media-library-service-media/8911562a-6b4f-4d47-8b39-28fea6b76c18.__CR0,0,300,300_PT0_SX220_V1___.jpg"
B079DT9THL,a_plus,16,"https://m.media-amazon.com/images/S/aplus-media-library-service-media/fbb3d7e7-bbc9-4f30-afb5-755805574327.__CR0,0,300,300_PT0_SX220_V1___.jpg"
B079DT9THL,a_plus,17,"https://m.media-amazon.com/images/S/aplus-media-library-service-media/aa07e122-fa0f-47cc-8cae-f4eac5ea12b2.__CR0,0,300,300_PT0_SX220_V1___.jpg"
B079DT9THL,a_plus,18,"https://m.media-amazon.com/images/S/aplus-media-library-service-media/8ff0386d-7a5b-4509-8264-27b9c34a32e5.__AC_SR150,300___.jpg"
B079DT9THL,a_plus,19,https://www.amazon.de/dp/B09ZYG4NHN?ref=emc_s_m_5_i_atc
B079DT9THL,a_plus,20,"https://m.media-amazon.com/images/S/aplus-media-library-service-media/10a14ac5-0384-46a5-a23c-a8c3ffc630e7.__AC_SR150,300___.jpg"
B079DT9THL,a_plus,21,https://www.amazon.de/dp/B0B3J8XCF1?ref=emc_s_m_5_i_atc
B079DT9THL,a_plus,22,"https://m.media-amazon.com/images/S/aplus-media-library-service-media/1e2f0e4f-452c-483f-8a48-6f7f8ca6d2c1.__AC_SR150,300___.jpg"
B079DT9THL,a_plus,23,https://www.amazon.de/dp/B073ZBGVJQ?ref=emc_s_m_5_i_atc
B079DT9THL,a_plus,24,"https://m.media-amazon.com/images/S/aplus-media-library-service-media/81ca7802-b5ea-4eef-8c8c-0773ac631254.__AC_SR150,300___.jpg"
B079DT9THL,a_plus,25,https://www.amazon.de/dp/B0DPL72S2T?ref=emc_s_m_5_i_atc
B079DT9THL,a_plus,26,"https://m.media-amazon.com/images/S/aplus-media-library-service-media/cf12f642-58a5-4650-ae9e-08289b4af9d7.__AC_SR150,300___.jpg"
B079DT9THL,a_plus,27,https://www.amazon.de/dp/B0D8VYHJPC?ref=emc_s_m_5_i_atc
B079DT9THL,a_plus,28,"https://m.media-amazon.com/images/S/aplus-media-library-service-media/e4b38624-5e03-443e-b40f-b044b8b7b10a.__AC_SR150,300___.jpg"
B079DT9THL,a_plus,29,https://www.amazon.de/dp/B0CG9HS4R1?ref=emc_s_m_5_i_atc
B0CP26X29W,high_resolution,0,https://m.media-amazon.com/images/I/518VhQbBE+L._AC_SL1000_.jpg
B0CP26X29W,high_resolution,1,https://m.media-amazon.com/images/I/81kIv8cPH8L._AC_SL1500_.jpg
B0CP26X29W,high_resolution,2,https://m.media-amazon.com/images/I/51G7mUN4UmL._AC_SL1000_.jpg
B0CP26X29W,high_resolution,3,https://m.media-amazon.com/images/I/61Z8BokReZL._AC_SL1500_.jpg
B0CP26X29W,high_resolution,4,https://m.media-amazon.com/images/I/51NOLyAZYmL._AC_SL1000_.jpg
B0CP26X29W,high_resolution,5,https://m.media-amazon.com/images/I/81mx+RRQzPL._AC_SL1500_.jpg
B0CP26X29W,high_resolution,6,https://m.media-amazon.com/images/I/71xrOvwYppL._AC_SL1500_.jpg
B0CP26X29W,high_resolution,7,https://m.media-amazon.com/images/I/71ITz4vJfAL._AC_SL1500_.jpg
B0CP26X29W,high_resolution,8,https://m.media-amazon.com/images/I/71I0vg2MnCL._AC_SL1500_.jpg
B0CP26X29W,a_plus,0,"https://m.media-amazon.com/images/S/aplus-media-library-service-media/d9cd2f12-099d-4d5c-a37e-378f2cf323b7.__CR0,0,1464,600_PT0_SX1464_V1___.png"
B0CP26X29W,a_plus,1,"https://m.media-amazon.com/images/S/aplus-media-library-service-media/554abbc1-31b1-4c64-91ea-ed32102b71ce.__CR0,0,1464,600_PT0_SX1464_V1___.jpg"
B0CP26X29W,a_plus,2,"https://m.media-amazon.com/images/S/aplus-media-library-service-media/5faa1c4d-4447-4523-be19-8fd948928ffc.__CR0,0,1464,600_PT0_SX1464_V1___.jpg"
B0CP26X29W,a_plus,3,"https://m.media-amazon.com/images/S/aplus-media-library-service-media/caf22814-d41a-424a-ae1c-313eb35fa3f6.__CR0,0,300,225_PT0_SX300_V1___.jpg"
B0CP26X29W,a_plus,4,"https://m.media-amazon.com/images/S/aplus-media-library-service-media/68adbbcc-2e19-4def-8190-26f10f8f90e3.__CR0,0,300,225_PT0_SX300_V1___.jpg"
B0CP26X29W,a_plus,5,"https://m.media-amazon.com/images/S/aplus-media-library-service-media/3b2dd90e-445d-4e39-9eb8-512e73e6a721.__CR0,0,300,225_PT0_SX300_V1___.jpg"
B0CP26X29W,a_plus,6,"https://m.media-amazon.com/images/S/aplus-media-library-service-media/544eda12-0934-4dc0-9e05-1d3640766418.__CR0,0,300,225_PT0_SX300_V1___.jpg"
B0CP26X29W,a_plus,7,"https://m.media-amazon.com/images/I/41Cs8rpD6AL.__AC_SR200,225___.jpg"
B0CP26X29W,a_plus,8,"https://m.media-amazon.com/images/I/31h%2B7yoSSgL.__AC_SR200,225___.jpg"
B0CP26X29W,a_plus,9,"https://m.media-amazon.com/images/I/41DBgiuflEL.__AC_SR200,225___.jpg"
B0CP26X29W,a_plus,10,"https://m.media-amazon.com/images/I/41koNlh7DDL.__AC_SR200,225___.jpg"
B0CP26X29W,a_plus,11,"https://m.media-amazon.com/images/I/41T4GNbY76L.__AC_SR200,225___.jpg"
B0CP26X29W,a_plus,12,"https://m.media-amazon.com/images/I/31PrcXzW-XL.__AC_SR200,225___.jpg"
B0CP26X29W,a_plus,13,"https://m.media-amazon.com/images/S/aplus-media-library-service-media/d9cd2f12-099d-4d5c-a37e-378f2cf323b7.__CR0,0,1464,600_PT0_SX1464_V1___.png"
B0CP26X29W,a_plus,14,"https://m.media-amazon.com/images/S/aplus-media-library-service-media/554abbc1-31b1-4c64-91ea-ed32102b71ce.__CR0,0,1464,600_PT0_SX1464_V1___.jpg"
B0CP26X29W,a_plus,15,"https://m.media-amazon.com/images/S/aplus-media-library-service-media/5faa1c4d-4447-4523-be19-8fd948928ffc.__CR0,0,1464,600_PT0_SX1464_V1___.jpg"
B0CP26X29W,a_plus,16,"https://m.media-amazon.com/images/S/aplus-media-library-service-media/caf22814-d41a-424a-ae1c-313eb35fa3f6.__CR0,0,300,225_PT0_SX300_V1___.jpg"
B0CP26X29W,a_plus,17,"https://m.media-amazon.com/images/S/aplus-media-library-service-media/68adbbcc-2e19-4def-8190-26f10f8f90e3.__CR0,0,300,225_PT0_SX300_V1___.jpg"
B0CP26X29W,a_plus,18,"https://m.media-amazon.com/images/S/aplus-media-library-service-media/3b2dd90e-445d-4e39-9eb8-512e73e6a721.__CR0,0,300,225_PT0_SX300_V1___.jpg"
B0CP26X29W,a_plus,19,"https://m.media-amazon.com/images/S/aplus-media-library-service-media/544eda12-0934-4dc0-9e05-1d3640766418.__CR0,0,300,225_PT0_SX300_V1___.jpg"
B0CV52J8FT,high_resolution,0,https://m.media-amazon.com/images/I/61hl2+4j27L._AC_SL1500_.jpg
B0CV52J8FT,high_resolution,1,https://m.media-amazon.com/images/I/7147MMMQ5kL._AC_SL1500_.jpg
B0CV52J8FT,high_resolution,2,https://m.media-amazon.com/images/I/51I0wU+vYqL._AC_SL1500_.jpg
B0CV52J8FT,high_resolution,3,https://m.media-amazon.com/images/I/71aZIOyS36L._AC_SL1500_.jpg
B0CV52J8FT,high_resolution,4,https://m.media-amazon.com/images/I/71jIbzFJ1+L._AC_SL1500_.jpg
B0CV52J8FT,high_resolution,5,https://m.media-amazon.com/images/I/61c7J1sFjkL._AC_SL1500_.jpg
B0CV52J8FT,high_resolution,6,https://m.media-amazon.com/images/I/71ZyCCCwKxL._AC_SL1500_.jpg
B0CV52J8FT,high_resolution,7,https://m.media-amazon.com/images/I/71TlvDsilNL._AC_SL1500_.jpg
B0CV52J8FT,high_resolution,8,https://m.media-amazon.com/images/I/7131HZeSVSL._AC_SL1500_.jpg
B0CV52J8FT,a_plus,0,"https://m.media-amazon.com/images/S/aplus-media-library-service-media/318e8b3e-df2c-4ad2-905e-8662df6ea201.__CR0,0,1464,600_PT0_SX1464_V1___.jpg"
B0CV52J8FT,a_plus,1,"https://m.media-amazon.com/images/S/aplus-media-library-service-media/7046c90d-5a2b-421c-8ef9-6fefdb2b982f.__CR0,0,1464,600_PT0_SX1464_V1___.jpg"
B0CV52J8FT,a_plus,2,"https://m.media-amazon.com/images/S/aplus-media-library-service-media/5998d3a9-7b00-400e-9aab-0eabdc724977.__CR0,0,1464,600_PT0_SX1464_V1___.jpg"
B0CV52J8FT,a_plus,3,"https://m.media-amazon.com/images/S/aplus-media-library-service-media/855bda89-88f0-457c-8a71-926b3dc0c4d9.__CR0,0,1464,600_PT0_SX1464_V1___.jpg"
B0CV52J8FT,a_plus,4,"https://m.media-amazon.com/images/S/aplus-media-library-service-media/cee0dea1-7c04-45b2-ae2c-41c9295f36c9.__CR0,0,300,225_PT0_SX300_V1___.jpg"
B0CV52J8FT,a_plus,5,"https://m.media-amazon.com/images/S/aplus-media-library-service-media/59281815-c3d7-471a-aece-388a6933780f.__CR0,0,300,225_PT0_SX300_V1___.jpg"
B0CV52J8FT,a_plus,6,"https://m.media-amazon.com/images/S/aplus-media-library-service-media/e10f1739-2443-44cc-a271-493fb3c2372f.__CR0,0,300,225_PT0_SX300_V1___.jpg"
B0CV52J8FT,a_plus,7,"https://m.media-amazon.com/images/S/aplus-media-library-service-media/ad9513a9-376a-4895-a79f-946ecf1208a0.__CR0,0,300,225_PT0_SX300_V1___.jpg"
B0CV52J8FT,a_plus,8,"https://m.media-amazon.com/images/S/aplus-media-library-service-media/4fcb45f9-f2f0-4fae-bc46-14eaf369235c.__CR0,0,1464,600_PT0_SX1464_V1___.jpg"
B0CV52J8FT,a_plus,9,"https://m.media-amazon.com/images/S/aplus-media-library-service-media/a3d3a76a-0ca0-452c-8e11-b159bc311b01.__CR38,0,1255,1800_PT0_SX488_V1___.jpg"
B0CV52J8FT,a_plus,10,"https://m.media-amazon.com/images/S/aplus-media-library-service-media/7e31dfcc-8b25-43e3-b424-088866adc1a9.__CR787,397,697,1000_PT0_SX488_V1___.jpg"
B0CV52J8FT,a_plus,11,"https://m.media-amazon.com/images/S/aplus-media-library-service-media/b9a8a2b7-a090-4ba6-a312-6f1793da80af.__CR0,450,744,1067_PT0_SX488_V1___.jpg"
B0CV52J8FT,a_plus,12,"https://m.media-amazon.com/images/S/aplus-media-library-service-media/a7638c1d-1e42-4d4f-9a5b-9b6a72597659.__CR0,457,797,1143_PT0_SX488_V1___.jpg"
B0CV52J8FT,a_plus,13,"https://m.media-amazon.com/images/S/aplus-media-library-service-media/318e8b3e-df2c-4ad2-905e-8662df6ea201.__CR0,0,1464,600_PT0_SX1464_V1___.jpg"
B0CV52J8FT,a_plus,14,"https://m.media-amazon.com/images/S/aplus-media-library-service-media/7046c90d-5a2b-421c-8ef9-6fefdb2b982f.__CR0,0,1464,600_PT0_SX1464_V1___.jpg"
B0CV52J8FT,a_plus,15,"https://m.media-amazon.com/images/S/aplus-media-library-service-media/5998d3a9-7b00-400e-9aab-0eabdc724977.__CR0,0,1464,600_PT0_SX1464_V1___.jpg"
B0CV52J8FT,a_plus,16,"https://m.media-amazon.com/images/S/aplus-media-library-service-media/855bda89-88f0-457c-8a71-926b3dc0c4d9.__CR0,0,1464,600_PT0_SX1464_V1___.jpg"
B0CV52J8FT,a_plus,17,"https://m.media-amazon.com/images/S/aplus-media-library-service-media/cee0dea1-7c04-45b2-ae2c-41c9295f36c9.__CR0,0,300,225_PT0_SX300_V1___.jpg"
B0CV52J8FT,a_plus,18,"https://m.media-amazon.com/images/S/aplus-media-library-service-media/59281815-c3d7-471a-aece-388a6933780f.__CR0,0,300,225_PT0_SX300_V1___.jpg"
B0CV52J8FT,a_plus,19,"https://m.media-amazon.com/images/S/aplus-media-library-service-media/e10f1739-2443-44cc-a271-493fb3c2372f.__CR0,0,300,225_PT0_SX300_V1___.jpg"
B0CV52J8FT,a_plus,20,"https://m.media-amazon.com/images/S/aplus-media-library-service-media/ad9513a9-376a-4895-a79f-946ecf1208a0.__CR0,0,300,225_PT0_SX300_V1___.jpg"
B0CV52J8FT,a_plus,21,"https://m.media-amazon.com/images/S/aplus-media-library-service-media/4fcb45f9-f2f0-4fae-bc46-14eaf369235c.__CR0,0,1464,600_PT0_SX1464_V1___.jpg"
B0DXKPFSVL,high_resolution,0,https://m.media-amazon.com/images/I/71lMlx6C5ML._AC_SL1500_.jpg
B0DXKPFSVL,high_resolution,1,https://m.media-amazon.com/images/I/81vKa5Ky-cL._AC_SL1500_.jpg
B0DXKPFSVL,high_resolution,2,https://m.media-amazon.com/images/I/71f9X0oFoDL._AC_SL1500_.jpg
B0DXKPFSVL,high_resolution,3,https://m.media-amazon.com/images/I/81NvxyluJrL._AC_SL1500_.jpg
B0DXKPFSVL,high_resolution,4,https://m.media-amazon.com/images/I/71rcHxXRnJL._AC_SL1500_.jpg
B0DXKPFSVL,high_resolution,5,https://m.media-amazon.com/images/I/71dsu4tUeHL._AC_SL1500_.jpg
B0DXKPFSVL,a_plus,0,"https://m.media-amazon.com/images/S/aplus-media-library-service-media/82e2cf03-aed7-4ad0-b37f-a1791da44b41.__CR0,0,3880,1200_PT0_SX970_V1___.jpg"
B0DXKPFSVL,a_plus,1,"https://m.media-amazon.com/images/S/aplus-media-library-service-media/63c9c941-a96a-4565-afce-11f584f18232.__CR0,0,3880,1200_PT0_SX970_V1___.jpg"
B0DXKPFSVL,a_plus,2,"https://m.media-amazon.com/images/S/aplus-media-library-service-media/8ec17bae-49ac-4e73-9842-50575e5fa179.__CR0,0,3880,1200_PT0_SX970_V1___.jpg"
B0DXKPFSVL,a_plus,3,"https://m.media-amazon.com/images/S/aplus-media-library-service-media/95f03665-447a-49f6-bcd2-f035c2ee4234.__CR0,0,3880,1200_PT0_SX970_V1___.jpg"
B0DXKPFSVL,a_plus,4,"https://m.media-amazon.com/images/S/aplus-media-library-service-media/c754cfb6-fbe9-45f1-b183-6ebc603f8158.__CR0,0,3880,1200_PT0_SX970_V1___.jpg"
B0DXKPFSVL,a_plus,5,"https://m.media-amazon.com/images/I/31nocMHzAFL.__AC_SR150,300___.jpg"
B0DXKPFSVL,a_plus,6,"https://m.media-amazon.com/images/I/41kLcepUwmL.__AC_SR150,300___.jpg"
B0DXKPFSVL,a_plus,7,"https://m.media-amazon.com/images/I/316dgeF9IAL.__AC_SR150,300___.jpg"
B0DXKPFSVL,a_plus,8,"https://m.media-amazon.com/images/I/41kLcepUwmL.__AC_SR150,300___.jpg"
B0DXKPFSVL,a_plus,9,"https://m.media-amazon.com/images/I/31ZLs9f5aIL.__AC_SR150,300___.jpg"
B0DXKPFSVL,a_plus,10,"https://m.media-amazon.com/images/I/41kLcepUwmL.__AC_SR150,300___.jpg"
B0DXKPFSVL,a_plus,11,"https://m.media-amazon.com/images/S/aplus-media-library-service-media/82e2cf03-aed7-4ad0-b37f-a1791da44b41.__CR0,0,3880,1200_PT0_SX970_V1___.jpg"
B0DXKPFSVL,a_plus,12,"https://m.media-amazon.com/images/S/aplus-media-library-service-media/63c9c941-a96a-4565-afce-11f584f18232.__CR0,0,3880,1200_PT0_SX970_V1___.jpg"
B0DXKPFSVL,a_plus,13,"https://m.media-amazon.com/images/S/aplus-media-library-service-media/8ec17bae-49ac-4e73-9842-50575e5fa179.__CR0,0,3880,1200_PT0_SX970_V1___.jpg"
B0DXKPFSVL,a_plus,14,"https://m.media-amazon.com/images/S/aplus-media-library-service-media/95f03665-447a-49f6-bcd2-f035c2ee4234.__CR0,0,3880,1200_PT0_SX970_V1___.jpg"
B0DXKPFSVL,a_plus,15,"https://m.media-amazon.com/images/S/aplus-media-library-service-media/c754cfb6-fbe9-45f1-b183-6ebc603f8158.__CR0,0,3880,1200_PT0_SX970_V1___.jpg"
B0DXKPFSVL,a_plus,16,"https://m.media-amazon.com/images/I/31nocMHzAFL.__AC_SR150,300___.jpg"
B0DXKPFSVL,a_plus,17,https://www.amazon.de/dp/B0DN2W97HJ?ref=emc_s_m_5_i_atc
B0DXKPFSVL,a_plus,18,"https://m.media-amazon.com/images/I/41kLcepUwmL.__AC_SR150,300___.jpg"
B0DXKPFSVL,a_plus,19,https://www.amazon.de/dp/B0DN43229Y?ref=emc_s_m_5_i_atc
B0DXKPFSVL,a_plus,20,"https://m.media-amazon.com/images/I/316dgeF9IAL.__AC_SR150,300___.jpg"
B0DXKPFSVL,a_plus,21,https://www.amazon.de/dp/B0DN35J91T?ref=emc_s_m_5_i_atc
B0DXKPFSVL,a_plus,22,"https://m.media-amazon.com/images/I/41kLcepUwmL.__AC_SR150,300___.jpg"
B0DXKPFSVL,a_plus,23,https://www.amazon.de/dp/B0DN3JYRZ5?ref=emc_s_m_5_i_atc
B0DXKPFSVL,a_plus,24,"https://m.media-amazon.com/images/I/31ZLs9f5aIL.__AC_SR150,300___.jpg"
B0DXKPFSVL,a_plus,25,https://www.amazon.de/dp/B07HDVGC38?ref=emc_s_m_5_i_atc
B0DXKPFSVL,a_plus,26,"https://m.media-amazon.com/images/I/41kLcepUwmL.__AC_SR150,300___.jpg"
B0DXKPFSVL,a_plus,27,https://www.amazon.de/dp/B0DN3ZCCXW?ref=emc_s_m_5_i_atc
B094CCD82B,high_resolution,0,https://m.media-amazon.com/images/I/91-tTK8buOL._AC_SL1500_.jpg
B094CCD82B,high_resolution,1,https://m.media-amazon.com/images/I/918IBDErnbL._AC_SL1500_.jpg
B094CCD82B,high_resolution,2,https://m.media-amazon.com/images/I/81XR-8eMnpL._AC_SL1500_.jpg
B094CCD82B,high_resolution,3,https://m.media-amazon.com/images/I/91dpS2hDuAL._AC_SL1500_.jpg
B094CCD82B,high_resolution,4,https://m.media-amazon.com/images/I/91C7eRJxf1L._AC_SL1500_.jpg
B094CCD82B,high_resolution,5,https://m.media-amazon.com/images/I/91-miDdJLuL._AC_SL1500_.jpg
B094CCD82B,high_resolution,6,https://m.media-amazon.com/images/I/91ue90E3L0L._AC_SL1500_.jpg
B094CCD82B,high_resolution,7,https://m.media-amazon.com/images/I/914d6E0NAKL._AC_SL1500_.jpg
B094CCD82B,high_resolution,8,https://m.media-amazon.com/images/I/913g5+OldFL._AC_SL1500_.jpg
B094CCD82B,a_plus,0,"https://m.media-amazon.com/images/S/aplus-media-library-service-media/88dae39f-5a5a-4413-866c-2c3b66a4656d.__CR0,0,970,600_PT0_SX970_V1___.jpg"
B094CCD82B,a_plus,1,"https://m.media-amazon.com/images/S/aplus-media-library-service-media/567d43c7-c72e-4e77-8030-f6c4ee8bf9bb.__CR0,0,970,600_PT0_SX970_V1___.jpg"
B094CCD82B,a_plus,2,"https://m.media-amazon.com/images/S/aplus-media-library-service-media/9aecadba-aa3e-4648-a41a-a43f12d6d557.__CR0,0,970,600_PT0_SX970_V1___.jpg"
B094CCD82B,a_plus,3,"https://m.media-amazon.com/images/S/aplus-media-library-service-media/f714cafd-95c4-4070-a185-2c0c5fe5426d.__CR0,0,970,600_PT0_SX970_V1___.jpg"
B094CCD82B,a_plus,4,"https://m.media-amazon.com/images/S/aplus-media-library-service-media/a9776935-879b-4a2d-813d-71e425a9b1cc.__CR0,0,1000,619_PT0_SX970_V1___.jpg"
B094CCD82B,a_plus,5,"https://m.media-amazon.com/images/S/aplus-media-library-service-media/a865fae2-b510-4129-a4a4-31003dd77861.__CR0,0,970,600_PT0_SX970_V1___.jpg"
B094CCD82B,a_plus,6,"https://m.media-amazon.com/images/S/aplus-media-library-service-media/54f2242e-88f1-4230-bc44-ec5593edba18.__AC_SR150,300___.jpg"
B094CCD82B,a_plus,7,"https://m.media-amazon.com/images/S/aplus-media-library-service-media/b632888a-b25e-4229-af21-c24706aee095.__AC_SR150,300___.jpg"
B094CCD82B,a_plus,8,"https://m.media-amazon.com/images/S/aplus-media-library-service-media/1cd92cd6-2cce-44e3-b0fa-c21f3fe8e5c7.__AC_SR150,300___.jpg"
B094CCD82B,a_plus,9,"https://m.media-amazon.com/images/S/aplus-media-library-service-media/9bda471d-9551-4de7-9556-8b591e5f4401.__AC_SR150,300___.jpg"
B094CCD82B,a_plus,10,"https://m.media-amazon.com/images/S/aplus-media-library-service-media/607a7957-9596-4cf3-8d8f-9e71e9e2b7ea.__AC_SR150,300___.jpg"
B094CCD82B,a_plus,11,"https://m.media-amazon.com/images/S/aplus-media-library-service-media/05df0f29-62f4-4881-bf3e-c5254c3659b5.__AC_SR150,300___.jpg"
B094CCD82B,a_plus,12,"https://m.media-amazon.com/images/S/aplus-media-library-service-media/88dae39f-5a5a-4413-866c-2c3b66a4656d.__CR0,0,970,600_PT0_SX970_V1___.jpg"
B094CCD82B,a_plus,13,"https://m.media-amazon.com/images/S/aplus-media-library-service-media/567d43c7-c72e-4e77-8030-f6c4ee8bf9bb.__CR0,0,970,600_PT0_SX970_V1___.jpg"
B094CCD82B,a_plus,14,"https://m.media-amazon.com/images/S/aplus-media-library-service-media/9aecadba-aa3e-4648-a41a-a43f12d6d557.__CR0,0,970,600_PT0_SX970_V1___.jpg"
B094CCD82B,a_plus,15,"https://m.media-amazon.com/images/S/aplus-media-library-service-media/f714cafd-95c4-4070-a185-2c0c5fe5426d.__CR0,0,970,600_PT0_SX970_V1___.jpg"
B094CCD82B,a_plus,16,"https://m.media-amazon.com/images/S/aplus-media-library-service-media/a9776935-879b-4a2d-813d-71e425a9b1cc.__CR0,0,1000,619_PT0_SX970_V1___.jpg"
B094CCD82B,a_plus,17,"https://m.media-amazon.com/images/S/aplus-media-library-service-media/a865fae2-b510-4129-a4a4-31003dd77861.__CR0,0,970,600_PT0_SX970_V1___.jpg"
B094CCD82B,a_plus,18,"https://m.media-amazon.com/images/S/aplus-media-library-service-media/54f2242e-88f1-4230-bc44-ec5593edba18.__AC_SR150,300___.jpg"
B094CCD82B,a_plus,19,https://www.amazon.de/dp/B07DGSCJPF?ref=emc_s_m_5_i_atc
B094CCD82B,a_plus,20,"https://m.media-amazon.com/images/S/aplus-media-library-service-media/b632888a-b25e-4229-af21-c24706aee095.__AC_SR150,300___.jpg"
B094CCD82B,a_plus,21,https://www.amazon.de/dp/B0CNQR56ZL?ref=emc_s_m_5_i_atc
B094CCD82B,a_plus,22,"https://m.media-amazon.com/images/S/aplus-media-library-service-media/1cd92cd6-2cce-44e3-b0fa-c21f3fe8e5c7.__AC_SR150,300___.jpg"
B094CCD82B,a_plus,23,https://www.amazon.de/dp/B09L7SJ885?ref=emc_s_m_5_i_atc
B094CCD82B,a_plus,24,"https://m.media-amazon.com/images/S/aplus-media-library-service-media/9bda471d-9551-4de7-9556-8b591e5f4401.__AC_SR150,300___.jpg"
B094CCD82B,a_plus,25,https://www.amazon.de/dp/B0CNVB98DP?ref=emc_s_m_5_i_atc
B094CCD82B,a_plus,26,"https://m.media-amazon.com/images/S/aplus-media-library-service-media/607a7957-9596-4cf3-8d8f-9e71e9e2b7ea.__AC_SR150,300___.jpg"
B094CCD82B,a_plus,27,https://www.amazon.de/dp/B08CZMSSXP?ref=emc_s_m_5_i_atc
B094CCD82B,a_plus,28,"https://m.media-amazon.com/images/S/aplus-media-library-service-media/05df0f29-62f4-4881-bf3e-c5254c3659b5.__AC_SR150,300___.jpg"
B094CCD82B,a_plus,29,https://www.amazon.de/dp/B0CN6W18R7?ref=emc_s_m_5_i_atc
B0C4LFRBDB,high_resolution,0,https://m.media-amazon.com/images/I/71lYjOxxBcL._AC_SL1500_.jpg
B0C4LFRBDB,high_resolution,1,https://m.media-amazon.com/images/I/815jNI2IVcL._AC_SL1500_.jpg
B0C4LFRBDB,high_resolution,2,https://m.media-amazon.com/images/I/71TJIguay6L._AC_SL1500_.jpg
B0C4LFRBDB,high_resolution,3,https://m.media-amazon.com/images/I/81TJujok+uL._AC_SL1500_.jpg
B0C4LFRBDB,high_resolution,4,https://m.media-amazon.com/images/I/81gmqd2DrYL._AC_SL1500_.jpg
B0C4LFRBDB,high_resolution,5,https://m.media-amazon.com/images/I/91OBICBr-JL._AC_SL1500_.jpg
B0C4LFRBDB,high_resolution,6,https://m.media-amazon.com/images/I/710wvyZuHdL._AC_SL1500_.jpg
B0C4LFRBDB,high_resolution,7,https://m.media-amazon.com/images/I/91V8mDdmttL._AC_SL1500_.jpg
B0C4LFRBDB,high_resolution,8,https://m.media-amazon.com/images/I/61qTfa2IY8L._AC_SL1500_.jpg
B0C4LFRBDB,a_plus,0,"https://m.media-amazon.com/images/S/aplus-media-library-service-media/ac498a32-5a95-4b05-95fd-2daf47a300e3.__CR0,0,1464,600_PT0_SX1464_V1___.jpg"
B0C4LFRBDB,a_plus,1,"https://m.media-amazon.com/images/S/aplus-media-library-service-media/335bbc2f-1153-4481-9467-9005b1ca7099.__CR0,0,1464,600_PT0_SX1464_V1___.jpg"
B0C4LFRBDB,a_plus,2,"https://m.media-amazon.com/images/S/aplus-media-library-service-media/dad43a4f-c45f-45d1-8cff-a8116b91f909.__CR0,0,1464,600_PT0_SX1464_V1___.jpg"
B0C4LFRBDB,a_plus,3,"https://m.media-amazon.com/images/S/aplus-media-library-service-media/ac498a32-5a95-4b05-95fd-2daf47a300e3.__CR0,0,1464,600_PT0_SX1464_V1___.jpg"
B0C4LFRBDB,a_plus,4,"https://m.media-amazon.com/images/S/aplus-media-library-service-media/335bbc2f-1153-4481-9467-9005b1ca7099.__CR0,0,1464,600_PT0_SX1464_V1___.jpg"
B0C4LFRBDB,a_plus,5,"https://m.media-amazon.com/images/S/aplus-media-library-service-media/dad43a4f-c45f-45d1-8cff-a8116b91f909.__CR0,0,1464,600_PT0_SX1464_V1___.jpg"
B0C26WMM1T,high_resolution,0,https://m.media-amazon.com/images/I/71vVgDCnHgL._AC_SL1500_.jpg
B0C26WMM1T,high_resolution,1,https://m.media-amazon.com/images/I/91KtS1goHBL._AC_SL1500_.jpg
B0C26WMM1T,high_resolution,2,https://m.media-amazon.com/images/I/71ICedUJVRL._AC_SL1500_.jpg
B0C26WMM1T,high_resolution,3,https://m.media-amazon.com/images/I/91MaIxTyLLL._AC_SL1500_.jpg
B0C26WMM1T,high_resolution,4,https://m.media-amazon.com/images/I/81g7azBJRuL._AC_SL1500_.jpg
B0C26WMM1T,high_resolution,5,https://m.media-amazon.com/images/I/81YE9Z0-OgL._AC_SL1500_.jpg
B0C26WMM1T,high_resolution,6,https://m.media-amazon.com/images/I/81r5mAsHbtL._AC_SL1500_.jpg
B0C26WMM1T,high_resolution,7,https://m.media-amazon.com/images/I/91-p5s-qwlL._AC_SL1500_.jpg
B0C26WMM1T,high_resolution,8,https://m.media-amazon.com/images/I/81Ou61oVaFL._AC_SL1500_.jpg
B0C26WMM1T,a_plus,0,"https://m.media-amazon.com/images/S/aplus-media-library-service-media/69445061-d055-4044-b8d9-38dcee77dd9e.__CR0,0,970,600_PT0_SX970_V1___.jpg"
B0C26WMM1T,a_plus,1,"https://m.media-amazon.com/images/S/aplus-media-library-service-media/33ea41f0-204a-47e6-965d-1760cac42dcc.__CR0,0,970,600_PT0_SX970_V1___.jpg"
B0C26WMM1T,a_plus,2,"https://m.media-amazon.com/images/S/aplus-media-library-service-media/4a4bb971-50ef-41c5-b5f0-d98c8354ef3a.__CR0,0,970,600_PT0_SX970_V1___.jpg"
B0C26WMM1T,a_plus,3,"https://m.media-amazon.com/images/S/aplus-media-library-service-media/c16467de-6ffe-415a-b60d-92b4e99b9a06.__CR0,0,970,600_PT0_SX970_V1___.jpg"
B0C26WMM1T,a_plus,4,"https://m.media-amazon.com/images/S/aplus-media-library-service-media/d715bcfc-45f2-4414-b082-8484810f2eec.__CR0,0,970,600_PT0_SX970_V1___.jpg"
B0C26WMM1T,a_plus,5,"https://m.media-amazon.com/images/S/aplus-media-library-service-media/72d88b3e-d2db-4bb9-8c10-04df4fb612ae.__CR0,0,970,600_PT0_SX970_V1___.jpg"
B0C26WMM1T,a_plus,6,"https://m.media-amazon.com/images/I/31FQwrusE7L.__AC_SR150,300___.jpg"
B0C26WMM1T,a_plus,7,"https://m.media-amazon.com/images/I/41wQdhxGbPL.__AC_SR150,300___.jpg"
B0C26WMM1T,a_plus,8,"https://m.media-amazon.com/images/I/41bvN4hjwtL.__AC_SR150,300___.jpg"
B0C26WMM1T,a_plus,9,"https://m.media-amazon.com/images/I/51y7PBH2UgL.__AC_SR150,300___.jpg"
B0C26WMM1T,a_plus,10,"https://m.media-amazon.com/images/I/31NFUP4o-gL.__AC_SR150,300___.jpg"
B0C26WMM1T,a_plus,11,"https://m.media-amazon.com/images/I/51vUG3JLqqL.__AC_SR150,300___.jpg"
B0C26WMM1T,a_plus,12,"https://m.media-amazon.com/images/S/aplus-media-library-service-media/69445061-d055-4044-b8d9-38dcee77dd9e.__CR0,0,970,600_PT0_SX970_V1___.jpg"
B0C26WMM1T,a_plus,13,"https://m.media-amazon.com/images/S/aplus-media-library-service-media/33ea41f0-204a-47e6-965d-1760cac42dcc.__CR0,0,970,600_PT0_SX970_V1___.jpg"
B0C26WMM1T,a_plus,14,"https://m.media-amazon.com/images/S/aplus-media-library-service-media/4a4bb971-50ef-41c5-b5f0-d98c8354ef3a.__CR0,0,970,600_PT0_SX970_V1___.jpg"
B0C26WMM1T,a_plus,15,"https://m.media-amazon.com/images/S/aplus-media-library-service-media/c16467de-6ffe-415a-b60d-92b4e99b9a06.__CR0,0,970,600_PT0_SX970_V1___.jpg"
B0C26WMM1T,a_plus,16,"https://m.media-amazon.com/images/S/aplus-media-library-service-media/d715bcfc-45f2-4414-b082-8484810f2eec.__CR0,0,970,600_PT0_SX970_V1___.jpg"
B0C26WMM1T,a_plus,17,"https://m.media-amazon.com/images/S/aplus-media-library-service-media/72d88b3e-d2db-4bb9-8c10-04df4fb612ae.__CR0,0,970,600_PT0_SX970_V1___.jpg"
B0C26WMM1T,a_plus,18,"https://m.media-amazon.com/images/I/31FQwrusE7L.__AC_SR150,300___.jpg"
B0C26WMM1T,a_plus,19,https://www.amazon.de/dp/B0DJRC3HR6?ref=emc_s_m_5_i_atc
B0C26WMM1T,a_plus,20,"https://m.media-amazon.com/images/I/41wQdhxGbPL.__AC_SR150,300___.jpg"
B0C26WMM1T,a_plus,21,https://www.amazon.de/dp/B0CBJM1BG6?ref=emc_s_m_5_i_atc
B0C26WMM1T,a_plus,22,"https://m.media-amazon.com/images/I/41bvN4hjwtL.__AC_SR150,300___.jpg"
B0C26WMM1T,a_plus,23,https://www.amazon.de/dp/B0C887WDTH?ref=emc_s_m_5_i_atc
B0C26WMM1T,a_plus,24,"https://m.media-amazon.com/images/I/51y7PBH2UgL.__AC_SR150,300___.jpg"
B0C26WMM1T,a_plus,25,https://www.amazon.de/dp/B0CNKHRQJ5?ref=emc_s_m_5_i_atc
B0C26WMM1T,a_plus,26,"https://m.media-amazon.com/images/I/31NFUP4o-gL.__AC_SR150,300___.jpg"
B0C26WMM1T,a_plus,27,https://www.amazon.de/dp/B0CZ8RMBFW?ref=emc_s_m_5_i_atc
B0C26WMM1T,a_plus,28,"https://m.media-amazon.com/images/I/51vUG3JLqqL.__AC_SR150,300___.jpg"
B0C26WMM1T,a_plus,29,https://www.amazon.de/dp/B0CFQ8Y2PQ?ref=emc_s_m_5_i_atc
B0GVY9DP57,high_resolution,0,https://m.media-amazon.com/images/I/81ivWpwmXeL._AC_SL1500_.jpg
B0GVY9DP57,high_resolution,1,https://m.media-amazon.com/images/I/71O2dcBiGsL._AC_SL1500_.jpg
B0GVY9DP57,high_resolution,2,https://m.media-amazon.com/images/I/81q36HeDvkL._AC_SL1500_.jpg
B0GVY9DP57,high_resolution,3,https://m.media-amazon.com/images/I/81MebOATlIL._AC_SL1500_.jpg
B0GVY9DP57,high_resolution,4,https://m.media-amazon.com/images/I/813HcToEk8L._AC_SL1500_.jpg
B0GVY9DP57,high_resolution,5,https://m.media-amazon.com/images/I/81+Zz6HWW5L._AC_SL1500_.jpg
B0GVY9DP57,high_resolution,6,https://m.media-amazon.com/images/I/81ftUR64WzL._AC_SL1500_.jpg
B0GVY9DP57,high_resolution,7,https://m.media-amazon.com/images/I/91H9q-PcGaL._AC_SL1500_.jpg
B0GVY9DP57,high_resolution,8,https://m.media-amazon.com/images/I/81qrryj4IrL._AC_SL1500_.jpg
B0GVY9DP57,a_plus,0,"https://m.media-amazon.com/images/S/aplus-media-library-service-media/e8e69359-ae36-40ca-a7e3-66c1865dbb61.__CR0,0,970,600_PT0_SX970_V1___.jpg"
B0GVY9DP57,a_plus,1,"https://m.media-amazon.com/images/S/aplus-media-library-service-media/c0985805-54c6-4aa8-bc4f-24d4125c4179.__CR0,0,970,600_PT0_SX970_V1___.jpg"
B0GVY9DP57,a_plus,2,"https://m.media-amazon.com/images/S/aplus-media-library-service-media/10998007-5809-4b0f-b018-801040de47d3.__CR0,0,970,600_PT0_SX970_V1___.jpg"
B0GVY9DP57,a_plus,3,"https://m.media-amazon.com/images/S/aplus-media-library-service-media/c3b2711f-5bfd-41d6-a089-2ca312d745cb.__CR0,0,300,300_PT0_SX300_V1___.jpg"
B0GVY9DP57,a_plus,4,"https://m.media-amazon.com/images/S/aplus-media-library-service-media/01fc2c42-9002-4a56-a6a8-c3f1872cb8f7.__CR0,0,300,300_PT0_SX300_V1___.jpg"
B0GVY9DP57,a_plus,5,"https://m.media-amazon.com/images/S/aplus-media-library-service-media/4429542a-3706-4bca-ad46-e6d682f1c7f7.__CR0,0,300,300_PT0_SX300_V1___.jpg"
B0GVY9DP57,a_plus,6,"https://m.media-amazon.com/images/S/aplus-media-library-service-media/cd955f7e-a7ae-48fd-b2ce-27b8b6f0cb2b.__CR0,0,970,600_PT0_SX970_V1___.jpg"
B0GVY9DP57,a_plus,7,"https://m.media-amazon.com/images/S/aplus-media-library-service-media/e8e69359-ae36-40ca-a7e3-66c1865dbb61.__CR0,0,970,600_PT0_SX970_V1___.jpg"
B0GVY9DP57,a_plus,8,"https://m.media-amazon.com/images/S/aplus-media-library-service-media/c0985805-54c6-4aa8-bc4f-24d4125c4179.__CR0,0,970,600_PT0_SX970_V1___.jpg"
B0GVY9DP57,a_plus,9,"https://m.media-amazon.com/images/S/aplus-media-library-service-media/10998007-5809-4b0f-b018-801040de47d3.__CR0,0,970,600_PT0_SX970_V1___.jpg"
B0GVY9DP57,a_plus,10,"https://m.media-amazon.com/images/S/aplus-media-library-service-media/c3b2711f-5bfd-41d6-a089-2ca312d745cb.__CR0,0,300,300_PT0_SX300_V1___.jpg"
B0GVY9DP57,a_plus,11,"https://m.media-amazon.com/images/S/aplus-media-library-service-media/01fc2c42-9002-4a56-a6a8-c3f1872cb8f7.__CR0,0,300,300_PT0_SX300_V1___.jpg"
B0GVY9DP57,a_plus,12,"https://m.media-amazon.com/images/S/aplus-media-library-service-media/4429542a-3706-4bca-ad46-e6d682f1c7f7.__CR0,0,300,300_PT0_SX300_V1___.jpg"
B0GVY9DP57,a_plus,13,"https://m.media-amazon.com/images/S/aplus-media-library-service-media/cd955f7e-a7ae-48fd-b2ce-27b8b6f0cb2b.__CR0,0,970,600_PT0_SX970_V1___.jpg"
B085J2L82B,high_resolution,0,https://m.media-amazon.com/images/I/61CClU3Af-L._AC_SL1500_.jpg
B085J2L82B,high_resolution,1,https://m.media-amazon.com/images/I/81X0BGgPxNL._AC_SL1500_.jpg
B085J2L82B,high_resolution,2,https://m.media-amazon.com/images/I/61Z1q1srLXL._AC_SL1500_.jpg
B085J2L82B,high_resolution,3,https://m.media-amazon.com/images/I/51X-h63jQnL._AC_SL1230_.jpg
B085J2L82B,high_resolution,4,https://m.media-amazon.com/images/I/71n2V6Yi3kL._AC_SL1500_.jpg
B085J2L82B,high_resolution,5,https://m.media-amazon.com/images/I/816srEgkYkL._AC_SL1500_.jpg
B085J2L82B,high_resolution,6,https://m.media-amazon.com/images/I/61zxmy5on7L._AC_SL1500_.jpg
B085J2L82B,high_resolution,7,https://m.media-amazon.com/images/I/515YXq6rULL._AC_SL1500_.jpg
B085J2L82B,high_resolution,8,https://m.media-amazon.com/images/I/8154XjgctuL._AC_SL1500_.jpg
B085J2L82B,high_resolution,9,https://m.media-amazon.com/images/I/714NgyEfIHL._AC_SL1500_.jpg
B085J2L82B,a_plus,0,"https://m.media-amazon.com/images/S/aplus-media-library-service-media/56fba03c-2322-405b-a71b-405858b83a44.__CR0,0,2928,1200_PT0_SX1464_V1___.jpg"
B085J2L82B,a_plus,1,"https://m.media-amazon.com/images/S/aplus-media-library-service-media/39fcb107-2cec-4da1-9e1c-37b83e0bc192.__CR0,0,2928,1200_PT0_SX1464_V1___.jpg"
B085J2L82B,a_plus,2,"https://m.media-amazon.com/images/S/aplus-media-library-service-media/42dc3c72-e2f6-450c-9326-bb56441bf769.__CR0,0,2928,1200_PT0_SX1464_V1___.jpg"
B085J2L82B,a_plus,3,"https://m.media-amazon.com/images/S/aplus-media-library-service-media/8718b57c-8c4d-43a5-8057-04457bf1cfeb.__CR0,0,2928,1200_PT0_SX1464_V1___.jpg"
B085J2L82B,a_plus,4,"https://m.media-amazon.com/images/S/aplus-media-library-service-media/a0f86e8f-0dda-41b0-8989-627834cccd59.__CR0,0,1300,700_PT0_SX650_V1___.jpg"
B085J2L82B,a_plus,5,"https://m.media-amazon.com/images/S/aplus-media-library-service-media/1de622a5-98a0-4a9a-a4be-a01deba4773a.__CR0,0,1300,700_PT0_SX650_V1___.jpg"
B085J2L82B,a_plus,6,"https://m.media-amazon.com/images/S/aplus-media-library-service-media/56fba03c-2322-405b-a71b-405858b83a44.__CR0,0,2928,1200_PT0_SX1464_V1___.jpg"
B085J2L82B,a_plus,7,"https://m.media-amazon.com/images/S/aplus-media-library-service-media/39fcb107-2cec-4da1-9e1c-37b83e0bc192.__CR0,0,2928,1200_PT0_SX1464_V1___.jpg"
B085J2L82B,a_plus,8,"https://m.media-amazon.com/images/S/aplus-media-library-service-media/42dc3c72-e2f6-450c-9326-bb56441bf769.__CR0,0,2928,1200_PT0_SX1464_V1___.jpg"
B085J2L82B,a_plus,9,"https://m.media-amazon.com/images/S/aplus-media-library-service-media/8718b57c-8c4d-43a5-8057-04457bf1cfeb.__CR0,0,2928,1200_PT0_SX1464_V1___.jpg"
B085J2L82B,a_plus,10,"https://m.media-amazon.com/images/S/aplus-media-library-service-media/a0f86e8f-0dda-41b0-8989-627834cccd59.__CR0,0,1300,700_PT0_SX650_V1___.jpg"
B085J2L82B,a_plus,11,"https://m.media-amazon.com/images/S/aplus-media-library-service-media/1de622a5-98a0-4a9a-a4be-a01deba4773a.__CR0,0,1300,700_PT0_SX650_V1___.jpg"
B0FRSHGBY3,high_resolution,0,https://m.media-amazon.com/images/I/61OkDB3VjkL._AC_SL1500_.jpg
B0FRSHGBY3,high_resolution,1,https://m.media-amazon.com/images/I/71QxaXSu+vL._AC_SL1500_.jpg
B0FRSHGBY3,high_resolution,2,https://m.media-amazon.com/images/I/817t6brPZML._AC_SL1500_.jpg
B0FRSHGBY3,high_resolution,3,https://m.media-amazon.com/images/I/71pWJxZAR+L._AC_SL1500_.jpg
B0FRSHGBY3,high_resolution,4,https://m.media-amazon.com/images/I/81ej9DMo0CL._AC_SL1500_.jpg
B0FRSHGBY3,high_resolution,5,https://m.media-amazon.com/images/I/81HZuSkxSzL._AC_SL1500_.jpg
B0FRSHGBY3,high_resolution,6,https://m.media-amazon.com/images/I/61ubwgs+O7L._AC_SL1500_.jpg
B0FRSHGBY3,a_plus,0,"https://m.media-amazon.com/images/S/aplus-media-library-service-media/5f39daef-b321-424b-a835-a9673126fcb5.__CR0,0,970,600_PT0_SX970_V1___.png"
B0FRSHGBY3,a_plus,1,"https://m.media-amazon.com/images/S/aplus-media-library-service-media/0a35fc85-ed46-4f91-9617-067db4db5f35.__CR0,0,600,800_PT0_SX300_V1___.jpg"
B0FRSHGBY3,a_plus,2,"https://m.media-amazon.com/images/S/aplus-media-library-service-media/0ceb7dff-fe4e-4b8b-939e-b4f09fb62cf7.__CR0,0,350,175_PT0_SX350_V1___.png"
B0FRSHGBY3,a_plus,3,"https://m.media-amazon.com/images/S/aplus-media-library-service-media/69b83bb0-169c-4434-a1a0-f12604516dfe.__CR575,585,696,696_PT0_SX300_V1___.jpg"
B0FRSHGBY3,a_plus,4,"https://m.media-amazon.com/images/S/aplus-media-library-service-media/8cc0fb0f-3b8e-4ec1-835b-ec490b3b4a29.__CR535,498,788,788_PT0_SX300_V1___.jpg"
B0FRSHGBY3,a_plus,5,"https://m.media-amazon.com/images/S/aplus-media-library-service-media/a652c8bc-4d57-4f19-93cd-53eace8c3933.__CR613,556,593,593_PT0_SX300_V1___.jpg"
B0FRSHGBY3,a_plus,6,"https://m.media-amazon.com/images/S/aplus-media-library-service-media/2132a756-e24e-412e-8e4c-99a608a78a52.__AC_SR150,300___.jpg"
B0FRSHGBY3,a_plus,7,"https://m.media-amazon.com/images/S/aplus-media-library-service-media/cf3e561c-3a41-4b61-8b19-d45960a4a2c5.__AC_SR150,300___.jpg"
B0FRSHGBY3,a_plus,8,"https://m.media-amazon.com/images/S/aplus-media-library-service-media/1b116694-0499-41bc-84a6-63ca115b2ff0.__AC_SR150,300___.jpg"
B0FRSHGBY3,a_plus,9,"https://m.media-amazon.com/images/S/aplus-media-library-service-media/f45f64aa-6028-4c78-a2c4-71c6e2c0d9bb.__AC_SR150,300___.jpg"
B0FRSHGBY3,a_plus,10,"https://m.media-amazon.com/images/S/aplus-media-library-service-media/9a6dd2d5-9c3c-4821-9c78-afe9ad4d6ede.__AC_SR150,300___.jpg"
B0FRSHGBY3,a_plus,11,"https://m.media-amazon.com/images/S/aplus-media-library-service-media/cf160b42-a07a-4508-a286-270681c08d81.__AC_SR150,300___.jpg"
B0FRSHGBY3,a_plus,12,"https://m.media-amazon.com/images/S/aplus-media-library-service-media/5f39daef-b321-424b-a835-a9673126fcb5.__CR0,0,970,600_PT0_SX970_V1___.png"
B0FRSHGBY3,a_plus,13,"https://m.media-amazon.com/images/S/aplus-media-library-service-media/0a35fc85-ed46-4f91-9617-067db4db5f35.__CR0,0,600,800_PT0_SX300_V1___.jpg"
B0FRSHGBY3,a_plus,14,"https://m.media-amazon.com/images/S/aplus-media-library-service-media/0ceb7dff-fe4e-4b8b-939e-b4f09fb62cf7.__CR0,0,350,175_PT0_SX350_V1___.png"
B0FRSHGBY3,a_plus,15,"https://m.media-amazon.com/images/S/aplus-media-library-service-media/69b83bb0-169c-4434-a1a0-f12604516dfe.__CR575,585,696,696_PT0_SX300_V1___.jpg"
B0FRSHGBY3,a_plus,16,"https://m.media-amazon.com/images/S/aplus-media-library-service-media/8cc0fb0f-3b8e-4ec1-835b-ec490b3b4a29.__CR535,498,788,788_PT0_SX300_V1___.jpg"
B0FRSHGBY3,a_plus,17,"https://m.media-amazon.com/images/S/aplus-media-library-service-media/a652c8bc-4d57-4f19-93cd-53eace8c3933.__CR613,556,593,593_PT0_SX300_V1___.jpg"
B0FRSHGBY3,a_plus,18,"https://m.media-amazon.com/images/S/aplus-media-library-service-media/2132a756-e24e-412e-8e4c-99a608a78a52.__AC_SR150,300___.jpg"
B0FRSHGBY3,a_plus,19,https://www.amazon.de/dp/B09L8169GW?ref=emc_s_m_5_i_atc
B0FRSHGBY3,a_plus,20,"https://m.media-amazon.com/images/S/aplus-media-library-service-media/cf3e561c-3a41-4b61-8b19-d45960a4a2c5.__AC_SR150,300___.jpg"
B0FRSHGBY3,a_plus,21,https://www.amazon.de/dp/B0DGLDFZ9J?ref=emc_s_m_5_i_atc
B0FRSHGBY3,a_plus,22,"https://m.media-amazon.com/images/S/aplus-media-library-service-media/1b116694-0499-41bc-84a6-63ca115b2ff0.__AC_SR150,300___.jpg"
B0FRSHGBY3,a_plus,23,https://www.amazon.de/dp/B0DGLGSBZV?ref=emc_s_m_5_i_atc
B0FRSHGBY3,a_plus,24,"https://m.media-amazon.com/images/S/aplus-media-library-service-media/f45f64aa-6028-4c78-a2c4-71c6e2c0d9bb.__AC_SR150,300___.jpg"
B0FRSHGBY3,a_plus,25,https://www.amazon.de/dp/B0CP5DZ4CY?ref=emc_s_m_5_i_atc
B0FRSHGBY3,a_plus,26,"https://m.media-amazon.com/images/S/aplus-media-library-service-media/9a6dd2d5-9c3c-4821-9c78-afe9ad4d6ede.__AC_SR150,300___.jpg"
B0FRSHGBY3,a_plus,27,https://www.amazon.de/dp/B0CPLWHBKV?ref=emc_s_m_5_i_atc
B0FRSHGBY3,a_plus,28,"https://m.media-amazon.com/images/S/aplus-media-library-service-media/cf160b42-a07a-4508-a286-270681c08d81.__AC_SR150,300___.jpg"
B0FRSHGBY3,a_plus,29,https://www.amazon.de/dp/B0C69JKXRD?ref=emc_s_m_5_i_atc
B0FGXXVF7J,high_resolution,0,https://m.media-amazon.com/images/I/81rzyCw+hiL._AC_SL1500_.jpg
B0FGXXVF7J,high_resolution,1,https://m.media-amazon.com/images/I/61bCZxqNpRL._AC_SL1500_.jpg
B0FGXXVF7J,high_resolution,2,https://m.media-amazon.com/images/I/81y1hkO+ZfL._AC_SL1500_.jpg
B0FGXXVF7J,high_resolution,3,https://m.media-amazon.com/images/I/81zT+bAC8BL._AC_SL1500_.jpg
B0FGXXVF7J,high_resolution,4,https://m.media-amazon.com/images/I/81eINUg7ydL._AC_SL1500_.jpg
B0FGXXVF7J,high_resolution,5,https://m.media-amazon.com/images/I/81Ky9Dxo2zL._AC_SL1500_.jpg
B0FGXXVF7J,high_resolution,6,https://m.media-amazon.com/images/I/81SHl1+ZW3L._AC_SL1500_.jpg
B0FGXXVF7J,a_plus,0,"https://m.media-amazon.com/images/S/aplus-media-library-service-media/a4956fb6-648d-428d-b098-33669edd9c42.__CR0,0,1464,600_PT0_SX1464_V1___.jpg"
B0FGXXVF7J,a_plus,1,"https://m.media-amazon.com/images/S/aplus-media-library-service-media/9b119469-b880-419d-b44b-e6bce98a4943.__CR0,0,1464,600_PT0_SX1464_V1___.jpg"
B0FGXXVF7J,a_plus,2,"https://m.media-amazon.com/images/S/aplus-media-library-service-media/95806a6a-837e-4b6a-b99c-a21c120cf7e8.__CR0,0,1464,600_PT0_SX1464_V1___.jpg"
B0FGXXVF7J,a_plus,3,"https://m.media-amazon.com/images/S/aplus-media-library-service-media/c4ace116-af71-4f60-987f-760ccf698844.__CR0,0,1464,600_PT0_SX1464_V1___.jpg"
B0FGXXVF7J,a_plus,4,"https://m.media-amazon.com/images/S/aplus-media-library-service-media/f93960c7-eeb4-40c8-97ca-7da76184431b.__CR0,0,1464,600_PT0_SX1464_V1___.jpg"
B0FGXXVF7J,a_plus,5,"https://m.media-amazon.com/images/S/aplus-media-library-service-media/b281297a-b560-4a51-9bda-06ddaf420c12.__CR0,0,1464,600_PT0_SX1464_V1___.jpg"
B0FGXXVF7J,a_plus,6,"https://m.media-amazon.com/images/S/aplus-media-library-service-media/a4956fb6-648d-428d-b098-33669edd9c42.__CR0,0,1464,600_PT0_SX1464_V1___.jpg"
B0FGXXVF7J,a_plus,7,"https://m.media-amazon.com/images/S/aplus-media-library-service-media/9b119469-b880-419d-b44b-e6bce98a4943.__CR0,0,1464,600_PT0_SX1464_V1___.jpg"
B0FGXXVF7J,a_plus,8,"https://m.media-amazon.com/images/S/aplus-media-library-service-media/95806a6a-837e-4b6a-b99c-a21c120cf7e8.__CR0,0,1464,600_PT0_SX1464_V1___.jpg"
B0FGXXVF7J,a_plus,9,"https://m.media-amazon.com/images/S/aplus-media-library-service-media/c4ace116-af71-4f60-987f-760ccf698844.__CR0,0,1464,600_PT0_SX1464_V1___.jpg"
B0FGXXVF7J,a_plus,10,"https://m.media-amazon.com/images/S/aplus-media-library-service-media/f93960c7-eeb4-40c8-97ca-7da76184431b.__CR0,0,1464,600_PT0_SX1464_V1___.jpg"
B0FGXXVF7J,a_plus,11,"https://m.media-amazon.com/images/S/aplus-media-library-service-media/b281297a-b560-4a51-9bda-06ddaf420c12.__CR0,0,1464,600_PT0_SX1464_V1___.jpg"
B0H3P53ZL9,high_resolution,0,https://m.media-amazon.com/images/I/81rf2pXsv+L._AC_SL1500_.jpg
B0H3P53ZL9,high_resolution,1,https://m.media-amazon.com/images/I/81fNlWWOHtL._AC_SL1500_.jpg
B0H3P53ZL9,high_resolution,2,https://m.media-amazon.com/images/I/71kX+xABSvL._AC_SL1500_.jpg
B0H3P53ZL9,high_resolution,3,https://m.media-amazon.com/images/I/71BSn2xES1L._AC_SL1500_.jpg
B0H3P53ZL9,high_resolution,4,https://m.media-amazon.com/images/I/81a1PvGwwML._AC_SL1500_.jpg
B0H3P53ZL9,high_resolution,5,https://m.media-amazon.com/images/I/81rGTkaA-QL._AC_SL1500_.jpg
B0H3P53ZL9,high_resolution,6,https://m.media-amazon.com/images/I/61VysB7g6YL._AC_SL1500_.jpg
B0H3P53ZL9,high_resolution,7,https://m.media-amazon.com/images/I/61l8nUCZ3CL._AC_SL1500_.jpg
B0H3P53ZL9,high_resolution,8,https://m.media-amazon.com/images/I/81c1ey9CKDL._AC_SL1500_.jpg
B0H3P53ZL9,a_plus,0,"https://m.media-amazon.com/images/S/aplus-media-library-service-media/9b3a9a3f-6e64-498e-889e-201dd3d0fd36.__CR0,204,2752,1128_PT0_SX1464_V1___.jpg"
B0H3P53ZL9,a_plus,1,"https://m.media-amazon.com/images/S/aplus-media-library-service-media/e06358f1-7635-48ac-90e7-3c1123f5baf9.__CR0,0,1464,600_PT0_SX1464_V1___.jpg"
B0H3P53ZL9,a_plus,2,"https://m.media-amazon.com/images/S/aplus-media-library-service-media/201dd2d3-cb84-4319-a783-742f7b708940.__CR0,0,1464,600_PT0_SX1464_V1___.jpg"
B0H3P53ZL9,a_plus,3,"https://m.media-amazon.com/images/S/aplus-media-library-service-media/023cd5f7-b50e-4ee3-a0b8-01ae1c550e62.__CR0,0,300,225_PT0_SX300_V1___.jpg"
B0H3P53ZL9,a_plus,4,"https://m.media-amazon.com/images/S/aplus-media-library-service-media/113cdacd-ce14-4142-b0b0-87775f3cf0db.__CR0,0,300,225_PT0_SX300_V1___.jpg"
B0H3P53ZL9,a_plus,5,"https://m.media-amazon.com/images/S/aplus-media-library-service-media/896cb865-507e-4634-a4d5-83710961f255.__CR0,0,300,225_PT0_SX300_V1___.jpg"
B0H3P53ZL9,a_plus,6,"https://m.media-amazon.com/images/S/aplus-media-library-service-media/238420fa-b956-402e-aade-8a7dcd0379ea.__CR0,0,300,225_PT0_SX300_V1___.jpg"
B0H3P53ZL9,a_plus,7,"https://m.media-amazon.com/images/S/aplus-media-library-service-media/da31d09e-323d-49a0-8e93-005eca4f89ad.__CR0,0,1464,600_PT0_SX1464_V1___.jpg"
B0H3P53ZL9,a_plus,8,"https://m.media-amazon.com/images/S/aplus-media-library-service-media/fc6242b8-fbde-4549-9a19-0d9a0454ed15.__CR0,0,1464,600_PT0_SX1464_V1___.jpg"
B0H3P53ZL9,a_plus,9,https://m.media-amazon.com/images/S/vse-vms-transcoding-artifact-eu-west-1-prod/50f1024e-b769-4d2f-a09c-8a11499e06fe/default.jobtemplate.hls.m3u8
B0H3P53ZL9,a_plus,10,"https://m.media-amazon.com/images/S/aplus-media-library-service-media/9b3a9a3f-6e64-498e-889e-201dd3d0fd36.__CR0,204,2752,1128_PT0_SX1464_V1___.jpg"
B0H3P53ZL9,a_plus,11,https://m.media-amazon.com/images/S/vse-vms-transcoding-artifact-eu-west-1-prod/50f1024e-b769-4d2f-a09c-8a11499e06fe/default.jobtemplate.hls.m3u8
B0H3P53ZL9,a_plus,12,"https://m.media-amazon.com/images/S/aplus-media-library-service-media/e06358f1-7635-48ac-90e7-3c1123f5baf9.__CR0,0,1464,600_PT0_SX1464_V1___.jpg"
B0H3P53ZL9,a_plus,13,"https://m.media-amazon.com/images/S/aplus-media-library-service-media/201dd2d3-cb84-4319-a783-742f7b708940.__CR0,0,1464,600_PT0_SX1464_V1___.jpg"
B0H3P53ZL9,a_plus,14,"https://m.media-amazon.com/images/S/aplus-media-library-service-media/023cd5f7-b50e-4ee3-a0b8-01ae1c550e62.__CR0,0,300,225_PT0_SX300_V1___.jpg"
B0H3P53ZL9,a_plus,15,"https://m.media-amazon.com/images/S/aplus-media-library-service-media/113cdacd-ce14-4142-b0b0-87775f3cf0db.__CR0,0,300,225_PT0_SX300_V1___.jpg"
B0H3P53ZL9,a_plus,16,"https://m.media-amazon.com/images/S/aplus-media-library-service-media/896cb865-507e-4634-a4d5-83710961f255.__CR0,0,300,225_PT0_SX300_V1___.jpg"
B0H3P53ZL9,a_plus,17,"https://m.media-amazon.com/images/S/aplus-media-library-service-media/238420fa-b956-402e-aade-8a7dcd0379ea.__CR0,0,300,225_PT0_SX300_V1___.jpg"
B0H3P53ZL9,a_plus,18,"https://m.media-amazon.com/images/S/aplus-media-library-service-media/da31d09e-323d-49a0-8e93-005eca4f89ad.__CR0,0,1464,600_PT0_SX1464_V1___.jpg"
B0H3P53ZL9,a_plus,19,"https://m.media-amazon.com/images/S/aplus-media-library-service-media/fc6242b8-fbde-4549-9a19-0d9a0454ed15.__CR0,0,1464,600_PT0_SX1464_V1___.jpg"
B0GT4K1VS8,high_resolution,0,https://m.media-amazon.com/images/I/81pZS+wliFL._AC_SL1500_.jpg
B0GT4K1VS8,high_resolution,1,https://m.media-amazon.com/images/I/61w4j2YcaVL._AC_SL1500_.jpg
B0GT4K1VS8,high_resolution,2,https://m.media-amazon.com/images/I/81NrIw6saXL._AC_SL1500_.jpg
B0GT4K1VS8,high_resolution,3,https://m.media-amazon.com/images/I/71mXbOHDkoL._AC_SL1500_.jpg
B0GT4K1VS8,high_resolution,4,https://m.media-amazon.com/images/I/81QBmEaAw-L._AC_SL1500_.jpg
B0GT4K1VS8,high_resolution,5,https://m.media-amazon.com/images/I/71C0MAt-+6L._AC_SL1500_.jpg
B0GT4K1VS8,high_resolution,6,https://m.media-amazon.com/images/I/81bSIFDQ7+L._AC_SL1500_.jpg
B0GT4K1VS8,high_resolution,7,https://m.media-amazon.com/images/I/817aYmDvihL._AC_SL1500_.jpg
B0GT4K1VS8,a_plus,0,"https://m.media-amazon.com/images/S/aplus-media-library-service-media/faf2edfe-3783-4ee1-9693-8461c6938819.__CR0,0,970,600_PT0_SX970_V1___.jpg"
B0GT4K1VS8,a_plus,1,"https://m.media-amazon.com/images/S/aplus-media-library-service-media/bb2e4754-a309-4937-b34b-736ed2c49931.__CR0,0,970,600_PT0_SX970_V1___.jpg"
B0GT4K1VS8,a_plus,2,"https://m.media-amazon.com/images/S/aplus-media-library-service-media/c9344ca7-82f1-4b2a-9024-ca67a501663e.__CR0,0,970,600_PT0_SX970_V1___.jpg"
B0GT4K1VS8,a_plus,3,"https://m.media-amazon.com/images/S/aplus-media-library-service-media/ad421f29-7ac2-4e15-a063-cdc508851aba.__CR0,0,970,600_PT0_SX970_V1___.jpg"
B0GT4K1VS8,a_plus,4,"https://m.media-amazon.com/images/S/aplus-media-library-service-media/06daa0e7-0a18-4cf6-a2cb-a4660c2ecfd3.__CR0,0,970,600_PT0_SX970_V1___.jpg"
B0GT4K1VS8,a_plus,5,"https://m.media-amazon.com/images/S/aplus-media-library-service-media/faf2edfe-3783-4ee1-9693-8461c6938819.__CR0,0,970,600_PT0_SX970_V1___.jpg"
B0GT4K1VS8,a_plus,6,"https://m.media-amazon.com/images/S/aplus-media-library-service-media/bb2e4754-a309-4937-b34b-736ed2c49931.__CR0,0,970,600_PT0_SX970_V1___.jpg"
B0GT4K1VS8,a_plus,7,"https://m.media-amazon.com/images/S/aplus-media-library-service-media/c9344ca7-82f1-4b2a-9024-ca67a501663e.__CR0,0,970,600_PT0_SX970_V1___.jpg"
B0GT4K1VS8,a_plus,8,"https://m.media-amazon.com/images/S/aplus-media-library-service-media/ad421f29-7ac2-4e15-a063-cdc508851aba.__CR0,0,970,600_PT0_SX970_V1___.jpg"
B0GT4K1VS8,a_plus,9,"https://m.media-amazon.com/images/S/aplus-media-library-service-media/06daa0e7-0a18-4cf6-a2cb-a4660c2ecfd3.__CR0,0,970,600_PT0_SX970_V1___.jpg"
B0BF46JJB8,high_resolution,0,https://m.media-amazon.com/images/I/61j1lzGkbmL._AC_SL1500_.jpg
B0BF46JJB8,high_resolution,1,https://m.media-amazon.com/images/I/913kTMoAdSL._AC_SL1500_.jpg
B0BF46JJB8,high_resolution,2,https://m.media-amazon.com/images/I/81U5HDnGPVL._AC_SL1500_.jpg
B0BF46JJB8,high_resolution,3,https://m.media-amazon.com/images/I/814M8n32lIL._AC_SL1500_.jpg
B0BF46JJB8,high_resolution,4,https://m.media-amazon.com/images/I/81iHlSO-ddL._AC_SL1500_.jpg
B0BF46JJB8,high_resolution,5,https://m.media-amazon.com/images/I/81q7anNGzBL._AC_SL1500_.jpg
B0BF46JJB8,high_resolution,6,https://m.media-amazon.com/images/I/61cmZLLwCTL._AC_SL1500_.jpg
B0BF46JJB8,high_resolution,7,https://m.media-amazon.com/images/I/61zA87GlgIL._AC_SL1500_.jpg
B0BF46JJB8,high_resolution,8,https://m.media-amazon.com/images/I/719FNp9lf6L._AC_SL1500_.jpg
B0BF46JJB8,a_plus,0,"https://m.media-amazon.com/images/S/aplus-media-library-service-media/847d49f9-0278-4985-ba76-b169fe3567a6.__CR0,0,970,600_PT0_SX970_V1___.jpg"
B0BF46JJB8,a_plus,1,"https://m.media-amazon.com/images/S/aplus-media-library-service-media/8654beeb-5681-4daf-bf80-6056fb68beb8.__CR0,0,300,400_PT0_SX300_V1___.jpg"
B0BF46JJB8,a_plus,2,"https://m.media-amazon.com/images/S/aplus-media-library-service-media/82b70b66-1ebe-4848-a1fb-aead41a47b96.__CR0,0,350,175_PT0_SX350_V1___.jpg"
B0BF46JJB8,a_plus,3,"https://m.media-amazon.com/images/S/aplus-media-library-service-media/8194d385-94ac-4707-9ce7-d519621fa89e.__CR0,0,220,220_PT0_SX220_V1___.jpg"
B0BF46JJB8,a_plus,4,"https://m.media-amazon.com/images/S/aplus-media-library-service-media/2ebe6ab7-90a7-4892-8e57-11922813d763.__CR0,0,220,220_PT0_SX220_V1___.jpg"
B0BF46JJB8,a_plus,5,"https://m.media-amazon.com/images/S/aplus-media-library-service-media/f45df11c-7660-417c-b1fe-9ebd7a8b0484.__CR0,0,220,220_PT0_SX220_V1___.jpg"
B0BF46JJB8,a_plus,6,"https://m.media-amazon.com/images/S/aplus-media-library-service-media/a7ba0fb8-3890-4852-80e6-93ff4a2592d8.__CR0,0,220,220_PT0_SX220_V1___.jpg"
B0BF46JJB8,a_plus,7,"https://m.media-amazon.com/images/S/aplus-media-library-service-media/dbf926ba-761d-4491-81fc-aa54072e171c.__CR0,0,150,300_PT0_SX150_V1___.jpg"
B0BF46JJB8,a_plus,8,"https://m.media-amazon.com/images/S/aplus-media-library-service-media/a350b8bf-8440-49ba-90fc-3c651023782b.__CR0,0,150,300_PT0_SX150_V1___.jpg"
B0BF46JJB8,a_plus,9,"https://m.media-amazon.com/images/S/aplus-media-library-service-media/c78bb232-a94c-4d55-af79-3e7879f2f931.__CR0,0,150,300_PT0_SX150_V1___.jpg"
B0BF46JJB8,a_plus,10,"https://m.media-amazon.com/images/S/aplus-media-library-service-media/310d308d-26e7-4f3d-951e-6ea8cf4c044b.__CR0,0,150,300_PT0_SX150_V1___.jpg"
B0BF46JJB8,a_plus,11,"https://m.media-amazon.com/images/S/aplus-media-library-service-media/4f86a94f-8cf8-4f83-9b8a-2242558fb1f4.__CR0,0,150,300_PT0_SX150_V1___.jpg"
B0BF46JJB8,a_plus,12,"https://m.media-amazon.com/images/S/aplus-media-library-service-media/2554058c-1676-4252-b8c4-87ea5b6514a4.__CR0,0,150,300_PT0_SX150_V1___.jpg"
B0BF46JJB8,a_plus,13,"https://m.media-amazon.com/images/S/aplus-media-library-service-media/3f84c28f-914e-46f4-a85e-d3e62c7cd33f.__CR0,0,150,300_PT0_SX150_V1___.jpg"
B0BF46JJB8,a_plus,14,"https://m.media-amazon.com/images/S/aplus-media-library-service-media/efc3b488-88f2-46a2-8753-3b96bde2392b.__CR0,0,150,300_PT0_SX150_V1___.jpg"
B0BF46JJB8,a_plus,15,"https://m.media-amazon.com/images/S/aplus-media-library-service-media/1ffcfd12-9348-4e5a-9355-4646e0b72f50.__CR0,0,150,300_PT0_SX150_V1___.jpg"
B0BF46JJB8,a_plus,16,"https://m.media-amazon.com/images/S/aplus-media-library-service-media/2b83e71a-fe8e-46fd-b70a-89a29016bf0c.__CR0,0,150,300_PT0_SX150_V1___.jpg"
B0BF46JJB8,a_plus,17,"https://m.media-amazon.com/images/S/aplus-media-library-service-media/847d49f9-0278-4985-ba76-b169fe3567a6.__CR0,0,970,600_PT0_SX970_V1___.jpg"
B0BF46JJB8,a_plus,18,"https://m.media-amazon.com/images/S/aplus-media-library-service-media/8654beeb-5681-4daf-bf80-6056fb68beb8.__CR0,0,300,400_PT0_SX300_V1___.jpg"
B0BF46JJB8,a_plus,19,"https://m.media-amazon.com/images/S/aplus-media-library-service-media/82b70b66-1ebe-4848-a1fb-aead41a47b96.__CR0,0,350,175_PT0_SX350_V1___.jpg"
B0BF46JJB8,a_plus,20,"https://m.media-amazon.com/images/S/aplus-media-library-service-media/8194d385-94ac-4707-9ce7-d519621fa89e.__CR0,0,220,220_PT0_SX220_V1___.jpg"
B0BF46JJB8,a_plus,21,"https://m.media-amazon.com/images/S/aplus-media-library-service-media/2ebe6ab7-90a7-4892-8e57-11922813d763.__CR0,0,220,220_PT0_SX220_V1___.jpg"
B0BF46JJB8,a_plus,22,"https://m.media-amazon.com/images/S/aplus-media-library-service-media/f45df11c-7660-417c-b1fe-9ebd7a8b0484.__CR0,0,220,220_PT0_SX220_V1___.jpg"
B0BF46JJB8,a_plus,23,"https://m.media-amazon.com/images/S/aplus-media-library-service-media/a7ba0fb8-3890-4852-80e6-93ff4a2592d8.__CR0,0,220,220_PT0_SX220_V1___.jpg"
B0BF46JJB8,a_plus,24,"https://m.media-amazon.com/images/S/aplus-media-library-service-media/dbf926ba-761d-4491-81fc-aa54072e171c.__CR0,0,150,300_PT0_SX150_V1___.jpg"
B0BF46JJB8,a_plus,25,https://www.amazon.de/dp/B0BPRQM4CT?ref=emc_s_m_5_i_atc
B0BF46JJB8,a_plus,26,"https://m.media-amazon.com/images/S/aplus-media-library-service-media/a350b8bf-8440-49ba-90fc-3c651023782b.__CR0,0,150,300_PT0_SX150_V1___.jpg"
B0BF46JJB8,a_plus,27,https://www.amazon.de/dp/B07N13VFD5?ref=emc_s_m_5_i_atc
B0BF46JJB8,a_plus,28,"https://m.media-amazon.com/images/S/aplus-media-library-service-media/c78bb232-a94c-4d55-af79-3e7879f2f931.__CR0,0,150,300_PT0_SX150_V1___.jpg"
B0BF46JJB8,a_plus,29,https://www.amazon.de/dp/B07V3HFVWT?ref=emc_s_m_5_i_atc
B0BF46JJB8,a_plus,30,"https://m.media-amazon.com/images/S/aplus-media-library-service-media/310d308d-26e7-4f3d-951e-6ea8cf4c044b.__CR0,0,150,300_PT0_SX150_V1___.jpg"
B0BF46JJB8,a_plus,31,https://www.amazon.de/dp/B0BF4MBR9L?ref=emc_s_m_5_i_atc
B0BF46JJB8,a_plus,32,"https://m.media-amazon.com/images/S/aplus-media-library-service-media/4f86a94f-8cf8-4f83-9b8a-2242558fb1f4.__CR0,0,150,300_PT0_SX150_V1___.jpg"
B0BF46JJB8,a_plus,33,https://www.amazon.de/dp/B0BXWZR1CW?ref=emc_s_m_5_i_atc
B0BF46JJB8,a_plus,34,"https://m.media-amazon.com/images/S/aplus-media-library-service-media/2554058c-1676-4252-b8c4-87ea5b6514a4.__CR0,0,150,300_PT0_SX150_V1___.jpg"
B0BF46JJB8,a_plus,35,https://www.amazon.de/dp/B07BZG7K25?ref=emc_s_m_5_i_atc
B0BF46JJB8,a_plus,36,"https://m.media-amazon.com/images/S/aplus-media-library-service-media/3f84c28f-914e-46f4-a85e-d3e62c7cd33f.__CR0,0,150,300_PT0_SX150_V1___.jpg"
B0BF46JJB8,a_plus,37,https://www.amazon.de/dp/B07N12FFK6?ref=emc_s_m_5_i_atc
B0BF46JJB8,a_plus,38,"https://m.media-amazon.com/images/S/aplus-media-library-service-media/efc3b488-88f2-46a2-8753-3b96bde2392b.__CR0,0,150,300_PT0_SX150_V1___.jpg"
B0BF46JJB8,a_plus,39,https://www.amazon.de/dp/B08M7DDS13?ref=emc_s_m_5_i_atc
B0BF46JJB8,a_plus,40,"https://m.media-amazon.com/images/S/aplus-media-library-service-media/1ffcfd12-9348-4e5a-9355-4646e0b72f50.__CR0,0,150,300_PT0_SX150_V1___.jpg"
B0BF46JJB8,a_plus,41,https://www.amazon.de/dp/B0BMKRYY56?ref=emc_s_m_5_i_atc
B0BF46JJB8,a_plus,42,"https://m.media-amazon.com/images/S/aplus-media-library-service-media/2b83e71a-fe8e-46fd-b70a-89a29016bf0c.__CR0,0,150,300_PT0_SX150_V1___.jpg"
B0BF46JJB8,a_plus,43,https://www.amazon.de/dp/B0BGWW3ZJ4?ref=emc_s_m_5_i_atc
B0DNN6PJ6P,high_resolution,0,https://m.media-amazon.com/images/I/71kpONQFZaL._AC_SL1500_.jpg
B0DNN6PJ6P,high_resolution,1,https://m.media-amazon.com/images/I/91zUiRFRb+L._AC_SL1500_.jpg
B0DNN6PJ6P,high_resolution,2,https://m.media-amazon.com/images/I/61wqFR3yWrL._AC_SL1500_.jpg
B0DNN6PJ6P,high_resolution,3,https://m.media-amazon.com/images/I/81S+SKiVz7L._AC_SL1500_.jpg
B0DNN6PJ6P,high_resolution,4,https://m.media-amazon.com/images/I/81Tlul6MCCL._AC_SL1500_.jpg
B0DNN6PJ6P,high_resolution,5,https://m.media-amazon.com/images/I/81rlF4eXylL._AC_SL1500_.jpg
B0DNN6PJ6P,high_resolution,6,https://m.media-amazon.com/images/I/71N+OND-iNL._AC_SL1500_.jpg
B0DNN6PJ6P,high_resolution,7,https://m.media-amazon.com/images/I/61IACaqZ81L._AC_SL1500_.jpg
B0DNN6PJ6P,a_plus,0,"https://m.media-amazon.com/images/S/aplus-media-library-service-media/c34ec92d-1b56-4d16-9040-59e8e27e26b3.__CR0,0,2928,1200_PT0_SX1464_V1___.jpg"
B0DNN6PJ6P,a_plus,1,"https://m.media-amazon.com/images/S/aplus-media-library-service-media/1a06686b-7c90-4ed7-8ae0-c02140aeee12.__CR0,0,2928,1200_PT0_SX1464_V1___.jpg"
B0DNN6PJ6P,a_plus,2,"https://m.media-amazon.com/images/S/aplus-media-library-service-media/fb695200-6d7a-4e76-9a14-4199e8b73bfd.__CR0,0,2928,1200_PT0_SX1464_V1___.jpg"
B0DNN6PJ6P,a_plus,3,"https://m.media-amazon.com/images/S/aplus-media-library-service-media/996ef648-a33e-4039-ae62-1621197f68a2.__CR0,0,2928,1200_PT0_SX1464_V1___.jpg"
B0DNN6PJ6P,a_plus,4,"https://m.media-amazon.com/images/S/aplus-media-library-service-media/38406b94-c0ab-4d3c-9cc2-fceff9303c03.__CR0,0,2000,1500_PT0_SX800_V1___.jpg"
B0DNN6PJ6P,a_plus,5,"https://m.media-amazon.com/images/S/aplus-media-library-service-media/c34ec92d-1b56-4d16-9040-59e8e27e26b3.__CR0,0,2928,1200_PT0_SX1464_V1___.jpg"
B0DNN6PJ6P,a_plus,6,"https://m.media-amazon.com/images/S/aplus-media-library-service-media/1a06686b-7c90-4ed7-8ae0-c02140aeee12.__CR0,0,2928,1200_PT0_SX1464_V1___.jpg"
B0DNN6PJ6P,a_plus,7,"https://m.media-amazon.com/images/S/aplus-media-library-service-media/fb695200-6d7a-4e76-9a14-4199e8b73bfd.__CR0,0,2928,1200_PT0_SX1464_V1___.jpg"
B0DNN6PJ6P,a_plus,8,"https://m.media-amazon.com/images/S/aplus-media-library-service-media/996ef648-a33e-4039-ae62-1621197f68a2.__CR0,0,2928,1200_PT0_SX1464_V1___.jpg"
B0DNN6PJ6P,a_plus,9,"https://m.media-amazon.com/images/S/aplus-media-library-service-media/38406b94-c0ab-4d3c-9cc2-fceff9303c03.__CR0,0,2000,1500_PT0_SX800_V1___.jpg"
B0DS21J9RG,high_resolution,0,https://m.media-amazon.com/images/I/81qZwAzwFJL._AC_SL1500_.jpg
B0DS21J9RG,high_resolution,1,https://m.media-amazon.com/images/I/817IvKIczML._AC_SL1500_.jpg
B0DS21J9RG,high_resolution,2,https://m.media-amazon.com/images/I/51kV6qHFDQL._AC_SL1122_.jpg
B0DS21J9RG,high_resolution,3,https://m.media-amazon.com/images/I/71Q7PzbFuiL._AC_SL1500_.jpg
B0DS21J9RG,high_resolution,4,https://m.media-amazon.com/images/I/71w+hq6AsOL._AC_SL1500_.jpg
B0DS21J9RG,high_resolution,5,https://m.media-amazon.com/images/I/71+vLQYJlUL._AC_SL1500_.jpg
B0DS21J9RG,high_resolution,6,https://m.media-amazon.com/images/I/81BUxdQIweL._AC_SL1500_.jpg
B0DS21J9RG,high_resolution,7,https://m.media-amazon.com/images/I/81fk4wVdCbL._AC_SL1500_.jpg
B0DS21J9RG,high_resolution,8,https://m.media-amazon.com/images/I/81Qdfx4LQSL._AC_SL1500_.jpg
B0DS21J9RG,a_plus,0,"https://m.media-amazon.com/images/S/aplus-media-library-service-media/da27e56f-1066-416e-bca4-0b0f503613fe.__CR0,0,1464,600_PT0_SX1464_V1___.jpg"
B0DS21J9RG,a_plus,1,"https://m.media-amazon.com/images/S/aplus-media-library-service-media/5ec2cc85-8b1c-4417-b42a-8ea17a645ccd.__CR0,0,300,225_PT0_SX300_V1___.jpg"
B0DS21J9RG,a_plus,2,"https://m.media-amazon.com/images/S/aplus-media-library-service-media/7acd58d1-ba2a-44a5-a4e2-31b417f4171d.__CR0,0,300,225_PT0_SX300_V1___.jpg"
B0DS21J9RG,a_plus,3,"https://m.media-amazon.com/images/S/aplus-media-library-service-media/cb23c359-b7e7-404c-b2fe-f910fe3b6fb6.__CR0,0,300,225_PT0_SX300_V1___.jpg"
B0DS21J9RG,a_plus,4,"https://m.media-amazon.com/images/S/aplus-media-library-service-media/5521c8c7-1095-47f8-ac46-9e5ec23ce0be.__CR0,0,300,225_PT0_SX300_V1___.jpg"
B0DS21J9RG,a_plus,5,"https://m.media-amazon.com/images/S/aplus-media-library-service-media/7e9597af-3c48-439c-ac6c-0630f640dedb.__CR0,0,300,225_PT0_SX300_V1___.jpg"
B0DS21J9RG,a_plus,6,"https://m.media-amazon.com/images/S/aplus-media-library-service-media/6d9ef1ee-5855-4fd5-8e2d-12334d232b17.__CR0,0,300,225_PT0_SX300_V1___.jpg"
B0DS21J9RG,a_plus,7,"https://m.media-amazon.com/images/S/aplus-media-library-service-media/523c1062-27c9-4617-8523-249a55f220ec.__CR0,0,300,225_PT0_SX300_V1___.jpg"
B0DS21J9RG,a_plus,8,"https://m.media-amazon.com/images/S/aplus-media-library-service-media/d2f50488-d66e-4240-b03a-5bc0a851da92.__CR0,0,300,225_PT0_SX300_V1___.jpg"
B0DS21J9RG,a_plus,9,"https://m.media-amazon.com/images/S/aplus-media-library-service-media/dd057be9-6d2b-4812-91e7-1d16ca7241ff.__CR0,0,1464,600_PT0_SX1464_V1___.jpg"
B0DS21J9RG,a_plus,10,"https://m.media-amazon.com/images/S/aplus-media-library-service-media/c0ac3cc7-afa7-4d76-858b-98b78e5c745c.__CR0,0,1464,600_PT0_SX1464_V1___.jpg"
B0DS21J9RG,a_plus,11,"https://m.media-amazon.com/images/S/aplus-media-library-service-media/1970c4dd-a764-47f2-bf87-2945c04e124e.__CR0,0,1464,600_PT0_SX1464_V1___.jpg"
B0DS21J9RG,a_plus,12,"https://m.media-amazon.com/images/S/aplus-media-library-service-media/d3af4a01-5782-4f8b-901a-188a4fc215d6.__CR0,0,1464,600_PT0_SX1464_V1___.jpg"
B0DS21J9RG,a_plus,13,"https://m.media-amazon.com/images/S/aplus-media-library-service-media/a5bc611e-b7ca-4b51-86ba-5c8adf8f272e.__CR0,0,1464,600_PT0_SX1464_V1___.jpg"
B0DS21J9RG,a_plus,14,"https://m.media-amazon.com/images/S/aplus-media-library-service-media/1bd6314d-b3a2-4211-8d78-61326b989f44.__CR0,0,1464,600_PT0_SX1464_V1___.jpg"
B0DS21J9RG,a_plus,15,"https://m.media-amazon.com/images/S/aplus-media-library-service-media/a385aed9-896c-4195-8246-44e78d54bd45.__CR0,0,1464,600_PT0_SX1464_V1___.jpg"
B0DS21J9RG,a_plus,16,"https://m.media-amazon.com/images/S/aplus-media-library-service-media/42b582eb-59ec-4dbd-a36c-da542b78f982.__CR0,0,650,350_PT0_SX650_V1___.jpg"
B0DS21J9RG,a_plus,17,"https://m.media-amazon.com/images/S/aplus-media-library-service-media/dc2320b5-915b-4592-a5a0-7dd16655ff8d.__CR0,0,650,350_PT0_SX650_V1___.jpg"
B0DS21J9RG,a_plus,18,"https://m.media-amazon.com/images/S/aplus-media-library-service-media/da27e56f-1066-416e-bca4-0b0f503613fe.__CR0,0,1464,600_PT0_SX1464_V1___.jpg"
B0DS21J9RG,a_plus,19,"https://m.media-amazon.com/images/S/aplus-media-library-service-media/5ec2cc85-8b1c-4417-b42a-8ea17a645ccd.__CR0,0,300,225_PT0_SX300_V1___.jpg"
B0DS21J9RG,a_plus,20,"https://m.media-amazon.com/images/S/aplus-media-library-service-media/7acd58d1-ba2a-44a5-a4e2-31b417f4171d.__CR0,0,300,225_PT0_SX300_V1___.jpg"
B0DS21J9RG,a_plus,21,"https://m.media-amazon.com/images/S/aplus-media-library-service-media/cb23c359-b7e7-404c-b2fe-f910fe3b6fb6.__CR0,0,300,225_PT0_SX300_V1___.jpg"
B0DS21J9RG,a_plus,22,"https://m.media-amazon.com/images/S/aplus-media-library-service-media/5521c8c7-1095-47f8-ac46-9e5ec23ce0be.__CR0,0,300,225_PT0_SX300_V1___.jpg"
B0DS21J9RG,a_plus,23,"https://m.media-amazon.com/images/S/aplus-media-library-service-media/7e9597af-3c48-439c-ac6c-0630f640dedb.__CR0,0,300,225_PT0_SX300_V1___.jpg"
B0DS21J9RG,a_plus,24,"https://m.media-amazon.com/images/S/aplus-media-library-service-media/6d9ef1ee-5855-4fd5-8e2d-12334d232b17.__CR0,0,300,225_PT0_SX300_V1___.jpg"
B0DS21J9RG,a_plus,25,"https://m.media-amazon.com/images/S/aplus-media-library-service-media/523c1062-27c9-4617-8523-249a55f220ec.__CR0,0,300,225_PT0_SX300_V1___.jpg"
B0DS21J9RG,a_plus,26,"https://m.media-amazon.com/images/S/aplus-media-library-service-media/d2f50488-d66e-4240-b03a-5bc0a851da92.__CR0,0,300,225_PT0_SX300_V1___.jpg"
B0DS21J9RG,a_plus,27,"https://m.media-amazon.com/images/S/aplus-media-library-service-media/dd057be9-6d2b-4812-91e7-1d16ca7241ff.__CR0,0,1464,600_PT0_SX1464_V1___.jpg"
B0DS21J9RG,a_plus,28,"https://m.media-amazon.com/images/S/aplus-media-library-service-media/c0ac3cc7-afa7-4d76-858b-98b78e5c745c.__CR0,0,1464,600_PT0_SX1464_V1___.jpg"
B0DS21J9RG,a_plus,29,"https://m.media-amazon.com/images/S/aplus-media-library-service-media/1970c4dd-a764-47f2-bf87-2945c04e124e.__CR0,0,1464,600_PT0_SX1464_V1___.jpg"
B0DS21J9RG,a_plus,30,"https://m.media-amazon.com/images/S/aplus-media-library-service-media/d3af4a01-5782-4f8b-901a-188a4fc215d6.__CR0,0,1464,600_PT0_SX1464_V1___.jpg"
B0DS21J9RG,a_plus,31,"https://m.media-amazon.com/images/S/aplus-media-library-service-media/a5bc611e-b7ca-4b51-86ba-5c8adf8f272e.__CR0,0,1464,600_PT0_SX1464_V1___.jpg"
B0DS21J9RG,a_plus,32,"https://m.media-amazon.com/images/S/aplus-media-library-service-media/1bd6314d-b3a2-4211-8d78-61326b989f44.__CR0,0,1464,600_PT0_SX1464_V1___.jpg"
B0DS21J9RG,a_plus,33,"https://m.media-amazon.com/images/S/aplus-media-library-service-media/a385aed9-896c-4195-8246-44e78d54bd45.__CR0,0,1464,600_PT0_SX1464_V1___.jpg"
B0DS21J9RG,a_plus,34,"https://m.media-amazon.com/images/S/aplus-media-library-service-media/42b582eb-59ec-4dbd-a36c-da542b78f982.__CR0,0,650,350_PT0_SX650_V1___.jpg"
B0DS21J9RG,a_plus,35,"https://m.media-amazon.com/images/S/aplus-media-library-service-media/dc2320b5-915b-4592-a5a0-7dd16655ff8d.__CR0,0,650,350_PT0_SX650_V1___.jpg"
B0CL9XMM7Y,high_resolution,0,https://m.media-amazon.com/images/I/61kcjTpu7qL._AC_SL1500_.jpg
B0CL9XMM7Y,high_resolution,1,https://m.media-amazon.com/images/I/71LxNOXDbbL._AC_SL1500_.jpg
B0CL9XMM7Y,high_resolution,2,https://m.media-amazon.com/images/I/61bZ-HY5A3L._AC_SL1500_.jpg
B0CL9XMM7Y,high_resolution,3,https://m.media-amazon.com/images/I/71vk6VOiQ9L._AC_SL1500_.jpg
B0CL9XMM7Y,high_resolution,4,https://m.media-amazon.com/images/I/71eVNmYtILL._AC_SL1500_.jpg
B0CL9XMM7Y,high_resolution,5,https://m.media-amazon.com/images/I/71EDBg5qlSL._AC_SL1500_.jpg
B0CL9XMM7Y,high_resolution,6,https://m.media-amazon.com/images/I/71TtzcHJZhL._AC_SL1500_.jpg
B0CL9XMM7Y,high_resolution,7,https://m.media-amazon.com/images/I/7177k6Mc1RL._AC_SL1500_.jpg
B0CL9XMM7Y,high_resolution,8,https://m.media-amazon.com/images/I/61EJc7I7cHL._AC_SL1500_.jpg
B0CL9XMM7Y,a_plus,0,"https://m.media-amazon.com/images/S/aplus-media-library-service-media/7093a62c-851e-47af-81c8-ff9f2c293e82.__CR0,0,1464,600_PT0_SX1464_V1___.jpg"
B0CL9XMM7Y,a_plus,1,"https://m.media-amazon.com/images/S/aplus-media-library-service-media/323f6bd8-8cab-46c3-8aec-f71aab1b8112.__CR0,0,1464,600_PT0_SX1464_V1___.jpg"
B0CL9XMM7Y,a_plus,2,"https://m.media-amazon.com/images/S/aplus-media-library-service-media/d10110f2-5b5b-49a4-a33b-7bde268a6c0d.__CR0,0,1464,600_PT0_SX1464_V1___.jpg"
B0CL9XMM7Y,a_plus,3,"https://m.media-amazon.com/images/S/aplus-media-library-service-media/01910b7a-ed07-4bfa-8d41-eb58c7d1c655.__CR0,0,500,375_PT0_SX300_V1___.jpg"
B0CL9XMM7Y,a_plus,4,"https://m.media-amazon.com/images/S/aplus-media-library-service-media/c9931217-9834-4825-bf79-63181c94da5f.__CR0,0,500,375_PT0_SX300_V1___.jpg"
B0CL9XMM7Y,a_plus,5,"https://m.media-amazon.com/images/S/aplus-media-library-service-media/f5b8e67d-6123-4631-b5d1-7ca2f823dc48.__CR0,0,500,375_PT0_SX300_V1___.jpg"
B0CL9XMM7Y,a_plus,6,"https://m.media-amazon.com/images/S/aplus-media-library-service-media/4842c010-d4d9-43fa-9c71-bfb94dda0961.__CR0,0,500,375_PT0_SX300_V1___.jpg"
B0CL9XMM7Y,a_plus,7,"https://m.media-amazon.com/images/S/aplus-media-library-service-media/cc2367b2-ac34-4a29-add7-bb82d6c03015.__CR178,0,1114,600_PT0_SX650_V1___.jpg"
B0CL9XMM7Y,a_plus,8,"https://m.media-amazon.com/images/S/aplus-media-library-service-media/cced2d2a-63bc-45f6-8c92-3148e5d38841.__CR175,0,1114,600_PT0_SX650_V1___.jpg"
B0CL9XMM7Y,a_plus,9,"https://m.media-amazon.com/images/S/aplus-media-library-service-media/6f234466-319f-4a24-9a57-04255515a5ac.__CR89,0,1422,1600_PT0_SX200_V1___.jpg"
B0CL9XMM7Y,a_plus,10,"https://m.media-amazon.com/images/S/aplus-media-library-service-media/c210042e-8967-4734-abb2-71b43e416293.__CR89,0,1422,1600_PT0_SX200_V1___.jpg"
B0CL9XMM7Y,a_plus,11,"https://m.media-amazon.com/images/S/aplus-media-library-service-media/4e3c226a-5e8d-436b-9012-de2df2006386.__CR103,0,1422,1600_PT0_SX200_V1___.jpg"
B0CL9XMM7Y,a_plus,12,"https://m.media-amazon.com/images/S/aplus-media-library-service-media/14af35f1-bc3c-4a04-a9c2-7de0f3fb4a19.__CR89,0,1422,1600_PT0_SX200_V1___.jpg"
B0CL9XMM7Y,a_plus,13,"https://m.media-amazon.com/images/S/aplus-media-library-service-media/ab72072c-74e6-461b-95ff-c7651ee13473.__CR0,0,1422,1600_PT0_SX200_V1___.jpg"
B0CL9XMM7Y,a_plus,14,"https://m.media-amazon.com/images/S/aplus-media-library-service-media/7093a62c-851e-47af-81c8-ff9f2c293e82.__CR0,0,1464,600_PT0_SX1464_V1___.jpg"
B0CL9XMM7Y,a_plus,15,"https://m.media-amazon.com/images/S/aplus-media-library-service-media/323f6bd8-8cab-46c3-8aec-f71aab1b8112.__CR0,0,1464,600_PT0_SX1464_V1___.jpg"
B0CL9XMM7Y,a_plus,16,"https://m.media-amazon.com/images/S/aplus-media-library-service-media/d10110f2-5b5b-49a4-a33b-7bde268a6c0d.__CR0,0,1464,600_PT0_SX1464_V1___.jpg"
B0CL9XMM7Y,a_plus,17,"https://m.media-amazon.com/images/S/aplus-media-library-service-media/01910b7a-ed07-4bfa-8d41-eb58c7d1c655.__CR0,0,500,375_PT0_SX300_V1___.jpg"
B0CL9XMM7Y,a_plus,18,"https://m.media-amazon.com/images/S/aplus-media-library-service-media/c9931217-9834-4825-bf79-63181c94da5f.__CR0,0,500,375_PT0_SX300_V1___.jpg"
B0CL9XMM7Y,a_plus,19,"https://m.media-amazon.com/images/S/aplus-media-library-service-media/f5b8e67d-6123-4631-b5d1-7ca2f823dc48.__CR0,0,500,375_PT0_SX300_V1___.jpg"
B0CL9XMM7Y,a_plus,20,"https://m.media-amazon.com/images/S/aplus-media-library-service-media/4842c010-d4d9-43fa-9c71-bfb94dda0961.__CR0,0,500,375_PT0_SX300_V1___.jpg"
B0CL9XMM7Y,a_plus,21,"https://m.media-amazon.com/images/S/aplus-media-library-service-media/cc2367b2-ac34-4a29-add7-bb82d6c03015.__CR178,0,1114,600_PT0_SX650_V1___.jpg"
B0CL9XMM7Y,a_plus,22,"https://m.media-amazon.com/images/S/aplus-media-library-service-media/cced2d2a-63bc-45f6-8c92-3148e5d38841.__CR175,0,1114,600_PT0_SX650_V1___.jpg"
B0CX8TRVSS,high_resolution,0,https://m.media-amazon.com/images/I/61pENh8MXhL._AC_SL1500_.jpg
B0CX8TRVSS,high_resolution,1,https://m.media-amazon.com/images/I/71L3lOGGO1L._AC_SL1500_.jpg
B0CX8TRVSS,high_resolution,2,https://m.media-amazon.com/images/I/81QGWUGIvqL._AC_SL1500_.jpg
B0CX8TRVSS,high_resolution,3,https://m.media-amazon.com/images/I/71Kg-IChpnL._AC_SL1500_.jpg
B0CX8TRVSS,high_resolution,4,https://m.media-amazon.com/images/I/71p9DrOZh2L._AC_SL1500_.jpg
B0CX8TRVSS,high_resolution,5,https://m.media-amazon.com/images/I/61YBLeLoloL._AC_SL1500_.jpg
B0CX8TRVSS,high_resolution,6,https://m.media-amazon.com/images/I/71AD6zlFM7L._AC_SL1500_.jpg
B0CX8TRVSS,high_resolution,7,https://m.media-amazon.com/images/I/81vxBVIq2oL._AC_SL1500_.jpg
B0CX8TRVSS,high_resolution,8,https://m.media-amazon.com/images/I/61JQRrTnTFL._AC_SL1500_.jpg
B0CX8TRVSS,a_plus,0,"https://m.media-amazon.com/images/S/aplus-media-library-service-media/69e3e054-46ad-47a3-a079-b6238b8239a9.__CR0,0,4392,1800_PT0_SX1464_V1___.jpg"
B0CX8TRVSS,a_plus,1,"https://m.media-amazon.com/images/S/aplus-media-library-service-media/7267d124-f320-4ff4-ad64-c4206440db41.__CR0,0,4392,1800_PT0_SX1464_V1___.jpg"
B0CX8TRVSS,a_plus,2,"https://m.media-amazon.com/images/S/aplus-media-library-service-media/59a95288-c820-400a-bbb9-4e869ce56d82.__CR0,0,4392,1800_PT0_SX1464_V1___.jpg"
B0CX8TRVSS,a_plus,3,"https://m.media-amazon.com/images/S/aplus-media-library-service-media/07129fbb-ac17-4b5e-9c55-cca653a49310.__CR0,0,4392,1800_PT0_SX1464_V1___.jpg"
B0CX8TRVSS,a_plus,4,"https://m.media-amazon.com/images/S/aplus-media-library-service-media/21413be5-24dd-48c1-8ed6-0f46006e81a1.__CR0,0,4392,1800_PT0_SX1464_V1___.jpg"
B0CX8TRVSS,a_plus,5,"https://m.media-amazon.com/images/S/aplus-media-library-service-media/243d3e49-4530-4b20-a97c-50c6563556e0.__CR0,0,3333,2500_PT0_SX800_V1___.jpg"
B0CX8TRVSS,a_plus,6,"https://m.media-amazon.com/images/S/aplus-media-library-service-media/aee9b3e0-9d1f-4ae1-b349-b907ddf37964.__CR0,0,4392,1800_PT0_SX1464_V1___.jpg"
B0CX8TRVSS,a_plus,7,"https://m.media-amazon.com/images/S/aplus-media-library-service-media/566a76e8-2663-4862-8e66-24b6c6c053aa.__CR0,0,4392,1800_PT0_SX1464_V1___.jpg"
B0CX8TRVSS,a_plus,8,"https://m.media-amazon.com/images/S/aplus-media-library-service-media/79707a46-2af8-4d05-9cea-08826fee33a5.__CR0,0,4392,1800_PT0_SX1464_V1___.jpg"
B0CX8TRVSS,a_plus,9,"https://m.media-amazon.com/images/S/aplus-media-library-service-media/b2448281-3aad-4a18-8339-1f21e4ccafb1.__CR242,0,1115,1600_PT0_SX488_V1___.jpg"
B0CX8TRVSS,a_plus,10,"https://m.media-amazon.com/images/S/aplus-media-library-service-media/8ef42b56-33bd-4415-95fa-d09af84bd15d.__CR485,0,1115,1600_PT0_SX488_V1___.jpg"
B0CX8TRVSS,a_plus,11,"https://m.media-amazon.com/images/S/aplus-media-library-service-media/409a49de-8374-444a-8cd8-8fb798fb7a8d.__CR0,0,488,700_PT0_SX488_V1___.jpg"
B0CX8TRVSS,a_plus,12,"https://m.media-amazon.com/images/S/aplus-media-library-service-media/69e3e054-46ad-47a3-a079-b6238b8239a9.__CR0,0,4392,1800_PT0_SX1464_V1___.jpg"
B0CX8TRVSS,a_plus,13,"https://m.media-amazon.com/images/S/aplus-media-library-service-media/7267d124-f320-4ff4-ad64-c4206440db41.__CR0,0,4392,1800_PT0_SX1464_V1___.jpg"
B0CX8TRVSS,a_plus,14,"https://m.media-amazon.com/images/S/aplus-media-library-service-media/59a95288-c820-400a-bbb9-4e869ce56d82.__CR0,0,4392,1800_PT0_SX1464_V1___.jpg"
B0CX8TRVSS,a_plus,15,"https://m.media-amazon.com/images/S/aplus-media-library-service-media/07129fbb-ac17-4b5e-9c55-cca653a49310.__CR0,0,4392,1800_PT0_SX1464_V1___.jpg"
B0CX8TRVSS,a_plus,16,"https://m.media-amazon.com/images/S/aplus-media-library-service-media/21413be5-24dd-48c1-8ed6-0f46006e81a1.__CR0,0,4392,1800_PT0_SX1464_V1___.jpg"
B0CX8TRVSS,a_plus,17,"https://m.media-amazon.com/images/S/aplus-media-library-service-media/243d3e49-4530-4b20-a97c-50c6563556e0.__CR0,0,3333,2500_PT0_SX800_V1___.jpg"
B0CX8TRVSS,a_plus,18,"https://m.media-amazon.com/images/S/aplus-media-library-service-media/aee9b3e0-9d1f-4ae1-b349-b907ddf37964.__CR0,0,4392,1800_PT0_SX1464_V1___.jpg"
B0CX8TRVSS,a_plus,19,"https://m.media-amazon.com/images/S/aplus-media-library-service-media/566a76e8-2663-4862-8e66-24b6c6c053aa.__CR0,0,4392,1800_PT0_SX1464_V1___.jpg"
B0CX8TRVSS,a_plus,20,"https://m.media-amazon.com/images/S/aplus-media-library-service-media/79707a46-2af8-4d05-9cea-08826fee33a5.__CR0,0,4392,1800_PT0_SX1464_V1___.jpg"
B07DGPWLX2,high_resolution,0,https://m.media-amazon.com/images/I/71zb2RoMnRL._AC_SL1500_.jpg
B07DGPWLX2,high_resolution,1,https://m.media-amazon.com/images/I/81P84vj-J3L._AC_SL1500_.jpg
B07DGPWLX2,high_resolution,2,https://m.media-amazon.com/images/I/71OUNu41IsL._AC_SL1500_.jpg
B07DGPWLX2,high_resolution,3,https://m.media-amazon.com/images/I/81Kv39bXVeL._AC_SL1500_.jpg
B07DGPWLX2,high_resolution,4,https://m.media-amazon.com/images/I/61Jr+2QtMfL._AC_SL1500_.jpg
B07DGPWLX2,high_resolution,5,https://m.media-amazon.com/images/I/81ITngJ8eWL._AC_SL1500_.jpg
B07DGPWLX2,high_resolution,6,https://m.media-amazon.com/images/I/61IgxwdGpFL._AC_SL1500_.jpg
B07DGPWLX2,high_resolution,7,https://m.media-amazon.com/images/I/61SPRk2GZ-L._AC_SL1500_.jpg
B07DGPWLX2,high_resolution,8,https://m.media-amazon.com/images/I/71PjAQh5sIL._AC_SL1500_.jpg
B07DGPWLX2,a_plus,0,"https://m.media-amazon.com/images/S/aplus-media-library-service-media/5d7bcdac-4cbb-4de1-92f5-010e895c0812.__CR0,0,970,300_PT0_SX970_V1___.jpg"
B07DGPWLX2,a_plus,1,"https://m.media-amazon.com/images/S/aplus-media-library-service-media/d0297bfa-8fa4-4190-8ead-0ca3f725c6e9.__CR0,0,970,600_PT0_SX970_V1___.jpg"
B07DGPWLX2,a_plus,2,"https://m.media-amazon.com/images/S/aplus-media-library-service-media/a1fe1559-42b9-4e2f-84fd-b72aa584c442.__CR0,0,970,600_PT0_SX970_V1___.jpg"
B07DGPWLX2,a_plus,3,"https://m.media-amazon.com/images/S/aplus-media-library-service-media/e68ce967-f997-45c8-816b-281f7261b68a.__CR0,0,970,600_PT0_SX970_V1___.jpg"
B07DGPWLX2,a_plus,4,"https://m.media-amazon.com/images/S/aplus-media-library-service-media/ccefd605-0993-4854-a928-e4f7da397f60.__CR0,0,970,600_PT0_SX970_V1___.jpg"
B07DGPWLX2,a_plus,5,"https://m.media-amazon.com/images/I/31rGBUFEqhL.__AC_SR150,300___.jpg"
B07DGPWLX2,a_plus,6,"https://m.media-amazon.com/images/I/41DKPROwjeL.__AC_SR150,300___.jpg"
B07DGPWLX2,a_plus,7,"https://m.media-amazon.com/images/I/41Xsz7UyZqL.__AC_SR150,300___.jpg"
B07DGPWLX2,a_plus,8,"https://m.media-amazon.com/images/I/41zCZiljOdL.__AC_SR150,300___.jpg"
B07DGPWLX2,a_plus,9,"https://m.media-amazon.com/images/I/51c5Wu4pK3L.__AC_SR150,300___.jpg"
B07DGPWLX2,a_plus,10,"https://m.media-amazon.com/images/I/4147vmk59lL.__AC_SR150,300___.jpg"
B07DGPWLX2,a_plus,11,"https://m.media-amazon.com/images/S/aplus-media-library-service-media/5d7bcdac-4cbb-4de1-92f5-010e895c0812.__CR0,0,970,300_PT0_SX970_V1___.jpg"
B07DGPWLX2,a_plus,12,"https://m.media-amazon.com/images/S/aplus-media-library-service-media/d0297bfa-8fa4-4190-8ead-0ca3f725c6e9.__CR0,0,970,600_PT0_SX970_V1___.jpg"
B07DGPWLX2,a_plus,13,"https://m.media-amazon.com/images/S/aplus-media-library-service-media/a1fe1559-42b9-4e2f-84fd-b72aa584c442.__CR0,0,970,600_PT0_SX970_V1___.jpg"
B07DGPWLX2,a_plus,14,"https://m.media-amazon.com/images/S/aplus-media-library-service-media/e68ce967-f997-45c8-816b-281f7261b68a.__CR0,0,970,600_PT0_SX970_V1___.jpg"
B07DGPWLX2,a_plus,15,"https://m.media-amazon.com/images/S/aplus-media-library-service-media/ccefd605-0993-4854-a928-e4f7da397f60.__CR0,0,970,600_PT0_SX970_V1___.jpg"
B07DGPWLX2,a_plus,16,"https://m.media-amazon.com/images/I/31rGBUFEqhL.__AC_SR150,300___.jpg"
B07DGPWLX2,a_plus,17,https://www.amazon.de/dp/B0CNQR56ZL?ref=emc_s_m_5_i_atc
B07DGPWLX2,a_plus,18,"https://m.media-amazon.com/images/I/41DKPROwjeL.__AC_SR150,300___.jpg"
B07DGPWLX2,a_plus,19,https://www.amazon.de/dp/B094CCD82B?ref=emc_s_m_5_i_atc
B07DGPWLX2,a_plus,20,"https://m.media-amazon.com/images/I/41Xsz7UyZqL.__AC_SR150,300___.jpg"
B07DGPWLX2,a_plus,21,https://www.amazon.de/dp/B0C5HJWG15?ref=emc_s_m_5_i_atc
B07DGPWLX2,a_plus,22,"https://m.media-amazon.com/images/I/41zCZiljOdL.__AC_SR150,300___.jpg"
B07DGPWLX2,a_plus,23,https://www.amazon.de/dp/B0CNVB98DP?ref=emc_s_m_5_i_atc
B07DGPWLX2,a_plus,24,"https://m.media-amazon.com/images/I/51c5Wu4pK3L.__AC_SR150,300___.jpg"
B07DGPWLX2,a_plus,25,https://www.amazon.de/dp/B08CZMSSXP?ref=emc_s_m_5_i_atc
B07DGPWLX2,a_plus,26,"https://m.media-amazon.com/images/I/4147vmk59lL.__AC_SR150,300___.jpg"
B07DGPWLX2,a_plus,27,https://www.amazon.de/dp/B0C4NMMPN7?ref=emc_s_m_5_i_atc
B0811RBBY7,high_resolution,0,https://m.media-amazon.com/images/I/61UdFpr6A9L._AC_SL1500_.jpg
B0811RBBY7,high_resolution,1,https://m.media-amazon.com/images/I/81wY6lt-quL._AC_SL1500_.jpg
B0811RBBY7,high_resolution,2,https://m.media-amazon.com/images/I/61C6vVelcWL._AC_SL1500_.jpg
B0811RBBY7,high_resolution,3,https://m.media-amazon.com/images/I/418TPEb3iLL._AC_SL1230_.jpg
B0811RBBY7,high_resolution,4,https://m.media-amazon.com/images/I/71JwMeLvYFL._AC_SL1500_.jpg
B0811RBBY7,high_resolution,5,https://m.media-amazon.com/images/I/71aRYpTrORL._AC_SL1500_.jpg
B0811RBBY7,high_resolution,6,https://m.media-amazon.com/images/I/616SD8ktx7L._AC_SL1500_.jpg
B0811RBBY7,high_resolution,7,https://m.media-amazon.com/images/I/61o8fnLLb5L._AC_SL1500_.jpg
B0811RBBY7,high_resolution,8,https://m.media-amazon.com/images/I/81bJkaylJML._AC_SL1500_.jpg
B0811RBBY7,high_resolution,9,https://m.media-amazon.com/images/I/71cQxV-2pVL._AC_SL1500_.jpg
B0811RBBY7,a_plus,0,"https://m.media-amazon.com/images/S/aplus-media-library-service-media/74efb4cc-f11d-466f-b6f0-b744399e5835.__CR0,0,2928,1200_PT0_SX1464_V1___.jpg"
B0811RBBY7,a_plus,1,"https://m.media-amazon.com/images/S/aplus-media-library-service-media/633cb05b-084d-4269-8190-f80364fd6270.__CR0,0,2928,1200_PT0_SX1464_V1___.jpg"
B0811RBBY7,a_plus,2,"https://m.media-amazon.com/images/S/aplus-media-library-service-media/fa801183-9877-43e7-a9fd-28eb5a964d36.__CR0,0,2928,1200_PT0_SX1464_V1___.jpg"
B0811RBBY7,a_plus,3,"https://m.media-amazon.com/images/S/aplus-media-library-service-media/205515a8-7653-44e5-a4e3-f7970d322505.__CR0,0,2928,1200_PT0_SX1464_V1___.jpg"
B0811RBBY7,a_plus,4,"https://m.media-amazon.com/images/S/aplus-media-library-service-media/b1e247a7-6035-4f05-ba9e-a8a813192d51.__CR0,0,1300,700_PT0_SX650_V1___.jpg"
B0811RBBY7,a_plus,5,"https://m.media-amazon.com/images/S/aplus-media-library-service-media/d4b048ca-9d37-4730-978a-53175e395057.__CR0,0,1300,700_PT0_SX650_V1___.jpg"
B0811RBBY7,a_plus,6,"https://m.media-amazon.com/images/S/aplus-media-library-service-media/ae6ac3a5-6ded-48df-b8df-3e41a803feeb.__AC_SR200,225___.jpg"
B0811RBBY7,a_plus,7,"https://m.media-amazon.com/images/I/41moLKspCfL.__AC_SR200,225___.jpg"
B0811RBBY7,a_plus,8,"https://m.media-amazon.com/images/S/aplus-media-library-service-media/79e41c3a-3cfd-46c5-ab13-45fc1e820488.__AC_SR200,225___.jpg"
B0811RBBY7,a_plus,9,"https://m.media-amazon.com/images/S/aplus-media-library-service-media/157f8826-2216-4cc6-ab14-f44efe213a3f.__AC_SR200,225___.jpg"
B0811RBBY7,a_plus,10,"https://m.media-amazon.com/images/S/aplus-media-library-service-media/fed79c02-6159-4924-9782-f58d2b15b3ea.__AC_SR200,225___.jpg"
B0811RBBY7,a_plus,11,"https://m.media-amazon.com/images/S/aplus-media-library-service-media/74efb4cc-f11d-466f-b6f0-b744399e5835.__CR0,0,2928,1200_PT0_SX1464_V1___.jpg"
B0811RBBY7,a_plus,12,"https://m.media-amazon.com/images/S/aplus-media-library-service-media/633cb05b-084d-4269-8190-f80364fd6270.__CR0,0,2928,1200_PT0_SX1464_V1___.jpg"
B0811RBBY7,a_plus,13,"https://m.media-amazon.com/images/S/aplus-media-library-service-media/fa801183-9877-43e7-a9fd-28eb5a964d36.__CR0,0,2928,1200_PT0_SX1464_V1___.jpg"
B0811RBBY7,a_plus,14,"https://m.media-amazon.com/images/S/aplus-media-library-service-media/205515a8-7653-44e5-a4e3-f7970d322505.__CR0,0,2928,1200_PT0_SX1464_V1___.jpg"
B0811RBBY7,a_plus,15,"https://m.media-amazon.com/images/S/aplus-media-library-service-media/b1e247a7-6035-4f05-ba9e-a8a813192d51.__CR0,0,1300,700_PT0_SX650_V1___.jpg"
B0811RBBY7,a_plus,16,"https://m.media-amazon.com/images/S/aplus-media-library-service-media/d4b048ca-9d37-4730-978a-53175e395057.__CR0,0,1300,700_PT0_SX650_V1___.jpg"
B0CFL7Q3G4,high_resolution,0,https://m.media-amazon.com/images/I/71CL2n0TLuL._AC_SL1500_.jpg
B0CFL7Q3G4,high_resolution,1,https://m.media-amazon.com/images/I/81K2PjShKSL._AC_SL1500_.jpg
B0CFL7Q3G4,high_resolution,2,https://m.media-amazon.com/images/I/715YKf0+RRL._AC_SL1500_.jpg
B0CFL7Q3G4,high_resolution,3,https://m.media-amazon.com/images/I/710hkMmKEBL._AC_SL1500_.jpg
B0CFL7Q3G4,high_resolution,4,https://m.media-amazon.com/images/I/71RZFr3iG4L._AC_SL1500_.jpg
B0CFL7Q3G4,high_resolution,5,https://m.media-amazon.com/images/I/71CMl4whs0L._AC_SL1500_.jpg
B0CFL7Q3G4,high_resolution,6,https://m.media-amazon.com/images/I/81sqlXWjVoL._AC_SL1500_.jpg
B0CFL7Q3G4,high_resolution,7,https://m.media-amazon.com/images/I/912tTHCQXGL._AC_SL1500_.jpg
B0CFL7Q3G4,a_plus,0,"https://m.media-amazon.com/images/S/aplus-media-library-service-media/a3896f98-4b6a-4c8e-981b-3d8cbe8eb29e.__CR0,0,1464,600_PT0_SX1464_V1___.jpg"
B0CFL7Q3G4,a_plus,1,"https://m.media-amazon.com/images/S/aplus-media-library-service-media/1950a9e9-2fc1-435b-8fbb-22c1c8e7ffcb.__CR0,0,1464,600_PT0_SX1464_V1___.jpg"
B0CFL7Q3G4,a_plus,2,"https://m.media-amazon.com/images/S/aplus-media-library-service-media/7408ad24-bcd4-4b2c-ab5c-7e3aa26b1fed.__CR0,0,1464,600_PT0_SX1464_V1___.jpg"
B0CFL7Q3G4,a_plus,3,"https://m.media-amazon.com/images/S/aplus-media-library-service-media/27fa5bb2-23c6-4459-8cf0-daef0f49217e.__CR0,0,1464,600_PT0_SX1464_V1___.jpg"
B0CFL7Q3G4,a_plus,4,"https://m.media-amazon.com/images/S/aplus-media-library-service-media/6414b654-aad5-4cf5-bdff-cd05eeca2384.__CR0,0,1464,600_PT0_SX1464_V1___.jpg"
B0CFL7Q3G4,a_plus,5,"https://m.media-amazon.com/images/S/aplus-media-library-service-media/a3896f98-4b6a-4c8e-981b-3d8cbe8eb29e.__CR0,0,1464,600_PT0_SX1464_V1___.jpg"
B0CFL7Q3G4,a_plus,6,"https://m.media-amazon.com/images/S/aplus-media-library-service-media/1950a9e9-2fc1-435b-8fbb-22c1c8e7ffcb.__CR0,0,1464,600_PT0_SX1464_V1___.jpg"
B0CFL7Q3G4,a_plus,7,"https://m.media-amazon.com/images/S/aplus-media-library-service-media/7408ad24-bcd4-4b2c-ab5c-7e3aa26b1fed.__CR0,0,1464,600_PT0_SX1464_V1___.jpg"
B0CFL7Q3G4,a_plus,8,"https://m.media-amazon.com/images/S/aplus-media-library-service-media/27fa5bb2-23c6-4459-8cf0-daef0f49217e.__CR0,0,1464,600_PT0_SX1464_V1___.jpg"
B0CFL7Q3G4,a_plus,9,"https://m.media-amazon.com/images/S/aplus-media-library-service-media/6414b654-aad5-4cf5-bdff-cd05eeca2384.__CR0,0,1464,600_PT0_SX1464_V1___.jpg"
B00I0UOESG,high_resolution,0,https://m.media-amazon.com/images/I/61+hdYKbJ3L._AC_SL1500_.jpg
B00I0UOESG,high_resolution,1,https://m.media-amazon.com/images/I/71cjOyOXqjL._AC_SL1500_.jpg
B00I0UOESG,high_resolution,2,https://m.media-amazon.com/images/I/81cvg4gAKKL._AC_SL1500_.jpg
B00I0UOESG,high_resolution,3,https://m.media-amazon.com/images/I/71eRxKQ+SSL._AC_SL1500_.jpg
B00I0UOESG,high_resolution,4,https://m.media-amazon.com/images/I/71deHEPJBBL._AC_SL1500_.jpg
B00I0UOESG,high_resolution,5,https://m.media-amazon.com/images/I/71DXfJZpWpL._AC_SL1500_.jpg
B00I0UOESG,high_resolution,6,https://m.media-amazon.com/images/I/71AInncKBSL._AC_SL1500_.jpg
B00I0UOESG,high_resolution,7,https://m.media-amazon.com/images/I/71ZmhHjit3L._AC_SL1500_.jpg
B00I0UOESG,high_resolution,8,https://m.media-amazon.com/images/I/71PKBQMOb4L._AC_SL1500_.jpg
B00I0UOESG,high_resolution,9,https://m.media-amazon.com/images/I/61VrK30PDyL._AC_SL1500_.jpg
B00I0UOESG,high_resolution,10,https://m.media-amazon.com/images/I/71u6+rPI9WL._AC_SL1500_.jpg
B00I0UOESG,high_resolution,11,https://m.media-amazon.com/images/I/71xitEqRsEL._AC_SL1500_.jpg
B00I0UOESG,high_resolution,12,https://m.media-amazon.com/images/I/412zcJ4fwjL._AC_SL1193_.jpg
B0D53DDQFD,high_resolution,0,https://m.media-amazon.com/images/I/71wKRVjzjHL._AC_SL1500_.jpg
B0D53DDQFD,high_resolution,1,https://m.media-amazon.com/images/I/810kEyiMf-L._AC_SL1500_.jpg
B0D53DDQFD,high_resolution,2,https://m.media-amazon.com/images/I/61C4wYriIuL._AC_SL1500_.jpg
B0D53DDQFD,high_resolution,3,https://m.media-amazon.com/images/I/81WlVcl+sjL._AC_SL1500_.jpg
B0D53DDQFD,high_resolution,4,https://m.media-amazon.com/images/I/81NPOP62dXL._AC_SL1500_.jpg
B0D53DDQFD,high_resolution,5,https://m.media-amazon.com/images/I/810h0XzipKL._AC_SL1500_.jpg
B0D53DDQFD,a_plus,0,"https://m.media-amazon.com/images/S/aplus-media-library-service-media/7cefb017-1145-4c98-b8f7-c1b7e621a5da.__CR0,0,1464,600_PT0_SX1464_V1___.jpg"
B0D53DDQFD,a_plus,1,"https://m.media-amazon.com/images/S/aplus-media-library-service-media/999706d6-af12-4238-a688-1d89a68b7b60.__CR0,0,300,225_PT0_SX300_V1___.jpg"
B0D53DDQFD,a_plus,2,"https://m.media-amazon.com/images/S/aplus-media-library-service-media/b725ed90-cc64-4bc5-91f6-3c34ced18c2b.__CR0,0,300,225_PT0_SX300_V1___.jpg"
B0D53DDQFD,a_plus,3,"https://m.media-amazon.com/images/S/aplus-media-library-service-media/947e530b-4ede-40ce-b436-70603ef34e47.__CR0,0,300,225_PT0_SX300_V1___.jpg"
B0D53DDQFD,a_plus,4,"https://m.media-amazon.com/images/S/aplus-media-library-service-media/962a3340-082a-45a5-a08c-be0cab12a794.__CR0,0,300,225_PT0_SX300_V1___.jpg"
B0D53DDQFD,a_plus,5,"https://m.media-amazon.com/images/S/aplus-media-library-service-media/22a0ff83-439d-4320-8dbb-528641c14af8.__CR0,0,1464,600_PT0_SX1464_V1___.jpg"
B0D53DDQFD,a_plus,6,"https://m.media-amazon.com/images/S/aplus-media-library-service-media/61fe9981-b656-4f74-8a5a-16c334d28eea.__CR0,0,200,225_PT0_SX200_V1___.jpg"
B0D53DDQFD,a_plus,7,"https://m.media-amazon.com/images/S/aplus-media-library-service-media/893a8386-8856-4cdb-bc77-a780e6d97455.__CR0,0,200,225_PT0_SX200_V1___.jpg"
B0D53DDQFD,a_plus,8,"https://m.media-amazon.com/images/S/aplus-media-library-service-media/18ac831c-6742-49fc-b642-82bfe8e43a94.__CR0,0,200,225_PT0_SX200_V1___.jpg"
B0D53DDQFD,a_plus,9,"https://m.media-amazon.com/images/S/aplus-media-library-service-media/8af3b9ee-b419-4481-a616-d7c7871bf94a.__CR0,0,200,225_PT0_SX200_V1___.jpg"
B0D53DDQFD,a_plus,10,"https://m.media-amazon.com/images/S/aplus-media-library-service-media/5205371a-6b7a-4909-a4d9-da5b2ef9577e.__CR0,0,200,225_PT0_SX200_V1___.jpg"
B0D53DDQFD,a_plus,11,"https://m.media-amazon.com/images/S/aplus-media-library-service-media/3d916e29-c726-492c-ad3b-e0688f371e3f.__CR0,0,200,225_PT0_SX200_V1___.jpg"
B0D53DDQFD,a_plus,12,"https://m.media-amazon.com/images/S/aplus-media-library-service-media/f93ef531-b909-4d8c-98aa-480b38d48e14.__CR0,0,200,225_PT0_SX200_V1___.jpg"
B0D53DDQFD,a_plus,13,"https://m.media-amazon.com/images/S/aplus-media-library-service-media/7cefb017-1145-4c98-b8f7-c1b7e621a5da.__CR0,0,1464,600_PT0_SX1464_V1___.jpg"
B0D53DDQFD,a_plus,14,"https://m.media-amazon.com/images/S/aplus-media-library-service-media/999706d6-af12-4238-a688-1d89a68b7b60.__CR0,0,300,225_PT0_SX300_V1___.jpg"
B0D53DDQFD,a_plus,15,"https://m.media-amazon.com/images/S/aplus-media-library-service-media/b725ed90-cc64-4bc5-91f6-3c34ced18c2b.__CR0,0,300,225_PT0_SX300_V1___.jpg"
B0D53DDQFD,a_plus,16,"https://m.media-amazon.com/images/S/aplus-media-library-service-media/947e530b-4ede-40ce-b436-70603ef34e47.__CR0,0,300,225_PT0_SX300_V1___.jpg"
B0D53DDQFD,a_plus,17,"https://m.media-amazon.com/images/S/aplus-media-library-service-media/962a3340-082a-45a5-a08c-be0cab12a794.__CR0,0,300,225_PT0_SX300_V1___.jpg"
B0D53DDQFD,a_plus,18,"https://m.media-amazon.com/images/S/aplus-media-library-service-media/22a0ff83-439d-4320-8dbb-528641c14af8.__CR0,0,1464,600_PT0_SX1464_V1___.jpg"
B0DDC1C1GN,high_resolution,0,https://m.media-amazon.com/images/I/81AtQ7fWIrL._AC_SL1500_.jpg
B0DDC1C1GN,high_resolution,1,https://m.media-amazon.com/images/I/81sK-RnjyDL._AC_SL1500_.jpg
B0DDC1C1GN,high_resolution,2,https://m.media-amazon.com/images/I/61RbrPvjHaL._AC_SL1500_.jpg
B0DDC1C1GN,high_resolution,3,https://m.media-amazon.com/images/I/61iOIKr4zKL._AC_SL1500_.jpg
B0DDC1C1GN,high_resolution,4,https://m.media-amazon.com/images/I/71+xjbtl0ZL._AC_SL1500_.jpg
B0DDC1C1GN,high_resolution,5,https://m.media-amazon.com/images/I/61S0KPH1t9L._AC_SL1500_.jpg
B0DDC1C1GN,high_resolution,6,https://m.media-amazon.com/images/I/71cxncdf+lL._AC_SL1500_.jpg
B0DDC1C1GN,high_resolution,7,https://m.media-amazon.com/images/I/61Lt2PJcdGL._AC_SL1500_.jpg
B0DDC1C1GN,a_plus,0,"https://m.media-amazon.com/images/S/aplus-media-library-service-media/52419995-a308-46e5-81f4-95fde60ee139.__CR0,556,2000,1237_PT0_SX970_V1___.jpg"
B0DDC1C1GN,a_plus,1,"https://m.media-amazon.com/images/S/aplus-media-library-service-media/cb97344b-4877-4a17-afa8-2f3959a3aa64.__CR0,0,2000,2000_PT0_SX300_V1___.jpg"
B0DDC1C1GN,a_plus,2,"https://m.media-amazon.com/images/S/aplus-media-library-service-media/f0522ffc-71fe-4df5-b4b6-994ed5401d0b.__CR0,0,2000,2000_PT0_SX300_V1___.jpg"
B0DDC1C1GN,a_plus,3,"https://m.media-amazon.com/images/S/aplus-media-library-service-media/17032ffd-c9ca-4767-99cd-1825410a976f.__CR0,0,2000,2000_PT0_SX300_V1___.jpg"
B0DDC1C1GN,a_plus,4,"https://m.media-amazon.com/images/S/aplus-media-library-service-media/91a8b5c3-2902-4516-8a9e-433a4ecfdf82.__CR0,0,2000,2000_PT0_SX300_V1___.jpg"
B0DDC1C1GN,a_plus,5,"https://m.media-amazon.com/images/S/aplus-media-library-service-media/9748837a-8c36-4577-b5e0-a39dc9ccc3e2.__CR0,0,2000,2000_PT0_SX300_V1___.jpg"
B0DDC1C1GN,a_plus,6,"https://m.media-amazon.com/images/S/aplus-media-library-service-media/52419995-a308-46e5-81f4-95fde60ee139.__CR0,556,2000,1237_PT0_SX970_V1___.jpg"
B0DDC1C1GN,a_plus,7,"https://m.media-amazon.com/images/S/aplus-media-library-service-media/cb97344b-4877-4a17-afa8-2f3959a3aa64.__CR0,0,2000,2000_PT0_SX300_V1___.jpg"
B0DDC1C1GN,a_plus,8,"https://m.media-amazon.com/images/S/aplus-media-library-service-media/f0522ffc-71fe-4df5-b4b6-994ed5401d0b.__CR0,0,2000,2000_PT0_SX300_V1___.jpg"
B0DDC1C1GN,a_plus,9,"https://m.media-amazon.com/images/S/aplus-media-library-service-media/17032ffd-c9ca-4767-99cd-1825410a976f.__CR0,0,2000,2000_PT0_SX300_V1___.jpg"
B0DDC1C1GN,a_plus,10,"https://m.media-amazon.com/images/S/aplus-media-library-service-media/91a8b5c3-2902-4516-8a9e-433a4ecfdf82.__CR0,0,2000,2000_PT0_SX300_V1___.jpg"
B0DDC1C1GN,a_plus,11,"https://m.media-amazon.com/images/S/aplus-media-library-service-media/9748837a-8c36-4577-b5e0-a39dc9ccc3e2.__CR0,0,2000,2000_PT0_SX300_V1___.jpg"
B0H28RZB23,high_resolution,0,https://m.media-amazon.com/images/I/91CNiRbqtnL._AC_SL1500_.jpg
B0H28RZB23,high_resolution,1,https://m.media-amazon.com/images/I/61Nl76IdeKL._AC_SL1500_.jpg
B0H28RZB23,high_resolution,2,https://m.media-amazon.com/images/I/91pK8EhXzQL._AC_SL1500_.jpg
B0H28RZB23,high_resolution,3,https://m.media-amazon.com/images/I/81V5EyVfOgL._AC_SL1500_.jpg
B0H28RZB23,high_resolution,4,https://m.media-amazon.com/images/I/61w1oKbwe-L._AC_SL1500_.jpg
B0H28RZB23,high_resolution,5,https://m.media-amazon.com/images/I/91eb6nY8VDL._AC_SL1500_.jpg
B0H28RZB23,high_resolution,6,https://m.media-amazon.com/images/I/813XA9xad2L._AC_SL1500_.jpg
B0H28RZB23,high_resolution,7,https://m.media-amazon.com/images/I/71CEZAQLzRL._AC_SL1500_.jpg
B0H28RZB23,high_resolution,8,https://m.media-amazon.com/images/I/716QWpCP8gL._AC_SL1500_.jpg
B0GZKBLVWV,high_resolution,0,https://m.media-amazon.com/images/I/71aRENCz9SL._AC_SL1500_.jpg
B0GZKBLVWV,high_resolution,1,https://m.media-amazon.com/images/I/714U1ikwUGL._AC_SL1500_.jpg
B0GZKBLVWV,high_resolution,2,https://m.media-amazon.com/images/I/71mCtkfHmxL._AC_SL1500_.jpg
B0GZKBLVWV,high_resolution,3,https://m.media-amazon.com/images/I/61Hu40Ix-wL._AC_SL1500_.jpg
B0GZKBLVWV,high_resolution,4,https://m.media-amazon.com/images/I/81zHyywj9sL._AC_SL1500_.jpg
B0GZKBLVWV,high_resolution,5,https://m.media-amazon.com/images/I/81RB+d49n2L._AC_SL1500_.jpg
B0GZKBLVWV,high_resolution,6,https://m.media-amazon.com/images/I/81niEXXzosL._AC_SL1500_.jpg
B0GZKBLVWV,high_resolution,7,https://m.media-amazon.com/images/I/71XqeZq01fL._AC_SL1500_.jpg
B0GMPX8YJG,high_resolution,0,https://m.media-amazon.com/images/I/81HsG3tsPOL._AC_SL1500_.jpg
B0GMPX8YJG,high_resolution,1,https://m.media-amazon.com/images/I/81DH0GKvT1L._AC_SL1500_.jpg
B0GMPX8YJG,high_resolution,2,https://m.media-amazon.com/images/I/61u5cuTY4BL._AC_SL1500_.jpg
B0GMPX8YJG,high_resolution,3,https://m.media-amazon.com/images/I/81gHr59x9aL._AC_SL1500_.jpg
B0GMPX8YJG,high_resolution,4,https://m.media-amazon.com/images/I/81Y2UtmMESL._AC_SL1500_.jpg
B0GMPX8YJG,high_resolution,5,https://m.media-amazon.com/images/I/71j9DvRntXL._AC_SL1500_.jpg
B0GMPX8YJG,high_resolution,6,https://m.media-amazon.com/images/I/71fhySxv+EL._AC_SL1500_.jpg
B0GMPX8YJG,high_resolution,7,https://m.media-amazon.com/images/I/81VeR32J9eL._AC_SL1500_.jpg
B0GMPX8YJG,high_resolution,8,https://m.media-amazon.com/images/I/81CBREOoZLL._AC_SL1500_.jpg
B0GMPX8YJG,a_plus,0,"https://m.media-amazon.com/images/S/aplus-media-library-service-media/777f25db-8ad5-4418-8bf5-365a3665c0b7.__CR0,0,1464,600_PT0_SX1464_V1___.jpg"
B0GMPX8YJG,a_plus,1,"https://m.media-amazon.com/images/S/aplus-media-library-service-media/74087b6b-a04d-42b3-be4b-1b73a549be2e.__CR0,0,300,225_PT0_SX300_V1___.jpg"
B0GMPX8YJG,a_plus,2,"https://m.media-amazon.com/images/S/aplus-media-library-service-media/8c5351ba-0bff-453f-9511-a9a787fb4f00.__CR0,0,300,225_PT0_SX300_V1___.jpg"
B0GMPX8YJG,a_plus,3,"https://m.media-amazon.com/images/S/aplus-media-library-service-media/533eb18d-4a59-4b8e-a738-4ab45f275bff.__CR0,0,300,225_PT0_SX300_V1___.jpg"
B0GMPX8YJG,a_plus,4,"https://m.media-amazon.com/images/S/aplus-media-library-service-media/266fc231-85d7-4fcc-877e-2d7a2989663d.__CR0,0,300,225_PT0_SX300_V1___.jpg"
B0GMPX8YJG,a_plus,5,"https://m.media-amazon.com/images/S/aplus-media-library-service-media/4d866c16-b90e-422c-8051-a2d4001efeec.__CR0,0,300,225_PT0_SX300_V1___.jpg"
B0GMPX8YJG,a_plus,6,"https://m.media-amazon.com/images/S/aplus-media-library-service-media/24afaf02-1a5d-49cf-b191-2b593049e2fd.__CR0,0,300,225_PT0_SX300_V1___.jpg"
B0GMPX8YJG,a_plus,7,"https://m.media-amazon.com/images/S/aplus-media-library-service-media/ba4445b0-b11c-4f80-aed3-0d0a3609dee1.__CR0,0,300,225_PT0_SX300_V1___.jpg"
B0GMPX8YJG,a_plus,8,"https://m.media-amazon.com/images/S/aplus-media-library-service-media/6c76539c-2963-4f07-989d-fa10cc181c3e.__CR0,0,300,225_PT0_SX300_V1___.jpg"
B0GMPX8YJG,a_plus,9,"https://m.media-amazon.com/images/S/aplus-media-library-service-media/03e672ba-50f2-4edb-9b1d-545dfbe179ab.__CR0,0,650,350_PT0_SX650_V1___.jpg"
B0GMPX8YJG,a_plus,10,"https://m.media-amazon.com/images/S/aplus-media-library-service-media/43cd97b5-3107-444d-8555-bc427f20ddcb.__CR0,0,650,350_PT0_SX650_V1___.jpg"
B0GMPX8YJG,a_plus,11,"https://m.media-amazon.com/images/S/aplus-media-library-service-media/1a136884-23f1-4bd4-8d34-d13462043a12.__CR0,0,800,600_PT0_SX800_V1___.jpg"
B0GMPX8YJG,a_plus,12,"https://m.media-amazon.com/images/S/aplus-media-library-service-media/07c494ea-f384-4354-982e-4a9cad4c1871.__CR0,0,800,600_PT0_SX800_V1___.jpg"
B0GMPX8YJG,a_plus,13,"https://m.media-amazon.com/images/S/aplus-media-library-service-media/120bf973-c5c5-4937-ae39-2e7b0c37ac1c.__CR0,0,800,600_PT0_SX800_V1___.jpg"
B0GMPX8YJG,a_plus,14,"https://m.media-amazon.com/images/S/aplus-media-library-service-media/777f25db-8ad5-4418-8bf5-365a3665c0b7.__CR0,0,1464,600_PT0_SX1464_V1___.jpg"
B0GMPX8YJG,a_plus,15,"https://m.media-amazon.com/images/S/aplus-media-library-service-media/74087b6b-a04d-42b3-be4b-1b73a549be2e.__CR0,0,300,225_PT0_SX300_V1___.jpg"
B0GMPX8YJG,a_plus,16,"https://m.media-amazon.com/images/S/aplus-media-library-service-media/8c5351ba-0bff-453f-9511-a9a787fb4f00.__CR0,0,300,225_PT0_SX300_V1___.jpg"
B0GMPX8YJG,a_plus,17,"https://m.media-amazon.com/images/S/aplus-media-library-service-media/533eb18d-4a59-4b8e-a738-4ab45f275bff.__CR0,0,300,225_PT0_SX300_V1___.jpg"
B0GMPX8YJG,a_plus,18,"https://m.media-amazon.com/images/S/aplus-media-library-service-media/266fc231-85d7-4fcc-877e-2d7a2989663d.__CR0,0,300,225_PT0_SX300_V1___.jpg"
B0GMPX8YJG,a_plus,19,"https://m.media-amazon.com/images/S/aplus-media-library-service-media/4d866c16-b90e-422c-8051-a2d4001efeec.__CR0,0,300,225_PT0_SX300_V1___.jpg"
B0GMPX8YJG,a_plus,20,"https://m.media-amazon.com/images/S/aplus-media-library-service-media/24afaf02-1a5d-49cf-b191-2b593049e2fd.__CR0,0,300,225_PT0_SX300_V1___.jpg"
B0GMPX8YJG,a_plus,21,"https://m.media-amazon.com/images/S/aplus-media-library-service-media/ba4445b0-b11c-4f80-aed3-0d0a3609dee1.__CR0,0,300,225_PT0_SX300_V1___.jpg"
B0GMPX8YJG,a_plus,22,"https://m.media-amazon.com/images/S/aplus-media-library-service-media/6c76539c-2963-4f07-989d-fa10cc181c3e.__CR0,0,300,225_PT0_SX300_V1___.jpg"
B0GMPX8YJG,a_plus,23,"https://m.media-amazon.com/images/S/aplus-media-library-service-media/03e672ba-50f2-4edb-9b1d-545dfbe179ab.__CR0,0,650,350_PT0_SX650_V1___.jpg"
B0GMPX8YJG,a_plus,24,"https://m.media-amazon.com/images/S/aplus-media-library-service-media/43cd97b5-3107-444d-8555-bc427f20ddcb.__CR0,0,650,350_PT0_SX650_V1___.jpg"
B0GMPX8YJG,a_plus,25,"https://m.media-amazon.com/images/S/aplus-media-library-service-media/1a136884-23f1-4bd4-8d34-d13462043a12.__CR0,0,800,600_PT0_SX800_V1___.jpg"
B0GMPX8YJG,a_plus,26,"https://m.media-amazon.com/images/S/aplus-media-library-service-media/07c494ea-f384-4354-982e-4a9cad4c1871.__CR0,0,800,600_PT0_SX800_V1___.jpg"
B0GMPX8YJG,a_plus,27,"https://m.media-amazon.com/images/S/aplus-media-library-service-media/120bf973-c5c5-4937-ae39-2e7b0c37ac1c.__CR0,0,800,600_PT0_SX800_V1___.jpg"
B0CTK9768L,thumbnail,0,https://m.media-amazon.com/images/I/61vmzvUauCL._AC_SY300_SX300_QL70_ML2_.jpg
B0DM1FW59V,thumbnail,0,https://m.media-amazon.com/images/I/81LyrtUf8zL._AC_SY300_SX300_QL70_ML2_.jpg
B01KO2I7XU,thumbnail,0,https://m.media-amazon.com/images/I/51Ba9yPCtnL._AC_SY300_SX300_QL70_ML2_.jpg
B0F1Y4F3PS,thumbnail,0,https://m.media-amazon.com/images/I/61bkLLTzvML._AC_SY300_SX300_QL70_ML2_.jpg
B0FVLQMK31,thumbnail,0,https://m.media-amazon.com/images/I/81ZikIE4FPL._AC_SY300_SX300_QL70_ML2_.jpg
B07SF5LP9K,thumbnail,0,https://m.media-amazon.com/images/I/61fqWZsIRYL._AC_SY300_SX300_QL70_ML2_.jpg
B0H4RB849Q,thumbnail,0,https://m.media-amazon.com/images/I/816r9oOmXhL._AC_SY300_SX300_QL70_ML2_.jpg
B0FT2JLPD8,thumbnail,0,https://m.media-amazon.com/images/I/71H-ajHdyhL._AC_SY300_SX300_QL70_ML2_.jpg
B07DGSCJPF,thumbnail,0,https://m.media-amazon.com/images/I/81cMKUITgnL._AC_SY300_SX300_QL70_ML2_.jpg
B0DK94BK76,thumbnail,0,https://m.media-amazon.com/images/I/81f-pcDlPfL._AC_SY300_SX300_QL70_ML2_.jpg
B0F3CPWB32,thumbnail,0,https://m.media-amazon.com/images/I/71C8gPl4VwL._AC_SY300_SX300_QL70_ML2_.jpg
B0D45LGL6T,thumbnail,0,https://m.media-amazon.com/images/I/71K1E3k+rNL._AC_SY300_SX300_QL70_ML2_.jpg
B09JW54WNY,thumbnail,0,https://m.media-amazon.com/images/I/71+QK6P5xyL._AC_SY300_SX300_QL70_ML2_.jpg
B0G127C2LX,thumbnail,0,https://m.media-amazon.com/images/I/61eciB5cPvL._AC_SY300_SX300_QL70_ML2_.jpg
B0FVLR1DZR,thumbnail,0,https://m.media-amazon.com/images/I/71n7EgsbhuL._AC_SY300_SX300_QL70_ML2_.jpg
B089K32SDQ,thumbnail,0,https://m.media-amazon.com/images/I/71nEIFzuGTL._AC_SY300_SX300_QL70_ML2_.jpg
B0F3CMPQFS,thumbnail,0,https://m.media-amazon.com/images/I/71hLQ9lcAnL._AC_SY300_SX300_QL70_ML2_.jpg
B0GTLRJPGT,thumbnail,0,https://m.media-amazon.com/images/I/81Qj1ipc0YL._AC_SY300_SX300_QL70_ML2_.jpg
B07MDJDK23,thumbnail,0,https://m.media-amazon.com/images/I/71COwWj9enL._AC_SY300_SX300_QL70_ML2_.jpg
B0CP5DZ4CY,thumbnail,0,https://m.media-amazon.com/images/I/61X0JTL45bL._AC_SX300_SY300_QL70_ML2_.jpg
B0FXWZGZZK,thumbnail,0,https://m.media-amazon.com/images/I/71OhRvZ3ssL._AC_SY300_SX300_QL70_ML2_.jpg
B0F9F7BW9W,thumbnail,0,https://m.media-amazon.com/images/I/81aafpid17L._AC_SY300_SX300_QL70_ML2_.jpg
B0F1Y484RH,thumbnail,0,https://m.media-amazon.com/images/I/61i6b0anPDL._AC_SY300_SX300_QL70_ML2_.jpg
B0GX5HS9WF,thumbnail,0,https://m.media-amazon.com/images/I/81KorpR-LML._AC_SY300_SX300_QL70_ML2_.jpg
B0FK57MTS3,thumbnail,0,https://m.media-amazon.com/images/I/61JHac3M6iL._AC_SY300_SX300_QL70_ML2_.jpg
B0DK92XF9Q,thumbnail,0,https://m.media-amazon.com/images/I/612pXfT7iAL._AC_SY300_SX300_QL70_ML2_.jpg
B0GY872VLJ,thumbnail,0,https://m.media-amazon.com/images/I/81rDQcvTCfL._AC_SY300_SX300_QL70_ML2_.jpg
B0FFT3FCZC,thumbnail,0,https://m.media-amazon.com/images/I/71dR7hPymFL._AC_SY300_SX300_QL70_ML2_.jpg
B0BFPZFH1P,thumbnail,0,https://m.media-amazon.com/images/I/617TEQU7atL._AC_SY300_SX300_QL70_ML2_.jpg
B0G1YMHDTH,thumbnail,0,https://m.media-amazon.com/images/I/81WadicyfTL._AC_SY300_SX300_QL70_ML2_.jpg
B0FY2TWL3B,thumbnail,0,https://m.media-amazon.com/images/I/71IVMv5HE8L._AC_SY300_SX300_QL70_ML2_.jpg
B0DSBPS423,thumbnail,0,https://m.media-amazon.com/images/I/81fPCFD8YOL._AC_SY300_SX300_QL70_ML2_.jpg
B0CNXY7Z8J,thumbnail,0,https://m.media-amazon.com/images/I/71fxbXdvtkL._AC_SY300_SX300_QL70_ML2_.jpg
B0FSQ4RG83,thumbnail,0,https://m.media-amazon.com/images/I/61WAzvArIRL._AC_SY300_SX300_QL70_ML2_.jpg
B0FQC7RR3H,thumbnail,0,https://m.media-amazon.com/images/I/71ZFT+s0v1L._AC_SY300_SX300_QL70_ML2_.jpg
B09T3NL1NR,thumbnail,0,https://m.media-amazon.com/images/I/61ZTQ5wBTqL._AC_SY300_SX300_QL70_ML2_.jpg
B0FFMD5NPF,thumbnail,0,https://m.media-amazon.com/images/I/81ahMatb2rL._AC_SY300_SX300_QL70_ML2_.jpg
B0C8N681D2,thumbnail,0,https://m.media-amazon.com/images/I/61whyzMgjRL._AC_SY300_SX300_QL70_ML2_.jpg
B07KB47FLJ,thumbnail,0,https://m.media-amazon.com/images/I/71UScz1EjSL._AC_SY300_SX300_QL70_ML2_.jpg
B0BWD94QMH,thumbnail,0,https://m.media-amazon.com/images/I/61W6rHh-x0L._AC_SY300_SX300_QL70_ML2_.jpg
B0DP9CR9FQ,thumbnail,0,https://m.media-amazon.com/images/I/819wD+vQh7L._AC_SY300_SX300_QL70_ML2_.jpg
B0FVM4MDK9,thumbnail,0,https://m.media-amazon.com/images/I/81ZxhDK7ZfL._AC_SY300_SX300_QL70_ML2_.jpg
B0FH2GM4K9,thumbnail,0,https://m.media-amazon.com/images/I/8130ypDxUFL._AC_SY300_SX300_QL70_ML2_.jpg
B0H4QXT8CD,thumbnail,0,https://m.media-amazon.com/images/I/71J28vsRYQL._AC_SY300_SX300_QL70_ML2_.jpg
B0FC2GBK96,thumbnail,0,https://m.media-amazon.com/images/I/71+WDhHgsfL._AC_SY300_SX300_QL70_ML2_.jpg
B0C8N6FXHC,thumbnail,0,https://m.media-amazon.com/images/I/71NNwV-pEgL._AC_SY300_SX300_QL70_ML2_.jpg
B0GMZ2QD75,thumbnail,0,https://m.media-amazon.com/images/I/912PgEuLljL._AC_SY300_SX300_QL70_ML2_.jpg
B0H38K62K2,thumbnail,0,https://m.media-amazon.com/images/I/71nMmN8UseL._AC_SY300_SX300_QL70_ML2_.jpg
B0CX51L29M,thumbnail,0,https://m.media-amazon.com/images/I/71yS7-6UAAL._AC_SY300_SX300_QL70_ML2_.jpg
B00Q0856KA,thumbnail,0,https://m.media-amazon.com/images/I/61GFCk0BlpL._AC_SX300_SY300_QL70_ML2_.jpg
B09ZYHF44Y,thumbnail,0,https://m.media-amazon.com/images/I/61Y43ET8OGL._AC_SY300_SX300_QL70_ML2_.jpg
B096M54QC4,thumbnail,0,https://m.media-amazon.com/images/I/51goKaq+jOL._AC_SY300_SX300_QL70_ML2_.jpg
B0FFSYD6PD,thumbnail,0,https://m.media-amazon.com/images/I/819wY-eclWL._AC_SY300_SX300_QL70_ML2_.jpg
B0C8N7VCFZ,thumbnail,0,https://m.media-amazon.com/images/I/612JL1D3orL._AC_SY300_SX300_QL70_ML2_.jpg
B0DKJTD22V,thumbnail,0,https://m.media-amazon.com/images/I/51gFXFEte3L._AC_SY300_SX300_QL70_ML2_.jpg
B0DCHZX2QN,thumbnail,0,https://m.media-amazon.com/images/I/61jl-E3ITqL._AC_SY300_SX300_QL70_ML2_.jpg
B0G2XHN7X5,thumbnail,0,https://m.media-amazon.com/images/I/71DUwOfKz2L._AC_SY300_SX300_QL70_ML2_.jpg
B0F7R9MPFR,thumbnail,0,https://m.media-amazon.com/images/I/718lfVpAzsL._AC_SY300_SX300_QL70_ML2_.jpg
B0G12K198P,thumbnail,0,https://m.media-amazon.com/images/I/71-9qp8fW0L._AC_SY300_SX300_QL70_ML2_.jpg
B0GWMC2ZLV,thumbnail,0,https://m.media-amazon.com/images/I/71glmXfQYlL._AC_SY300_SX300_QL70_ML2_.jpg
B0CQQ9W4BF,thumbnail,0,https://m.media-amazon.com/images/I/71h7YwbxxIL._AC_SY300_SX300_QL70_ML2_.jpg
B0D962W8TP,thumbnail,0,https://m.media-amazon.com/images/I/61if-qB-ZXL._AC_SY300_SX300_QL70_ML2_.jpg
B0FRFNKNB1,thumbnail,0,https://m.media-amazon.com/images/I/81VmQhie6LL._AC_SY300_SX300_QL70_ML2_.jpg
B0GYXYYQZZ,thumbnail,0,https://m.media-amazon.com/images/I/71ubSYdeEeL._AC_SY300_SX300_QL70_ML2_.jpg
B0D2PSLT9F,thumbnail,0,https://m.media-amazon.com/images/I/61zGtLGmAcL._AC_SY300_SX300_QL70_ML2_.jpg
B0CTSXTGPF,thumbnail,0,https://m.media-amazon.com/images/I/614cTR-oqoL._AC_SY300_SX300_QL70_ML2_.jpg
B0GWM467TJ,thumbnail,0,https://m.media-amazon.com/images/I/819wHwl5CHL._AC_SY300_SX300_QL70_ML2_.jpg
B08QM8VTMW,thumbnail,0,https://m.media-amazon.com/images/I/81N3UJM9X1L._AC_SY300_SX300_QL70_ML2_.jpg
B08GYPL6X9,thumbnail,0,https://m.media-amazon.com/images/I/71N99Vn9rBL._AC_SY300_SX300_QL70_ML2_.jpg
B0GHWMPHZZ,thumbnail,0,https://m.media-amazon.com/images/I/71JnfuQ+6EL._AC_SY300_SX300_QL70_ML2_.jpg
B0F8N5NND2,thumbnail,0,https://m.media-amazon.com/images/I/717NWJulYPL._AC_SY300_SX300_QL70_ML2_.jpg
B08H254XCB,thumbnail,0,https://m.media-amazon.com/images/I/81iD7J4EuXL._AC_SY300_SX300_QL70_ML2_.jpg
B0C7KC7R6Y,thumbnail,0,https://m.media-amazon.com/images/I/71bfbAh6c2L._AC_SY300_SX300_QL70_ML2_.jpg
B079DT9THL,thumbnail,0,https://m.media-amazon.com/images/I/61Xyph9sPFL._AC_SY300_SX300_QL70_ML2_.jpg
B0CP26X29W,thumbnail,0,https://m.media-amazon.com/images/I/518VhQbBE+L._AC_SY300_SX300_QL70_ML2_.jpg
B0CV52J8FT,thumbnail,0,https://m.media-amazon.com/images/I/61hl2+4j27L._AC_SY300_SX300_QL70_ML2_.jpg
B0DXKPFSVL,thumbnail,0,https://m.media-amazon.com/images/I/71lMlx6C5ML._AC_SY300_SX300_QL70_ML2_.jpg
B094CCD82B,thumbnail,0,https://m.media-amazon.com/images/I/91-tTK8buOL._AC_SY300_SX300_QL70_ML2_.jpg
B0C4LFRBDB,thumbnail,0,https://m.media-amazon.com/images/I/71lYjOxxBcL._AC_SY300_SX300_QL70_ML2_.jpg
B0C26WMM1T,thumbnail,0,https://m.media-amazon.com/images/I/71vVgDCnHgL._AC_SY300_SX300_QL70_ML2_.jpg
B0GVY9DP57,thumbnail,0,https://m.media-amazon.com/images/I/81ivWpwmXeL._AC_SY300_SX300_QL70_ML2_.jpg
B085J2L82B,thumbnail,0,https://m.media-amazon.com/images/I/61CClU3Af-L._AC_SY300_SX300_QL70_ML2_.jpg
B0FRSHGBY3,thumbnail,0,https://m.media-amazon.com/images/I/61OkDB3VjkL._AC_SY300_SX300_QL70_ML2_.jpg
B0FGXXVF7J,thumbnail,0,https://m.media-amazon.com/images/I/81rzyCw+hiL._AC_SY300_SX300_QL70_ML2_.jpg
B0H3P53ZL9,thumbnail,0,https://m.media-amazon.com/images/I/81rf2pXsv+L._AC_SY300_SX300_QL70_ML2_.jpg
B0GT4K1VS8,thumbnail,0,https://m.media-amazon.com/images/I/81pZS+wliFL._AC_SY300_SX300_QL70_ML2_.jpg
B0BF46JJB8,thumbnail,0,https://m.media-amazon.com/images/I/61j1lzGkbmL._AC_SY300_SX300_QL70_ML2_.jpg
B0DNN6PJ6P,thumbnail,0,https://m.media-amazon.com/images/I/71kpONQFZaL._AC_SY300_SX300_QL70_ML2_.jpg
B0DS21J9RG,thumbnail,0,https://m.media-amazon.com/images/I/81qZwAzwFJL._AC_SY300_SX300_QL70_ML2_.jpg
B0CL9XMM7Y,thumbnail,0,https://m.media-amazon.com/images/I/61kcjTpu7qL._AC_SY300_SX300_QL70_ML2_.jpg
B0CX8TRVSS,thumbnail,0,https://m.media-amazon.com/images/I/61pENh8MXhL._AC_SY300_SX300_QL70_ML2_.jpg
B07DGPWLX2,thumbnail,0,https://m.media-amazon.com/images/I/71zb2RoMnRL._AC_SY300_SX300_QL70_ML2_.jpg
B0811RBBY7,thumbnail,0,https://m.media-amazon.com/images/I/61UdFpr6A9L._AC_SY300_SX300_QL70_ML2_.jpg
B0CFL7Q3G4,thumbnail,0,https://m.media-amazon.com/images/I/71CL2n0TLuL._AC_SY300_SX300_QL70_ML2_.jpg
B00I0UOESG,thumbnail,0,https://m.media-amazon.com/images/I/61+hdYKbJ3L._AC_SX300_SY300_QL70_ML2_.jpg
B0D53DDQFD,thumbnail,0,https://m.media-amazon.com/images/I/71wKRVjzjHL._AC_SY300_SX300_QL70_ML2_.jpg
B0DDC1C1GN,thumbnail,0,https://m.media-amazon.com/images/I/81AtQ7fWIrL._AC_SY300_SX300_QL70_ML2_.jpg
B0H29F2KQB,thumbnail,0,https://m.media-amazon.com/images/I/91CNiRbqtnL._AC_SY300_SX300_QL70_ML2_.jpg
B0GZKBLVWV,thumbnail,0,https://m.media-amazon.com/images/I/71aRENCz9SL._AC_SY300_SX300_QL70_ML2_.jpg
B0GMPX8YJG,thumbnail,0,https://m.media-amazon.com/images/I/81HsG3tsPOL._AC_SY300_SX300_QL70_ML2_.jpg
